u,phi,delta_phi,microstep
0.0,2.2244466688911134e-05,0.0,-1
0.0004004004004004004,4.448893337782227e-05,2.2244466688911134e-05,0
0.0008008008008008008,6.67334000667334e-05,2.2244466688911134e-05,1
0.0012012012012012011,6.67334000667334e-05,0.0,2
0.0016016016016016017,8.897786675564454e-05,2.2244466688911134e-05,3
0.002002002002002002,0.00011122233344455567,2.2244466688911134e-05,4
0.0024024024024024023,0.0001334668001334668,2.2244466688911134e-05,5
0.0028028028028028026,0.00015571126682237794,2.2244466688911134e-05,6
0.0032032032032032033,0.00017795573351128907,2.2244466688911134e-05,7
0.0036036036036036037,0.0002002002002002002,2.2244466688911134e-05,8
0.004004004004004004,0.0002002002002002002,0.0,9
0.004404404404404405,0.0002002002002002002,0.0,10
0.004804804804804805,0.00022244466688911134,2.2244466688911134e-05,11
0.005205205205205205,0.0002669336002669336,4.448893337782227e-05,12
0.005605605605605605,0.0002669336002669336,0.0,13
0.006006006006006006,0.0002669336002669336,0.0,14
0.006406406406406407,0.00028917806695584475,2.2244466688911134e-05,15
0.006806806806806807,0.00028917806695584475,0.0,16
0.007207207207207207,0.00028917806695584475,0.0,17
0.007607607607607607,0.00028917806695584475,0.0,18
0.008008008008008008,0.00028917806695584475,0.0,19
0.008408408408408409,0.00028917806695584475,0.0,20
0.00880880880880881,0.00028917806695584475,0.0,21
0.009209209209209208,0.00028917806695584475,0.0,22
0.00960960960960961,0.00028917806695584475,0.0,23
0.01001001001001001,0.00028917806695584475,0.0,24
0.01041041041041041,0.00028917806695584475,0.0,25
0.010810810810810811,0.00028917806695584475,0.0,26
0.01121121121121121,0.00028917806695584475,0.0,27
0.011611611611611611,0.00028917806695584475,0.0,28
0.012012012012012012,0.00028917806695584475,0.0,29
0.012412412412412413,0.00028917806695584475,0.0,30
0.012812812812812813,0.00028917806695584475,0.0,31
0.013213213213213212,0.00028917806695584475,0.0,32
0.013613613613613613,0.00028917806695584475,0.0,33
0.014014014014014014,0.00028917806695584475,0.0,34
0.014414414414414415,0.00028917806695584475,0.0,35
0.014814814814814815,0.00028917806695584475,0.0,36
0.015215215215215214,0.00028917806695584475,0.0,37
0.015615615615615615,0.00028917806695584475,0.0,38
0.016016016016016016,0.00028917806695584475,0.0,39
0.016416416416416415,0.00028917806695584475,0.0,40
0.016816816816816817,0.00028917806695584475,0.0,41
0.017217217217217216,0.00028917806695584475,0.0,42
0.01761761761761762,0.00028917806695584475,0.0,43
0.018018018018018018,0.00028917806695584475,0.0,44
0.018418418418418417,0.0003114225336447559,2.2244466688911134e-05,45
0.01881881881881882,0.0003114225336447559,0.0,46
0.01921921921921922,0.000333667000333667,2.2244466688911134e-05,47
0.01961961961961962,0.000333667000333667,0.0,48
0.02002002002002002,0.000333667000333667,0.0,49
0.02042042042042042,0.000333667000333667,0.0,50
0.02082082082082082,0.000333667000333667,0.0,51
0.02122122122122122,0.000333667000333667,0.0,52
0.021621621621621623,0.000333667000333667,0.0,53
0.022022022022022022,0.000333667000333667,0.0,54
0.02242242242242242,0.000333667000333667,0.0,55
0.022822822822822823,0.000333667000333667,0.0,56
0.023223223223223222,0.000333667000333667,0.0,57
0.023623623623623625,0.000333667000333667,0.0,58
0.024024024024024024,0.000333667000333667,0.0,59
0.024424424424424423,0.000333667000333667,0.0,60
0.024824824824824825,0.000333667000333667,0.0,61
0.025225225225225224,0.000333667000333667,0.0,62
0.025625625625625627,0.000333667000333667,0.0,63
0.026026026026026026,0.000333667000333667,0.0,64
0.026426426426426425,0.000333667000333667,0.0,65
0.026826826826826827,0.000333667000333667,0.0,66
0.027227227227227226,0.000333667000333667,0.0,67
0.02762762762762763,0.000333667000333667,0.0,68
0.028028028028028028,0.00035591146702257815,2.2244466688911134e-05,69
0.028428428428428427,0.0003781559337114893,2.2244466688911134e-05,70
0.02882882882882883,0.0003781559337114893,0.0,71
0.02922922922922923,0.0003781559337114893,0.0,72
0.02962962962962963,0.0003781559337114893,0.0,73
0.03003003003003003,0.0003781559337114893,0.0,74
0.03043043043043043,0.0003781559337114893,0.0,75
0.03083083083083083,0.0003781559337114893,0.0,76
0.03123123123123123,0.0003781559337114893,0.0,77
0.03163163163163163,0.0003781559337114893,0.0,78
0.03203203203203203,0.0003781559337114893,0.0,79
0.032432432432432434,0.0003781559337114893,0.0,80
0.03283283283283283,0.0003781559337114893,0.0,81
0.03323323323323323,0.0003781559337114893,0.0,82
0.033633633633633635,0.0003781559337114893,0.0,83
0.03403403403403404,0.0003781559337114893,0.0,84
0.03443443443443443,0.0003781559337114893,0.0,85
0.034834834834834835,0.0003781559337114893,0.0,86
0.03523523523523524,0.0003781559337114893,0.0,87
0.03563563563563563,0.0003781559337114893,0.0,88
0.036036036036036036,0.0003781559337114893,0.0,89
0.03643643643643644,0.0003781559337114893,0.0,90
0.036836836836836834,0.0003781559337114893,0.0,91
0.037237237237237236,0.0003781559337114893,0.0,92
0.03763763763763764,0.0003781559337114893,0.0,93
0.03803803803803804,0.0003781559337114893,0.0,94
0.03843843843843844,0.0003781559337114893,0.0,95
0.03883883883883884,0.0003781559337114893,0.0,96
0.03923923923923924,0.0004004004004004004,2.2244466688911134e-05,97
0.03963963963963964,0.0004004004004004004,0.0,98
0.04004004004004004,0.0004004004004004004,0.0,99
0.04044044044044044,0.0004004004004004004,0.0,100
0.04084084084084084,0.0004004004004004004,0.0,101
0.04124124124124124,0.0004004004004004004,0.0,102
0.04164164164164164,0.0004004004004004004,0.0,103
0.042042042042042045,0.0004004004004004004,0.0,104
0.04244244244244244,0.0004004004004004004,0.0,105
0.04284284284284284,0.0004004004004004004,0.0,106
0.043243243243243246,0.0004448893337782227,4.448893337782227e-05,107
0.04364364364364364,0.0004448893337782227,0.0,108
0.044044044044044044,0.0004448893337782227,0.0,109
0.044444444444444446,0.0004448893337782227,0.0,110
0.04484484484484484,0.0004448893337782227,0.0,111
0.045245245245245244,0.0004448893337782227,0.0,112
0.04564564564564565,0.0004448893337782227,0.0,113
0.04604604604604605,0.0004448893337782227,0.0,114
0.046446446446446445,0.0004448893337782227,0.0,115
0.04684684684684685,0.0004448893337782227,0.0,116
0.04724724724724725,0.0004448893337782227,0.0,117
0.047647647647647645,0.0004448893337782227,0.0,118
0.04804804804804805,0.0004448893337782227,0.0,119
0.04844844844844845,0.0004448893337782227,0.0,120
0.048848848848848846,0.0004448893337782227,0.0,121
0.04924924924924925,0.0004448893337782227,0.0,122
0.04964964964964965,0.0004448893337782227,0.0,123
0.05005005005005005,0.0004448893337782227,0.0,124
0.05045045045045045,0.0004448893337782227,0.0,125
0.05085085085085085,0.0004448893337782227,0.0,126
0.051251251251251254,0.0004448893337782227,0.0,127
0.05165165165165165,0.0004448893337782227,0.0,128
0.05205205205205205,0.0004671338004671338,2.2244466688911134e-05,129
0.052452452452452454,0.0004671338004671338,0.0,130
0.05285285285285285,0.0004671338004671338,0.0,131
0.05325325325325325,0.0004671338004671338,0.0,132
0.053653653653653655,0.0004671338004671338,0.0,133
0.05405405405405406,0.0004671338004671338,0.0,134
0.05445445445445445,0.0004671338004671338,0.0,135
0.054854854854854855,0.0004671338004671338,0.0,136
0.05523301078856634,0.0004671338004671338,0.0,137
0.05561116672227783,0.0004671338004671338,0.0,138
0.05598932265598932,0.0004671338004671338,0.0,139
0.056367478589700815,0.0004671338004671338,0.0,140
0.0567456345234123,0.0004671338004671338,0.0,141
0.05712379045712379,0.0004671338004671338,0.0,142
0.05750194639083528,0.0004671338004671338,0.0,143
0.05788010232454677,0.0004671338004671338,0.0,144
0.058258258258258255,0.0004671338004671338,0.0,145
0.05863641419196975,0.0004671338004671338,0.0,146
0.05901457012568124,0.0004671338004671338,0.0,147
0.05939272605939273,0.0004671338004671338,0.0,148
0.059770881993104215,0.0004671338004671338,0.0,149
0.0601490379268157,0.0004671338004671338,0.0,150
0.06052719386052719,0.0004671338004671338,0.0,151
0.060905349794238686,0.0004671338004671338,0.0,152
0.061283505727950174,0.0004671338004671338,0.0,153
0.06166166166166166,0.0004671338004671338,0.0,154
0.06203981759537315,0.0004671338004671338,0.0,155
0.06241797352908464,0.0004671338004671338,0.0,156
0.06279612946279613,0.0004671338004671338,0.0,157
0.06317428539650762,0.0004671338004671338,0.0,158
0.0635524413302191,0.0004671338004671338,0.0,159
0.06393059726393059,0.0004671338004671338,0.0,160
0.0643087531976421,0.0004671338004671338,0.0,161
0.06468690913135358,0.0004671338004671338,0.0,162
0.06506506506506507,0.0004671338004671338,0.0,163
0.06544322099877656,0.0004671338004671338,0.0,164
0.06582137693248805,0.0004671338004671338,0.0,165
0.06619953286619953,0.0004671338004671338,0.0,166
0.06657768879991102,0.0004671338004671338,0.0,167
0.06695584473362251,0.0004671338004671338,0.0,168
0.067334000667334,0.0004671338004671338,0.0,169
0.06771215660104549,0.0004671338004671338,0.0,170
0.06809031253475697,0.0004671338004671338,0.0,171
0.06846846846846846,0.0004671338004671338,0.0,172
0.06884662440217995,0.0004671338004671338,0.0,173
0.06922478033589145,0.0004671338004671338,0.0,174
0.06960293626960294,0.0004671338004671338,0.0,175
0.06998109220331443,0.0004671338004671338,0.0,176
0.07035924813702592,0.0004671338004671338,0.0,177
0.0707374040707374,0.0004671338004671338,0.0,178
0.0711155600044489,0.0004671338004671338,0.0,179
0.07149371593816038,0.000489378267156045,2.2244466688911134e-05,180
0.07187187187187187,0.000511622733844956,2.224446668891108e-05,181
0.07225002780558336,0.0005338672005338672,2.224446668891119e-05,182
0.07262818373929485,0.0005561116672227783,2.224446668891108e-05,183
0.07300633967300633,0.0005783561339116895,2.224446668891119e-05,184
0.07338449560671782,0.0005783561339116895,0.0,185
0.07376265154042932,0.0005783561339116895,0.0,186
0.07414080747414081,0.0005783561339116895,0.0,187
0.0745189634078523,0.0005783561339116895,0.0,188
0.07489711934156379,0.0005783561339116895,0.0,189
0.07527527527527528,0.0005783561339116895,0.0,190
0.07565343120898677,0.0005783561339116895,0.0,191
0.07603158714269825,0.0005783561339116895,0.0,192
0.07640974307640974,0.0005783561339116895,0.0,193
0.07678789901012123,0.0005783561339116895,0.0,194
0.07716605494383272,0.0005783561339116895,0.0,195
0.0775442108775442,0.0005783561339116895,0.0,196
0.0779223668112557,0.0005783561339116895,0.0,197
0.07830052274496718,0.0005783561339116895,0.0,198
0.07867867867867868,0.0005783561339116895,0.0,199
0.07905683461239017,0.0005783561339116895,0.0,200
0.07943499054610166,0.0005783561339116895,0.0,201
0.07981314647981315,0.0005783561339116895,0.0,202
0.08019130241352464,0.0005783561339116895,0.0,203
0.08056945834723613,0.0005783561339116895,0.0,204
0.08094761428094761,0.0005783561339116895,0.0,205
0.0813257702146591,0.0005783561339116895,0.0,206
0.08170392614837059,0.0005783561339116895,0.0,207
0.08208208208208208,0.0005783561339116895,0.0,208
0.08246023801579357,0.0005783561339116895,0.0,209
0.08283839394950505,0.0005783561339116895,0.0,210
0.08321654988321656,0.0005783561339116895,0.0,211
0.08359470581692804,0.0005783561339116895,0.0,212
0.08397286175063953,0.0005783561339116895,0.0,213
0.08435101768435102,0.0005783561339116895,0.0,214
0.08472917361806251,0.0006228450672895118,4.448893337782227e-05,215
0.085107329551774,0.0006228450672895118,0.0,216
0.08548548548548549,0.0006228450672895118,0.0,217
0.08586364141919697,0.0006228450672895118,0.0,218
0.08624179735290846,0.0006228450672895118,0.0,219
0.08661995328661995,0.0006228450672895118,0.0,220
0.08699810922033144,0.0006228450672895118,0.0,221
0.08737626515404293,0.0006228450672895118,0.0,222
0.08775442108775443,0.0006228450672895118,0.0,223
0.08813257702146592,0.0006228450672895118,0.0,224
0.0885107329551774,0.0006228450672895118,0.0,225
0.08888888888888889,0.0006228450672895118,0.0,226
0.08926704482260038,0.0006228450672895118,0.0,227
0.08964520075631187,0.0006228450672895118,0.0,228
0.09002335669002336,0.0006228450672895118,0.0,229
0.09040151262373484,0.0006228450672895118,0.0,230
0.09077966855744633,0.0006228450672895118,0.0,231
0.09115782449115782,0.0006228450672895118,0.0,232
0.09153598042486931,0.0006228450672895118,0.0,233
0.0919141363585808,0.0006228450672895118,0.0,234
0.09229229229229229,0.0006228450672895118,0.0,235
0.09267044822600379,0.0006228450672895118,0.0,236
0.09304860415971528,0.0006228450672895118,0.0,237
0.09342676009342676,0.0006228450672895118,0.0,238
0.09380491602713825,0.0006228450672895118,0.0,239
0.09418307196084974,0.0006228450672895118,0.0,240
0.09456122789456123,0.0006228450672895118,0.0,241
0.09493938382827272,0.0006228450672895118,0.0,242
0.0953175397619842,0.0006228450672895118,0.0,243
0.09569569569569569,0.0006228450672895118,0.0,244
0.09607385162940718,0.0006228450672895118,0.0,245
0.09645200756311867,0.0006228450672895118,0.0,246
0.09683016349683016,0.0006228450672895118,0.0,247
0.09720831943054166,0.0006228450672895118,0.0,248
0.09758647536425315,0.0006228450672895118,0.0,249
0.09796463129796464,0.0006228450672895118,0.0,250
0.09834278723167612,0.0006228450672895118,0.0,251
0.09872094316538761,0.0006228450672895118,0.0,252
0.0990990990990991,0.0006450895339784228,2.224446668891108e-05,253
0.09947725503281059,0.000667334000667334,2.224446668891119e-05,254
0.09985541096652208,0.000667334000667334,0.0,255
0.10023356690023356,0.000667334000667334,0.0,256
0.10061172283394505,0.000667334000667334,0.0,257
0.10098987876765654,0.000667334000667334,0.0,258
0.10136803470136803,0.000667334000667334,0.0,259
0.10174619063507953,0.000667334000667334,0.0,260
0.10212434656879102,0.000667334000667334,0.0,261
0.10250250250250251,0.000667334000667334,0.0,262
0.102880658436214,0.000667334000667334,0.0,263
0.10325881436992548,0.000667334000667334,0.0,264
0.10363697030363697,0.000667334000667334,0.0,265
0.10401512623734846,0.000667334000667334,0.0,266
0.10439328217105995,0.000667334000667334,0.0,267
0.10477143810477144,0.000667334000667334,0.0,268
0.10514959403848292,0.000667334000667334,0.0,269
0.10552774997219441,0.000667334000667334,0.0,270
0.1059059059059059,0.0006895784673562451,2.224446668891108e-05,271
0.10628406183961739,0.0006895784673562451,0.0,272
0.10666221777332889,0.0006895784673562451,0.0,273
0.10704037370704038,0.0006895784673562451,0.0,274
0.10741852964075187,0.0006895784673562451,0.0,275
0.10779668557446336,0.0006895784673562451,0.0,276
0.10817484150817484,0.0006895784673562451,0.0,277
0.10855299744188633,0.0006895784673562451,0.0,278
0.10893115337559782,0.0006895784673562451,0.0,279
0.10930930930930931,0.0006895784673562451,0.0,280
0.1096874652430208,0.0006895784673562451,0.0,281
0.11006562117673228,0.0006895784673562451,0.0,282
0.11044377711044377,0.0006895784673562451,0.0,283
0.11079968857746636,0.0006895784673562451,0.0,284
0.11115560004448893,0.0006895784673562451,0.0,285
0.11151151151151151,0.0006895784673562451,0.0,286
0.1118674229785341,0.0006895784673562451,0.0,287
0.11222333444555667,0.0006895784673562451,0.0,288
0.11257924591257924,0.0006895784673562451,0.0,289
0.11293515737960183,0.0006895784673562451,0.0,290
0.1132910688466244,0.0006895784673562451,0.0,291
0.11364698031364698,0.0006895784673562451,0.0,292
0.11400289178066955,0.0006895784673562451,0.0,293
0.11435880324769214,0.0006895784673562451,0.0,294
0.11471471471471471,0.0006895784673562451,0.0,295
0.11507062618173729,0.0006895784673562451,0.0,296
0.11542653764875987,0.0006895784673562451,0.0,297
0.11578244911578245,0.0006895784673562451,0.0,298
0.11613836058280502,0.0006895784673562451,0.0,299
0.11649427204982761,0.0006895784673562451,0.0,300
0.11685018351685018,0.0006895784673562451,0.0,301
0.11720609498387276,0.0006895784673562451,0.0,302
0.11756200645089535,0.0006895784673562451,0.0,303
0.11791791791791792,0.0006895784673562451,0.0,304
0.1182738293849405,0.0006895784673562451,0.0,305
0.11862974085196308,0.0006895784673562451,0.0,306
0.11898565231898565,0.0006895784673562451,0.0,307
0.11934156378600823,0.0006895784673562451,0.0,308
0.1196974752530308,0.0006895784673562451,0.0,309
0.12005338672005339,0.0006895784673562451,0.0,310
0.12040929818707596,0.0006895784673562451,0.0,311
0.12076520965409854,0.0006895784673562451,0.0,312
0.12112112112112113,0.0006895784673562451,0.0,313
0.1214770325881437,0.0006895784673562451,0.0,314
0.12183294405516627,0.0006895784673562451,0.0,315
0.12218885552218886,0.0006895784673562451,0.0,316
0.12254476698921143,0.0006895784673562451,0.0,317
0.12290067845623401,0.0006895784673562451,0.0,318
0.1232565899232566,0.0006895784673562451,0.0,319
0.12361250139027917,0.0006895784673562451,0.0,320
0.12396841285730174,0.0007785563341118896,8.897786675564454e-05,321
0.12432432432432433,0.0007785563341118896,0.0,322
0.1246802357913469,0.0007785563341118896,0.0,323
0.12503614725836948,0.0007785563341118896,0.0,324
0.12539205872539205,0.0007785563341118896,0.0,325
0.12574797019241463,0.0007785563341118896,0.0,326
0.12610388165943723,0.0007785563341118896,0.0,327
0.1264597931264598,0.0007785563341118896,0.0,328
0.12681570459348238,0.0007785563341118896,0.0,329
0.12717161606050495,0.0007785563341118896,0.0,330
0.12752752752752752,0.0007785563341118896,0.0,331
0.1278834389945501,0.0007785563341118896,0.0,332
0.12823935046157267,0.0007785563341118896,0.0,333
0.12859526192859527,0.0007785563341118896,0.0,334
0.12895117339561785,0.0007785563341118896,0.0,335
0.12930708486264042,0.0007785563341118896,0.0,336
0.129662996329663,0.0007785563341118896,0.0,337
0.13001890779668557,0.0007785563341118896,0.0,338
0.13037481926370814,0.0007785563341118896,0.0,339
0.13073073073073074,0.0007785563341118896,0.0,340
0.13108664219775332,0.0007785563341118896,0.0,341
0.1314425536647759,0.0007785563341118896,0.0,342
0.13179846513179846,0.0007785563341118896,0.0,343
0.13215437659882104,0.0007785563341118896,0.0,344
0.1325102880658436,0.0007785563341118896,0.0,345
0.13286619953286619,0.0007785563341118896,0.0,346
0.1332221109998888,0.0007785563341118896,0.0,347
0.13357802246691136,0.0007785563341118896,0.0,348
0.13393393393393394,0.0007785563341118896,0.0,349
0.1342898454009565,0.0007785563341118896,0.0,350
0.13464575686797908,0.0007785563341118896,0.0,351
0.13500166833500166,0.0007785563341118896,0.0,352
0.13535757980202426,0.0007785563341118896,0.0,353
0.13571349126904683,0.0007785563341118896,0.0,354
0.1360694027360694,0.0007785563341118896,0.0,355
0.13642531420309198,0.0007785563341118896,0.0,356
0.13678122567011455,0.0007785563341118896,0.0,357
0.13713713713713713,0.0007785563341118896,0.0,358
0.13749304860415973,0.0007785563341118896,0.0,359
0.1378489600711823,0.0008008008008008008,2.224446668891119e-05,360
0.13820487153820488,0.0008230452674897119,2.224446668891108e-05,361
0.13856078300522745,0.0008230452674897119,0.0,362
0.13891669447225002,0.0008230452674897119,0.0,363
0.1392726059392726,0.0008230452674897119,0.0,364
0.13962851740629517,0.0008230452674897119,0.0,365
0.13998442887331777,0.0008230452674897119,0.0,366
0.14034034034034035,0.0008230452674897119,0.0,367
0.14069625180736292,0.0008230452674897119,0.0,368
0.1410521632743855,0.0010899788677566455,0.0002669336002669336,369
0.14140807474140807,0.0012234456678901122,0.0001334668001334667,370
0.14176398620843064,0.0014903792681570458,0.0002669336002669336,371
0.14211989767545324,0.0016238460682905128,0.00013346680013346691,372
0.14247580914247582,0.0016460905349794238,2.224446668891108e-05,373
0.1428317206094984,0.001668335001668335,2.224446668891108e-05,374
0.14318763207652097,0.0016905794683572462,2.2244466688911297e-05,375
0.14354354354354354,0.0017128239350461573,2.224446668891108e-05,376
0.1438994550105661,0.0017350684017350684,2.224446668891108e-05,377
0.1442553664775887,0.0017573128684239795,2.224446668891108e-05,378
0.1446112779446113,0.0017573128684239795,0.0,379
0.14496718941163386,0.0017573128684239795,0.0,380
0.14532310087865644,0.0017795573351128907,2.2244466688911297e-05,381
0.145679012345679,0.0017795573351128907,0.0,382
0.14603492381270158,0.0017795573351128907,0.0,383
0.14639083527972416,0.0017795573351128907,0.0,384
0.14674674674674676,0.0017795573351128907,0.0,385
0.14710265821376933,0.0017795573351128907,0.0,386
0.1474585696807919,0.0017795573351128907,0.0,387
0.14781448114781448,0.0017795573351128907,0.0,388
0.14817039261483705,0.0017795573351128907,0.0,389
0.14852630408185963,0.0017795573351128907,0.0,390
0.1488822155488822,0.0017795573351128907,0.0,391
0.1492381270159048,0.0018018018018018018,2.224446668891108e-05,392
0.14959403848292738,0.001824046268490713,2.224446668891108e-05,393
0.14994994994994995,0.001824046268490713,0.0,394
0.15030586141697252,0.001824046268490713,0.0,395
0.1506617728839951,0.001824046268490713,0.0,396
0.15101768435101767,0.001824046268490713,0.0,397
0.15137359581804027,0.001824046268490713,0.0,398
0.15172950728506285,0.001824046268490713,0.0,399
0.15208541875208542,0.001824046268490713,0.0,400
0.152441330219108,0.001824046268490713,0.0,401
0.15279724168613057,0.001824046268490713,0.0,402
0.15315315315315314,0.001824046268490713,0.0,403
0.15350906462017574,0.001824046268490713,0.0,404
0.15386497608719832,0.001824046268490713,0.0,405
0.1542208875542209,0.001824046268490713,0.0,406
0.15457679902124347,0.001824046268490713,0.0,407
0.15493271048826604,0.001824046268490713,0.0,408
0.1552886219552886,0.001824046268490713,0.0,409
0.1556445334223112,0.001824046268490713,0.0,410
0.1560004448893338,0.001824046268490713,0.0,411
0.15635635635635636,0.001824046268490713,0.0,412
0.15671226782337894,0.001824046268490713,0.0,413
0.1570681792904015,0.001824046268490713,0.0,414
0.15742409075742408,0.001824046268490713,0.0,415
0.15778000222444666,0.001824046268490713,0.0,416
0.15813591369146926,0.001824046268490713,0.0,417
0.15849182515849183,0.001824046268490713,0.0,418
0.1588477366255144,0.001824046268490713,0.0,419
0.15920364809253698,0.001824046268490713,0.0,420
0.15955955955955956,0.001824046268490713,0.0,421
0.15991547102658213,0.001824046268490713,0.0,422
0.1602713824936047,0.001824046268490713,0.0,423
0.1606272939606273,0.001824046268490713,0.0,424
0.16098320542764988,0.001824046268490713,0.0,425
0.16133911689467245,0.001824046268490713,0.0,426
0.16169502836169503,0.001824046268490713,0.0,427
0.1620509398287176,0.001824046268490713,0.0,428
0.16240685129574017,0.001824046268490713,0.0,429
0.16276276276276277,0.001824046268490713,0.0,430
0.16311867422978535,0.001824046268490713,0.0,431
0.16347458569680792,0.001824046268490713,0.0,432
0.1638304971638305,0.001824046268490713,0.0,433
0.16418640863085307,0.001824046268490713,0.0,434
0.16454232009787564,0.001824046268490713,0.0,435
0.16489823156489822,0.001824046268490713,0.0,436
0.16525414303192082,0.001824046268490713,0.0,437
0.1656100544989434,0.001824046268490713,0.0,438
0.16596596596596597,0.001824046268490713,0.0,439
0.16629963296629963,0.001824046268490713,0.0,440
0.1666332999666333,0.001824046268490713,0.0,441
0.16696696696696697,0.001824046268490713,0.0,442
0.16730063396730063,0.001824046268490713,0.0,443
0.1676343009676343,0.001824046268490713,0.0,444
0.16796796796796798,0.001824046268490713,0.0,445
0.16830163496830164,0.001824046268490713,0.0,446
0.1686353019686353,0.001824046268490713,0.0,447
0.16896896896896896,0.001824046268490713,0.0,448
0.16930263596930265,0.001824046268490713,0.0,449
0.1696363029696363,0.001824046268490713,0.0,450
0.16996996996996996,0.001824046268490713,0.0,451
0.17030363697030362,0.001824046268490713,0.0,452
0.1706373039706373,0.001824046268490713,0.0,453
0.17097097097097097,0.001824046268490713,0.0,454
0.17130463797130463,0.001824046268490713,0.0,455
0.17163830497163832,0.001824046268490713,0.0,456
0.17197197197197198,0.001824046268490713,0.0,457
0.17230563897230564,0.001824046268490713,0.0,458
0.1726393059726393,0.001824046268490713,0.0,459
0.17297297297297298,0.001824046268490713,0.0,460
0.17330663997330664,0.001824046268490713,0.0,461
0.1736403069736403,0.001824046268490713,0.0,462
0.17397397397397396,0.001824046268490713,0.0,463
0.17430764097430765,0.001824046268490713,0.0,464
0.1746413079746413,0.001824046268490713,0.0,465
0.17497497497497497,0.001824046268490713,0.0,466
0.17530864197530865,0.001824046268490713,0.0,467
0.17564230897564231,0.001824046268490713,0.0,468
0.17597597597597597,0.001824046268490713,0.0,469
0.17630964297630963,0.001824046268490713,0.0,470
0.17664330997664332,0.001824046268490713,0.0,471
0.17697697697697698,0.001824046268490713,0.0,472
0.17731064397731064,0.001824046268490713,0.0,473
0.1776443109776443,0.001824046268490713,0.0,474
0.17797797797797799,0.001824046268490713,0.0,475
0.17831164497831165,0.001824046268490713,0.0,476
0.1786453119786453,0.001824046268490713,0.0,477
0.178978978978979,0.001824046268490713,0.0,478
0.17931264597931265,0.001824046268490713,0.0,479
0.1796463129796463,0.001824046268490713,0.0,480
0.17997997997997997,0.001824046268490713,0.0,481
0.18031364698031366,0.001824046268490713,0.0,482
0.18064731398064732,0.001824046268490713,0.0,483
0.18098098098098098,0.001824046268490713,0.0,484
0.18131464798131464,0.001846290735179624,2.224446668891108e-05,485
0.18164831498164832,0.0018685352018685353,2.2244466688911297e-05,486
0.18198198198198198,0.0018907796685574464,2.224446668891108e-05,487
0.18231564898231564,0.0019130241352463574,2.224446668891108e-05,488
0.18264931598264933,0.0019352686019352685,2.224446668891108e-05,489
0.182982982982983,0.00195751306862418,2.2244466688911297e-05,490
0.18331664998331665,0.0019797575353130907,2.2244466688910863e-05,491
0.1836503169836503,0.002002002002002002,2.2244466688911297e-05,492
0.183983983983984,0.0020242464686909133,2.2244466688911297e-05,493
0.18431765098431765,0.002046490935379824,2.2244466688910863e-05,494
0.18465131798465131,0.0020687354020687354,2.2244466688911297e-05,495
0.18498498498498497,0.0020909798687576467,2.2244466688911297e-05,496
0.18531865198531866,0.0021132243354465576,2.2244466688910863e-05,497
0.18565231898565232,0.002135468802135469,2.2244466688911297e-05,498
0.18598598598598598,0.0021577132688243798,2.2244466688910863e-05,499
0.18631965298631964,0.0022244466688911132,6.673340006673346e-05,500
0.18665331998665333,0.0022466911355800245,2.2244466688911297e-05,501
0.18698698698698699,0.002513624735846958,0.0002669336002669334,502
0.18732065398732065,0.0027138249360471583,0.00020020020020020037,503
0.18765432098765433,0.0027805583361138917,6.673340006673346e-05,504
0.187987987987988,0.0028028028028028026,2.2244466688910863e-05,505
0.18832165498832165,0.002825047269491714,2.2244466688911297e-05,506
0.1886553219886553,0.002847291736180625,2.2244466688911297e-05,507
0.188988988988989,0.002869536202869536,2.2244466688910863e-05,508
0.18932265598932266,0.0028917806695584474,2.2244466688911297e-05,509
0.18965632298965632,0.0029140251362473587,2.2244466688911297e-05,510
0.18998998998998998,0.0029362696029362695,2.2244466688910863e-05,511
0.19032365699032366,0.002958514069625181,2.2244466688911297e-05,512
0.19065732399065732,0.0029807585363140917,2.2244466688910863e-05,513
0.19099099099099098,0.003003003003003003,2.2244466688911297e-05,514
0.19132465799132467,0.0030252474696919143,2.2244466688911297e-05,515
0.19165832499165833,0.0030252474696919143,0.0,516
0.191991991991992,0.0030252474696919143,0.0,517
0.19232565899232565,0.0030252474696919143,0.0,518
0.19265932599265934,0.0030252474696919143,0.0,519
0.192992992992993,0.0030252474696919143,0.0,520
0.19332665999332665,0.0030252474696919143,0.0,521
0.19366032699366031,0.0030252474696919143,0.0,522
0.193993993993994,0.0030252474696919143,0.0,523
0.19432766099432766,0.0030252474696919143,0.0,524
0.19466132799466132,0.0030252474696919143,0.0,525
0.194994994994995,0.0030252474696919143,0.0,526
0.19532866199532867,0.0030252474696919143,0.0,527
0.19566232899566233,0.0030252474696919143,0.0,528
0.195995995995996,0.003047491936380825,2.2244466688910863e-05,529
0.19632966299632967,0.003047491936380825,0.0,530
0.19666332999666333,0.003047491936380825,0.0,531
0.196996996996997,0.003047491936380825,0.0,532
0.19733066399733065,0.003047491936380825,0.0,533
0.19766433099766434,0.003047491936380825,0.0,534
0.197997997997998,0.0030919808697586477,4.4488933377822594e-05,535
0.19833166499833166,0.0031142253364475586,2.2244466688910863e-05,536
0.19866533199866535,0.0031587142698253808,4.448893337782216e-05,537
0.198998998998999,0.0032032032032032033,4.4488933377822594e-05,538
0.19933266599933266,0.0032032032032032033,0.0,539
0.19966633299966632,0.0032032032032032033,0.0,540
0.2,0.0032032032032032033,0.0,541
0.20033366700033367,0.0032032032032032033,0.0,542
0.20066733400066733,0.0032032032032032033,0.0,543
0.201001001001001,0.0032032032032032033,0.0,544
0.20133466800133468,0.0032032032032032033,0.0,545
0.20166833500166834,0.0032032032032032033,0.0,546
0.202002002002002,0.0032032032032032033,0.0,547
0.20233566900233566,0.0032032032032032033,0.0,548
0.20266933600266934,0.0032032032032032033,0.0,549
0.203003003003003,0.0032032032032032033,0.0,550
0.20333667000333666,0.0032032032032032033,0.0,551
0.20367033700367035,0.0032032032032032033,0.0,552
0.204004004004004,0.0032032032032032033,0.0,553
0.20433767100433767,0.0032032032032032033,0.0,554
0.20467133800467133,0.0032032032032032033,0.0,555
0.20500500500500501,0.0032032032032032033,0.0,556
0.20533867200533867,0.0032032032032032033,0.0,557
0.20567233900567233,0.0032032032032032033,0.0,558
0.206006006006006,0.0032032032032032033,0.0,559
0.20633967300633968,0.0032032032032032033,0.0,560
0.20667334000667334,0.0032032032032032033,0.0,561
0.207007007007007,0.0032032032032032033,0.0,562
0.2073406740073407,0.0032032032032032033,0.0,563
0.20767434100767435,0.0032032032032032033,0.0,564
0.208008008008008,0.0032032032032032033,0.0,565
0.20834167500834166,0.0032032032032032033,0.0,566
0.20867534200867535,0.0032032032032032033,0.0,567
0.209009009009009,0.0032032032032032033,0.0,568
0.20934267600934267,0.0032032032032032033,0.0,569
0.20967634300967633,0.0032032032032032033,0.0,570
0.21001001001001002,0.0032032032032032033,0.0,571
0.21034367701034368,0.0032032032032032033,0.0,572
0.21067734401067734,0.0032032032032032033,0.0,573
0.21101101101101102,0.0032032032032032033,0.0,574
0.21134467801134468,0.0032032032032032033,0.0,575
0.21167834501167834,0.0032032032032032033,0.0,576
0.212012012012012,0.0032032032032032033,0.0,577
0.2123456790123457,0.0032032032032032033,0.0,578
0.21267934601267935,0.0032032032032032033,0.0,579
0.213013013013013,0.0032032032032032033,0.0,580
0.21334668001334667,0.0032032032032032033,0.0,581
0.21368034701368036,0.0032032032032032033,0.0,582
0.21401401401401401,0.0032032032032032033,0.0,583
0.21434768101434767,0.0032032032032032033,0.0,584
0.21468134801468136,0.0032032032032032033,0.0,585
0.21501501501501502,0.0032032032032032033,0.0,586
0.21534868201534868,0.0032032032032032033,0.0,587
0.21568234901568234,0.0032032032032032033,0.0,588
0.21601601601601603,0.0032032032032032033,0.0,589
0.2163496830163497,0.0032032032032032033,0.0,590
0.21668335001668335,0.0032032032032032033,0.0,591
0.217017017017017,0.0032032032032032033,0.0,592
0.2173506840173507,0.0032032032032032033,0.0,593
0.21768435101768435,0.0032032032032032033,0.0,594
0.218018018018018,0.0032032032032032033,0.0,595
0.2183516850183517,0.0032032032032032033,0.0,596
0.21868535201868536,0.0032032032032032033,0.0,597
0.21901901901901902,0.0032032032032032033,0.0,598
0.21935268601935268,0.0032032032032032033,0.0,599
0.21968635301968636,0.0032032032032032033,0.0,600
0.22002002002002002,0.0032032032032032033,0.0,601
0.22035368702035368,0.0032032032032032033,0.0,602
0.22068735402068734,0.0032032032032032033,0.0,603
0.22102102102102103,0.0032032032032032033,0.0,604
0.2213546880213547,0.0032032032032032033,0.0,605
0.22168835502168835,0.0032032032032032033,0.0,606
0.22199977755533312,0.0032032032032032033,0.0,607
0.22231120008897787,0.0032032032032032033,0.0,608
0.2226226226226226,0.0032032032032032033,0.0,609
0.22293404515626739,0.0032032032032032033,0.0,610
0.22324546768991213,0.0032032032032032033,0.0,611
0.2235568902235569,0.0032032032032032033,0.0,612
0.22386831275720165,0.0032032032032032033,0.0,613
0.2241797352908464,0.0032032032032032033,0.0,614
0.22449115782449117,0.0032032032032032033,0.0,615
0.2248025803581359,0.0032032032032032033,0.0,616
0.22511400289178066,0.0032032032032032033,0.0,617
0.22542542542542543,0.0032032032032032033,0.0,618
0.22573684795907017,0.0032032032032032033,0.0,619
0.22604827049271495,0.0032032032032032033,0.0,620
0.2263596930263597,0.0032032032032032033,0.0,621
0.22667111556000444,0.0032032032032032033,0.0,622
0.2269825380936492,0.0032032032032032033,0.0,623
0.22729396062729396,0.0032032032032032033,0.0,624
0.22760538316093873,0.0032032032032032033,0.0,625
0.22791680569458347,0.0032032032032032033,0.0,626
0.22822822822822822,0.0032032032032032033,0.0,627
0.228539650761873,0.0032032032032032033,0.0,628
0.22885107329551774,0.0032032032032032033,0.0,629
0.22916249582916248,0.0032032032032032033,0.0,630
0.22947391836280726,0.0032032032032032033,0.0,631
0.229785340896452,0.0032032032032032033,0.0,632
0.23009676343009677,0.0032032032032032033,0.0,633
0.23040818596374152,0.0032032032032032033,0.0,634
0.23071960849738626,0.0032032032032032033,0.0,635
0.23103103103103104,0.0032032032032032033,0.0,636
0.23134245356467578,0.0032032032032032033,0.0,637
0.23165387609832055,0.0032032032032032033,0.0,638
0.2319652986319653,0.004404404404404405,0.0012012012012012014,639
0.23227672116561005,0.004426648871093316,2.2244466688910863e-05,640
0.23258814369925482,0.0044488933377822264,2.2244466688910863e-05,641
0.23289956623289956,0.004471137804471138,2.224446668891173e-05,642
0.23321098876654434,0.004493382271160049,2.2244466688910863e-05,643
0.23352241130018908,0.00451562673784896,2.2244466688910863e-05,644
0.23383383383383383,0.004537871204537872,2.224446668891173e-05,645
0.2341452563674786,0.0045601156712267825,2.2244466688910863e-05,646
0.23445667890112334,0.004604604604604604,4.448893337782173e-05,647
0.2347681014347681,0.004626849071293516,2.224446668891173e-05,648
0.23507952396841286,0.004649093537982427,2.2244466688910863e-05,649
0.2353909465020576,0.004671338004671338,2.2244466688910863e-05,650
0.23570236903570238,0.004693582471360249,2.224446668891173e-05,651
0.23601379156934713,0.00471582693804916,2.2244466688910863e-05,652
0.23632521410299187,0.004738071404738071,2.2244466688910863e-05,653
0.23663663663663664,0.004760315871426983,2.224446668891173e-05,654
0.2369480591702814,0.004782560338115894,2.2244466688910863e-05,655
0.23725948170392616,0.004804804804804805,2.2244466688910863e-05,656
0.2375709042375709,0.004827049271493716,2.224446668891173e-05,657
0.23788232677121565,0.004849293738182627,2.2244466688910863e-05,658
0.23819374930486042,0.004871538204871538,2.2244466688910863e-05,659
0.23850517183850517,0.004893782671560449,2.2244466688910863e-05,660
0.23881659437214992,0.004916027138249361,2.224446668891173e-05,661
0.2391280169057947,0.0049382716049382715,2.2244466688910863e-05,662
0.23943943943943943,0.004960516071627182,2.2244466688910863e-05,663
0.2397508619730842,0.004960516071627182,0.0,664
0.24006228450672895,0.005005005005005005,4.4488933377822594e-05,665
0.2403737070403737,0.005027249471693916,2.2244466688910863e-05,666
0.24068512957401847,0.005071738405071738,4.4488933377822594e-05,667
0.24099655210766321,0.005093982871760649,2.2244466688910863e-05,668
0.241307974641308,0.005116227338449561,2.224446668891173e-05,669
0.24161939717495273,0.005116227338449561,0.0,670
0.24193081970859748,0.005116227338449561,0.0,671
0.24224224224224225,0.005116227338449561,0.0,672
0.242553664775887,0.005116227338449561,0.0,673
0.24286508730953174,0.005116227338449561,0.0,674
0.2431765098431765,0.005116227338449561,0.0,675
0.24348793237682126,0.005116227338449561,0.0,676
0.24379935491046603,0.005116227338449561,0.0,677
0.24411077744411078,0.005116227338449561,0.0,678
0.24442219997775552,0.005116227338449561,0.0,679
0.2447336225114003,0.005116227338449561,0.0,680
0.24504504504504504,0.005116227338449561,0.0,681
0.2453564675786898,0.005116227338449561,0.0,682
0.24566789011233456,0.005116227338449561,0.0,683
0.2459793126459793,0.005116227338449561,0.0,684
0.24629073517962408,0.005116227338449561,0.0,685
0.24660215771326882,0.005116227338449561,0.0,686
0.24691358024691357,0.005116227338449561,0.0,687
0.24722500278055834,0.005116227338449561,0.0,688
0.24753642531420308,0.005116227338449561,0.0,689
0.24784784784784786,0.005116227338449561,0.0,690
0.2481592703814926,0.005116227338449561,0.0,691
0.24847069291513735,0.005116227338449561,0.0,692
0.24878211544878212,0.005116227338449561,0.0,693
0.24909353798242687,0.005116227338449561,0.0,694
0.24940496051607164,0.005116227338449561,0.0,695
0.24971638304971638,0.005116227338449561,0.0,696
0.25002780558336113,0.005116227338449561,0.0,697
0.2503392281170059,0.005116227338449561,0.0,698
0.2506506506506507,0.005116227338449561,0.0,699
0.2509620731842954,0.005116227338449561,0.0,700
0.25127349571794017,0.005116227338449561,0.0,701
0.2515849182515849,0.005116227338449561,0.0,702
0.25189634078522966,0.005116227338449561,0.0,703
0.25220776331887446,0.005116227338449561,0.0,704
0.2525191858525192,0.005116227338449561,0.0,705
0.25283060838616395,0.005116227338449561,0.0,706
0.2531420309198087,0.005116227338449561,0.0,707
0.25345345345345344,0.005116227338449561,0.0,708
0.2537648759870982,0.005116227338449561,0.0,709
0.254076298520743,0.005116227338449561,0.0,710
0.2543877210543877,0.005116227338449561,0.0,711
0.2546991435880325,0.005116227338449561,0.0,712
0.2550105661216772,0.005116227338449561,0.0,713
0.25532198865532196,0.005116227338449561,0.0,714
0.25563341118896676,0.005116227338449561,0.0,715
0.2559448337226115,0.005116227338449561,0.0,716
0.25625625625625625,0.005116227338449561,0.0,717
0.256567678789901,0.005116227338449561,0.0,718
0.25687910132354574,0.005116227338449561,0.0,719
0.25719052385719054,0.005116227338449561,0.0,720
0.2575019463908353,0.005116227338449561,0.0,721
0.25781336892448004,0.005116227338449561,0.0,722
0.2581247914581248,0.005116227338449561,0.0,723
0.2584362139917695,0.005116227338449561,0.0,724
0.2587476365254143,0.005116227338449561,0.0,725
0.25905905905905907,0.005116227338449561,0.0,726
0.2593704815927038,0.005116227338449561,0.0,727
0.25968190412634856,0.005116227338449561,0.0,728
0.2599933266599933,0.005116227338449561,0.0,729
0.2603047491936381,0.005116227338449561,0.0,730
0.26061617172728285,0.005116227338449561,0.0,731
0.2609275942609276,0.005116227338449561,0.0,732
0.26123901679457234,0.005116227338449561,0.0,733
0.2615504393282171,0.005116227338449561,0.0,734
0.2618618618618619,0.005116227338449561,0.0,735
0.26217328439550663,0.005116227338449561,0.0,736
0.2624847069291514,0.005116227338449561,0.0,737
0.2627961294627961,0.005116227338449561,0.0,738
0.26310755199644087,0.005116227338449561,0.0,739
0.2634189745300856,0.005116227338449561,0.0,740
0.2637303970637304,0.005138471805138472,2.2244466688910863e-05,741
0.26404181959737516,0.005160716271827383,2.2244466688910863e-05,742
0.2643532421310199,0.0051829607385162945,2.224446668891173e-05,743
0.26466466466466465,0.005205205205205205,2.2244466688910863e-05,744
0.2649760871983094,0.005227449671894116,2.2244466688910863e-05,745
0.2652875097319542,0.005338672005338672,0.00011122233344455605,746
0.26559893226559894,0.005360916472027583,2.2244466688910863e-05,747
0.2659103547992437,0.005383160938716494,2.2244466688910863e-05,748
0.26622177733288843,0.005427649872094317,4.4488933377822594e-05,749
0.2665331998665332,0.005449894338783227,2.2244466688910863e-05,750
0.266844622400178,0.005472138805472139,2.224446668891173e-05,751
0.2671560449338227,0.00549438327216105,2.2244466688910863e-05,752
0.26746746746746747,0.005627850072294517,0.00013346680013346691,753
0.2677788900011122,0.005650094538983428,2.2244466688910863e-05,754
0.26809031253475696,0.005672339005672339,2.2244466688910863e-05,755
0.26840173506840176,0.00569458347236125,2.224446668891173e-05,756
0.2687131576020465,0.005716827939050161,2.2244466688910863e-05,757
0.26902458013569125,0.005739072405739072,2.2244466688910863e-05,758
0.269336002669336,0.005761316872427984,2.224446668891173e-05,759
0.26964742520298074,0.005783561339116895,2.2244466688910863e-05,760
0.26995884773662554,0.005805805805805806,2.2244466688910863e-05,761
0.2702702702702703,0.005828050272494717,2.224446668891173e-05,762
0.27058169280391503,0.005850294739183628,2.2244466688910863e-05,763
0.2708931153375598,0.005850294739183628,0.0,764
0.2712045378712045,0.005850294739183628,0.0,765
0.2715159604048493,0.005850294739183628,0.0,766
0.27182738293849407,0.005850294739183628,0.0,767
0.2721388054721388,0.005850294739183628,0.0,768
0.27245022800578356,0.005850294739183628,0.0,769
0.2727616505394283,0.005850294739183628,0.0,770
0.27307307307307305,0.005850294739183628,0.0,771
0.27338449560671785,0.005850294739183628,0.0,772
0.2736959181403626,0.005850294739183628,0.0,773
0.27400734067400734,0.005850294739183628,0.0,774
0.2743187632076521,0.005850294739183628,0.0,775
0.27463018574129683,0.005850294739183628,0.0,776
0.27494160827494163,0.005850294739183628,0.0,777
0.2752530308085864,0.005850294739183628,0.0,778
0.2755644533422311,0.005850294739183628,0.0,779
0.27587587587587586,0.005850294739183628,0.0,780
0.2761872984095206,0.005850294739183628,0.0,781
0.2764987209431654,0.005850294739183628,0.0,782
0.27681014347681016,0.005850294739183628,0.0,783
0.2771215660104549,0.005850294739183628,0.0,784
0.27741074407741073,0.005850294739183628,0.0,785
0.27769992214436656,0.005850294739183628,0.0,786
0.27798910021132245,0.005850294739183628,0.0,787
0.2782782782782783,0.005850294739183628,0.0,788
0.2785674563452341,0.005850294739183628,0.0,789
0.27885663441218994,0.005850294739183628,0.0,790
0.2791458124791458,0.005850294739183628,0.0,791
0.27943499054610166,0.005850294739183628,0.0,792
0.2797241686130575,0.005850294739183628,0.0,793
0.2800133466800133,0.005850294739183628,0.0,794
0.2803025247469692,0.005850294739183628,0.0,795
0.28059170281392504,0.005850294739183628,0.0,796
0.28088088088088087,0.005850294739183628,0.0,797
0.2811700589478367,0.005850294739183628,0.0,798
0.2814592370147926,0.005850294739183628,0.0,799
0.2817484150817484,0.005850294739183628,0.0,800
0.28203759314870425,0.005850294739183628,0.0,801
0.2823267712156601,0.005850294739183628,0.0,802
0.28261594928261596,0.005850294739183628,0.0,803
0.2829051273495718,0.005850294739183628,0.0,804
0.2831943054165276,0.005850294739183628,0.0,805
0.28348348348348346,0.005850294739183628,0.0,806
0.28377266155043934,0.005850294739183628,0.0,807
0.2840618396173952,0.005850294739183628,0.0,808
0.284351017684351,0.005850294739183628,0.0,809
0.28464019575130683,0.005850294739183628,0.0,810
0.2849293738182627,0.005850294739183628,0.0,811
0.28521855188521855,0.005850294739183628,0.0,812
0.2855077299521744,0.005850294739183628,0.0,813
0.28579690801913027,0.005850294739183628,0.0,814
0.2860860860860861,0.005850294739183628,0.0,815
0.28637526415304193,0.005850294739183628,0.0,816
0.28666444221999776,0.005850294739183628,0.0,817
0.28695362028695365,0.005850294739183628,0.0,818
0.2872427983539095,0.005850294739183628,0.0,819
0.2875319764208653,0.005850294739183628,0.0,820
0.28782115448782114,0.005850294739183628,0.0,821
0.288110332554777,0.005850294739183628,0.0,822
0.28839951062173286,0.005850294739183628,0.0,823
0.2886886886886887,0.005850294739183628,0.0,824
0.2889778667556445,0.005850294739183628,0.0,825
0.2892670448226004,0.005850294739183628,0.0,826
0.28955622288955624,0.005850294739183628,0.0,827
0.28984540095651207,0.005850294739183628,0.0,828
0.2901345790234679,0.005850294739183628,0.0,829
0.2904237570904238,0.005850294739183628,0.0,830
0.2907129351573796,0.005850294739183628,0.0,831
0.29100211322433545,0.005850294739183628,0.0,832
0.2912912912912913,0.005850294739183628,0.0,833
0.29158046935824716,0.005850294739183628,0.0,834
0.291869647425203,0.005872539205872539,2.2244466688910863e-05,835
0.2921588254921588,0.005894783672561451,2.224446668891173e-05,836
0.29244800355911466,0.005917028139250362,2.2244466688910863e-05,837
0.29273718162607054,0.0059392726059392725,2.2244466688910863e-05,838
0.2930263596930264,0.006161717272828384,0.00022244466688911124,839
0.2933155377599822,0.006517628739850962,0.00035591146702257815,840
0.29360471582693803,0.006584362139917695,6.673340006673346e-05,841
0.2938938938938939,0.006895784673562452,0.0003114225336447564,842
0.29418307196084975,0.006918029140251363,2.2244466688910863e-05,843
0.2944722500278056,0.0069402736069402735,2.2244466688910863e-05,844
0.2947614280947614,0.006962518073629184,2.2244466688910863e-05,845
0.2950506061617173,0.006984762540318096,2.224446668891173e-05,846
0.29533978422867313,0.007007007007007007,2.2244466688910863e-05,847
0.29562896229562896,0.007029251473695918,2.2244466688910863e-05,848
0.2959181403625848,0.00707374040707374,4.4488933377822594e-05,849
0.2962073184295407,0.007095984873762651,2.2244466688910863e-05,850
0.2964964964964965,0.007118229340451563,2.224446668891173e-05,851
0.29678567456345234,0.007140473807140474,2.2244466688910863e-05,852
0.29707485263040817,0.007162718273829385,2.2244466688910863e-05,853
0.29736403069736406,0.0071849627405182965,2.224446668891173e-05,854
0.2976532087643199,0.007207207207207207,2.2244466688910863e-05,855
0.2979423868312757,0.007229451673896118,2.2244466688910863e-05,856
0.29823156489823155,0.007251696140585029,2.2244466688910863e-05,857
0.29852074296518744,0.007273940607273941,2.224446668891173e-05,858
0.29880992103214327,0.007296185073962852,2.2244466688910863e-05,859
0.2990990990990991,0.0073184295406517625,2.2244466688910863e-05,860
0.29938827716605493,0.007340674007340674,2.224446668891173e-05,861
0.2996774552330108,0.007362918474029585,2.2244466688910863e-05,862
0.29996663329996665,0.007385162940718496,2.2244466688910863e-05,863
0.3002558113669225,0.007407407407407408,2.224446668891173e-05,864
0.3005449894338783,0.0074296518740963186,2.2244466688910863e-05,865
0.3008341675008342,0.007451896340785229,2.2244466688910863e-05,866
0.30112334556779,0.007474140807474141,2.224446668891173e-05,867
0.30141252363474585,0.007496385274163052,2.2244466688910863e-05,868
0.3017017017017017,0.007518629740851963,2.2244466688910863e-05,869
0.30199087976865757,0.007540874207540875,2.224446668891173e-05,870
0.3022800578356134,0.0075631186742297855,2.2244466688910863e-05,871
0.30256923590256923,0.008119230341452564,0.0005561116672227785,872
0.30285841396952506,0.008141474808141475,2.2244466688910863e-05,873
0.30314759203648095,0.008163719274830386,2.2244466688910863e-05,874
0.3034367701034368,0.008185963741519297,2.2244466688910863e-05,875
0.3037259481703926,0.008208208208208207,2.2244466688910863e-05,876
0.30401512623734844,0.00823045267489712,2.2244466688912598e-05,877
0.30430430430430433,0.008252697141586031,2.2244466688910863e-05,878
0.30459348237126016,0.008274941608274942,2.2244466688910863e-05,879
0.304882660438216,0.008297186074963853,2.2244466688910863e-05,880
0.3051718385051718,0.008319430541652763,2.2244466688910863e-05,881
0.3054610165721277,0.008341675008341674,2.2244466688910863e-05,882
0.30575019463908354,0.008363919475030587,2.2244466688912598e-05,883
0.30603937270603937,0.008386163941719498,2.2244466688910863e-05,884
0.3063285507729952,0.008408408408408409,2.2244466688910863e-05,885
0.3066177288399511,0.00843065287509732,2.2244466688910863e-05,886
0.3069069069069069,0.00845289734178623,2.2244466688910863e-05,887
0.30719608497386275,0.008497386275164052,4.448893337782173e-05,888
0.3074852630408186,0.008519630741852965,2.2244466688912598e-05,889
0.30777444110777447,0.008541875208541876,2.2244466688910863e-05,890
0.3080636191747303,0.008564119675230786,2.2244466688910863e-05,891
0.3083527972416861,0.008586364141919697,2.2244466688910863e-05,892
0.30864197530864196,0.008608608608608608,2.2244466688910863e-05,893
0.30893115337559784,0.008630853075297519,2.2244466688910863e-05,894
0.3092203314425537,0.008653097541986432,2.2244466688912598e-05,895
0.3095095095095095,0.008675342008675343,2.2244466688910863e-05,896
0.30979868757646534,0.008697586475364253,2.2244466688910863e-05,897
0.3100878656434212,0.008719830942053164,2.2244466688910863e-05,898
0.31037704371037705,0.008742075408742075,2.2244466688910863e-05,899
0.3106662217773329,0.008764319875430986,2.2244466688910863e-05,900
0.3109553998442887,0.008786564342119897,2.2244466688910863e-05,901
0.3112445779112446,0.00880880880880881,2.2244466688912598e-05,902
0.31153375597820043,0.00883105327549772,2.2244466688910863e-05,903
0.31182293404515626,0.008853297742186631,2.2244466688910863e-05,904
0.3121121121121121,0.008875542208875542,2.2244466688910863e-05,905
0.312401290179068,0.008897786675564453,2.2244466688910863e-05,906
0.3126904682460238,0.008920031142253364,2.2244466688910863e-05,907
0.31297964631297964,0.008942275608942276,2.2244466688912598e-05,908
0.3132688243799355,0.008964520075631187,2.2244466688910863e-05,909
0.31355800244689136,0.008986764542320098,2.2244466688910863e-05,910
0.3138471805138472,0.009009009009009009,2.2244466688910863e-05,911
0.314136358580803,0.00905349794238683,4.448893337782173e-05,912
0.31442553664775885,0.009075742409075743,2.2244466688912598e-05,913
0.31471471471471474,0.009097986875764654,2.2244466688910863e-05,914
0.31500389278167057,0.009120231342453565,2.2244466688910863e-05,915
0.3152930708486264,0.009142475809142476,2.2244466688910863e-05,916
0.31558224891558223,0.009164720275831387,2.2244466688910863e-05,917
0.3158714269825381,0.009186964742520298,2.2244466688910863e-05,918
0.31616060504949395,0.009209209209209208,2.2244466688910863e-05,919
0.3164497831164498,0.009231453675898121,2.2244466688912598e-05,920
0.3167389611834056,0.009253698142587032,2.2244466688910863e-05,921
0.3170281392503615,0.009275942609275943,2.2244466688910863e-05,922
0.3173173173173173,0.009298187075964854,2.2244466688910863e-05,923
0.31760649538427316,0.009320431542653764,2.2244466688910863e-05,924
0.317895673451229,0.00960960960960961,0.0002891780669558447,925
0.3181848515181849,0.00963185407629852,2.2244466688910863e-05,926
0.3184740295851407,0.009654098542987433,2.2244466688912598e-05,927
0.31876320765209654,0.009676343009676344,2.2244466688910863e-05,928
0.31905238571905237,0.009698587476365254,2.2244466688910863e-05,929
0.31934156378600825,0.009720831943054165,2.2244466688910863e-05,930
0.3196307418529641,0.009720831943054165,0.0,931
0.3199199199199199,0.009720831943054165,0.0,932
0.32020909798687575,0.009720831943054165,0.0,933
0.32049827605383163,0.009720831943054165,0.0,934
0.32078745412078746,0.009720831943054165,0.0,935
0.3210766321877433,0.009720831943054165,0.0,936
0.3213658102546991,0.009720831943054165,0.0,937
0.321654988321655,0.009720831943054165,0.0,938
0.32194416638861084,0.009720831943054165,0.0,939
0.3222333444555667,0.009720831943054165,0.0,940
0.3225225225225225,0.009720831943054165,0.0,941
0.3228117005894784,0.009720831943054165,0.0,942
0.3231008786564342,0.009720831943054165,0.0,943
0.32339005672339005,0.009720831943054165,0.0,944
0.3236792347903459,0.009720831943054165,0.0,945
0.32396841285730177,0.009720831943054165,0.0,946
0.3242575909242576,0.009720831943054165,0.0,947
0.32454676899121343,0.009720831943054165,0.0,948
0.32483594705816926,0.009720831943054165,0.0,949
0.32512512512512515,0.009720831943054165,0.0,950
0.325414303192081,0.009720831943054165,0.0,951
0.3257034812590368,0.009720831943054165,0.0,952
0.32599265932599264,0.009720831943054165,0.0,953
0.3262818373929485,0.009720831943054165,0.0,954
0.32657101545990436,0.009720831943054165,0.0,955
0.3268601935268602,0.009720831943054165,0.0,956
0.327149371593816,0.009720831943054165,0.0,957
0.3274385496607719,0.009720831943054165,0.0,958
0.32772772772772774,0.009720831943054165,0.0,959
0.32801690579468357,0.009720831943054165,0.0,960
0.3283060838616394,0.009720831943054165,0.0,961
0.3285952619285953,0.009720831943054165,0.0,962
0.3288844399955511,0.009720831943054165,0.0,963
0.32917361806250695,0.009720831943054165,0.0,964
0.3294627961294628,0.009720831943054165,0.0,965
0.32975197419641866,0.009720831943054165,0.0,966
0.3300411522633745,0.009720831943054165,0.0,967
0.3303303303303303,0.009720831943054165,0.0,968
0.33061950839728615,0.009720831943054165,0.0,969
0.33090868646424204,0.009743076409743076,2.2244466688910863e-05,970
0.33119786453119787,0.009765320876431987,2.2244466688910863e-05,971
0.3314870425981537,0.009765320876431987,0.0,972
0.33177622066510953,0.009765320876431987,0.0,973
0.3320653987320654,0.009765320876431987,0.0,974
0.33235457679902125,0.009765320876431987,0.0,975
0.3326437548659771,0.009765320876431987,0.0,976
0.3329329329329329,0.009765320876431987,0.0,977
0.3331998665331999,0.009765320876431987,0.0,978
0.3334668001334668,0.009765320876431987,0.0,979
0.3337337337337337,0.009765320876431987,0.0,980
0.3340006673340007,0.009765320876431987,0.0,981
0.3342676009342676,0.009765320876431987,0.0,982
0.3345345345345345,0.009765320876431987,0.0,983
0.3348014681348015,0.009765320876431987,0.0,984
0.3350684017350684,0.009765320876431987,0.0,985
0.3353353353353353,0.009765320876431987,0.0,986
0.33560226893560224,0.009765320876431987,0.0,987
0.3358692025358692,0.009765320876431987,0.0,988
0.33613613613613613,0.009765320876431987,0.0,989
0.33640306973640305,0.009765320876431987,0.0,990
0.33667000333667,0.009765320876431987,0.0,991
0.33693693693693694,0.009765320876431987,0.0,992
0.33720387053720385,0.009765320876431987,0.0,993
0.3374708041374708,0.009765320876431987,0.0,994
0.33773773773773774,0.009765320876431987,0.0,995
0.33800467133800466,0.009765320876431987,0.0,996
0.33827160493827163,0.009765320876431987,0.0,997
0.33853853853853855,0.009787565343120898,2.2244466688910863e-05,998
0.33880547213880546,0.009787565343120898,0.0,999
0.3390724057390724,0.009787565343120898,0.0,1000
0.33933933933933935,0.00980980980980981,2.2244466688912598e-05,1001
0.33960627293960627,0.009832054276498721,2.2244466688910863e-05,1002
0.3398732065398732,0.009854298743187632,2.2244466688910863e-05,1003
0.34014014014014016,0.009876543209876543,2.2244466688910863e-05,1004
0.3404070737404071,0.009898787676565454,2.2244466688910863e-05,1005
0.340674007340674,0.009921032143254365,2.2244466688910863e-05,1006
0.34094094094094096,0.009943276609943277,2.2244466688912598e-05,1007
0.3412078745412079,0.009965521076632188,2.2244466688910863e-05,1008
0.3414748081414748,0.009965521076632188,0.0,1009
0.34174174174174177,0.009965521076632188,0.0,1010
0.3420086753420087,0.009965521076632188,0.0,1011
0.3422756089422756,0.009965521076632188,0.0,1012
0.3425425425425425,0.009965521076632188,0.0,1013
0.3428094761428095,0.009965521076632188,0.0,1014
0.3430764097430764,0.011322433544655766,0.0013569124680235783,1015
0.3433433433433433,0.011344678011344677,2.2244466688910863e-05,1016
0.3436102769436103,0.01136692247803359,2.2244466688912598e-05,1017
0.3438772105438772,0.0113891669447225,2.2244466688910863e-05,1018
0.3441441441441441,0.011411411411411412,2.2244466688910863e-05,1019
0.3444110777444111,0.011433655878100323,2.2244466688910863e-05,1020
0.344678011344678,0.011455900344789233,2.2244466688910863e-05,1021
0.34494494494494493,0.011478144811478144,2.2244466688910863e-05,1022
0.3452118785452119,0.011478144811478144,0.0,1023
0.3454788121454788,0.011478144811478144,0.0,1024
0.34574574574574574,0.011478144811478144,0.0,1025
0.34601267934601265,0.011478144811478144,0.0,1026
0.3462796129462796,0.011478144811478144,0.0,1027
0.34654654654654654,0.011478144811478144,0.0,1028
0.34681348014681346,0.011478144811478144,0.0,1029
0.34708041374708043,0.011478144811478144,0.0,1030
0.34734734734734735,0.011478144811478144,0.0,1031
0.34761428094761426,0.011478144811478144,0.0,1032
0.34788121454788123,0.011478144811478144,0.0,1033
0.34814814814814815,0.011478144811478144,0.0,1034
0.34841508174841507,0.011478144811478144,0.0,1035
0.34868201534868204,0.011478144811478144,0.0,1036
0.34894894894894896,0.011478144811478144,0.0,1037
0.3492158825492159,0.011478144811478144,0.0,1038
0.3494828161494828,0.011478144811478144,0.0,1039
0.34974974974974976,0.011478144811478144,0.0,1040
0.3500166833500167,0.011478144811478144,0.0,1041
0.3502836169502836,0.011478144811478144,0.0,1042
0.35055055055055057,0.011478144811478144,0.0,1043
0.3508174841508175,0.011478144811478144,0.0,1044
0.3510844177510844,0.011478144811478144,0.0,1045
0.35135135135135137,0.011478144811478144,0.0,1046
0.3516182849516183,0.011478144811478144,0.0,1047
0.3518852185518852,0.011478144811478144,0.0,1048
0.3521521521521522,0.011478144811478144,0.0,1049
0.3524190857524191,0.011478144811478144,0.0,1050
0.352686019352686,0.011478144811478144,0.0,1051
0.3529529529529529,0.011478144811478144,0.0,1052
0.3532198865532199,0.011478144811478144,0.0,1053
0.3534868201534868,0.011478144811478144,0.0,1054
0.35375375375375373,0.011478144811478144,0.0,1055
0.3540206873540207,0.011478144811478144,0.0,1056
0.3542876209542876,0.011478144811478144,0.0,1057
0.35455455455455454,0.011478144811478144,0.0,1058
0.3548214881548215,0.011478144811478144,0.0,1059
0.3550884217550884,0.011478144811478144,0.0,1060
0.35535535535535534,0.011478144811478144,0.0,1061
0.3556222889556223,0.011478144811478144,0.0,1062
0.35588922255588923,0.011478144811478144,0.0,1063
0.35615615615615615,0.011478144811478144,0.0,1064
0.3564230897564231,0.011478144811478144,0.0,1065
0.35669002335669003,0.011478144811478144,0.0,1066
0.35695695695695695,0.011478144811478144,0.0,1067
0.35722389055722387,0.011478144811478144,0.0,1068
0.35749082415749084,0.011478144811478144,0.0,1069
0.35775775775775776,0.011478144811478144,0.0,1070
0.35802469135802467,0.011478144811478144,0.0,1071
0.35829162495829164,0.011478144811478144,0.0,1072
0.35855855855855856,0.011478144811478144,0.0,1073
0.3588254921588255,0.011478144811478144,0.0,1074
0.35909242575909245,0.011478144811478144,0.0,1075
0.35935935935935936,0.011478144811478144,0.0,1076
0.3596262929596263,0.011478144811478144,0.0,1077
0.35989322655989325,0.011478144811478144,0.0,1078
0.36016016016016017,0.011500389278167055,2.2244466688910863e-05,1079
0.3604270937604271,0.011522633744855968,2.2244466688912598e-05,1080
0.360694027360694,0.011522633744855968,0.0,1081
0.360960960960961,0.011522633744855968,0.0,1082
0.3612278945612279,0.011522633744855968,0.0,1083
0.3614948281614948,0.011522633744855968,0.0,1084
0.3617617617617618,0.011522633744855968,0.0,1085
0.3620286953620287,0.011522633744855968,0.0,1086
0.3622956289622956,0.011522633744855968,0.0,1087
0.3625625625625626,0.011522633744855968,0.0,1088
0.3628294961628295,0.011522633744855968,0.0,1089
0.3630964297630964,0.011522633744855968,0.0,1090
0.3633633633633634,0.011522633744855968,0.0,1091
0.3636302969636303,0.011522633744855968,0.0,1092
0.3638972305638972,0.011522633744855968,0.0,1093
0.36416416416416414,0.011522633744855968,0.0,1094
0.3644310977644311,0.011522633744855968,0.0,1095
0.364698031364698,0.011522633744855968,0.0,1096
0.36496496496496494,0.0115893671449227,6.673340006673259e-05,1097
0.3652318985652319,0.0115893671449227,0.0,1098
0.36549883216549883,0.0115893671449227,0.0,1099
0.36576576576576575,0.0115893671449227,0.0,1100
0.3660326993660327,0.0115893671449227,0.0,1101
0.36629963296629964,0.0115893671449227,0.0,1102
0.36656656656656655,0.0115893671449227,0.0,1103
0.3668335001668335,0.0115893671449227,0.0,1104
0.36710043376710044,0.0115893671449227,0.0,1105
0.36736736736736736,0.0115893671449227,0.0,1106
0.3676343009676343,0.0115893671449227,0.0,1107
0.36790123456790125,0.0115893671449227,0.0,1108
0.36816816816816816,0.0115893671449227,0.0,1109
0.3684351017684351,0.0115893671449227,0.0,1110
0.36870203536870205,0.0115893671449227,0.0,1111
0.36896896896896897,0.0115893671449227,0.0,1112
0.3692359025692359,0.0115893671449227,0.0,1113
0.36950283616950286,0.0115893671449227,0.0,1114
0.3697697697697698,0.0115893671449227,0.0,1115
0.3700367033700367,0.0115893671449227,0.0,1116
0.37030363697030366,0.0115893671449227,0.0,1117
0.3705705705705706,0.0115893671449227,0.0,1118
0.3708375041708375,0.0115893671449227,0.0,1119
0.3711044377711044,0.0115893671449227,0.0,1120
0.3713713713713714,0.0115893671449227,0.0,1121
0.3716383049716383,0.0115893671449227,0.0,1122
0.3719052385719052,0.0115893671449227,0.0,1123
0.3721721721721722,0.0115893671449227,0.0,1124
0.3724391057724391,0.0115893671449227,0.0,1125
0.372706039372706,0.0115893671449227,0.0,1126
0.372972972972973,0.0115893671449227,0.0,1127
0.3732399065732399,0.0115893671449227,0.0,1128
0.3735068401735068,0.0115893671449227,0.0,1129
0.3737737737737738,0.0115893671449227,0.0,1130
0.3740407073740407,0.0115893671449227,0.0,1131
0.37430764097430763,0.0115893671449227,0.0,1132
0.37457457457457455,0.0115893671449227,0.0,1133
0.3748415081748415,0.0115893671449227,0.0,1134
0.37510844177510844,0.0115893671449227,0.0,1135
0.37537537537537535,0.0115893671449227,0.0,1136
0.3756423089756423,0.0115893671449227,0.0,1137
0.37590924257590924,0.0115893671449227,0.0,1138
0.37617617617617616,0.0115893671449227,0.0,1139
0.37644310977644313,0.0115893671449227,0.0,1140
0.37671004337671005,0.0115893671449227,0.0,1141
0.37697697697697696,0.0115893671449227,0.0,1142
0.37724391057724393,0.0115893671449227,0.0,1143
0.37751084417751085,0.0115893671449227,0.0,1144
0.37777777777777777,0.0115893671449227,0.0,1145
0.3780447113780447,0.0115893671449227,0.0,1146
0.37831164497831166,0.0115893671449227,0.0,1147
0.3785785785785786,0.0115893671449227,0.0,1148
0.3788455121788455,0.0115893671449227,0.0,1149
0.37911244577911246,0.0115893671449227,0.0,1150
0.3793793793793794,0.0115893671449227,0.0,1151
0.3796463129796463,0.0115893671449227,0.0,1152
0.37991324657991327,0.0115893671449227,0.0,1153
0.3801801801801802,0.0115893671449227,0.0,1154
0.3804471137804471,0.0115893671449227,0.0,1155
0.38071404738071407,0.0115893671449227,0.0,1156
0.380980980980981,0.0115893671449227,0.0,1157
0.3812479145812479,0.011700589478367256,0.00011122233344455605,1158
0.3815148481815148,0.011722833945056167,2.2244466688910863e-05,1159
0.3817817817817818,0.011722833945056167,0.0,1160
0.3820487153820487,0.011722833945056167,0.0,1161
0.3823156489823156,0.011722833945056167,0.0,1162
0.3825825825825826,0.011722833945056167,0.0,1163
0.3828495161828495,0.011722833945056167,0.0,1164
0.38311644978311643,0.011722833945056167,0.0,1165
0.3833833833833834,0.011722833945056167,0.0,1166
0.3836503169836503,0.011722833945056167,0.0,1167
0.38391725058391724,0.011722833945056167,0.0,1168
0.3841841841841842,0.011722833945056167,0.0,1169
0.3844511177844511,0.011722833945056167,0.0,1170
0.38471805138471804,0.011722833945056167,0.0,1171
0.384984984984985,0.011722833945056167,0.0,1172
0.38525191858525193,0.011722833945056167,0.0,1173
0.38551885218551885,0.011722833945056167,0.0,1174
0.38578578578578576,0.011722833945056167,0.0,1175
0.38605271938605273,0.011722833945056167,0.0,1176
0.38631965298631965,0.011722833945056167,0.0,1177
0.38658658658658657,0.011722833945056167,0.0,1178
0.38685352018685354,0.011722833945056167,0.0,1179
0.38712045378712046,0.011722833945056167,0.0,1180
0.38738738738738737,0.011722833945056167,0.0,1181
0.38765432098765434,0.011722833945056167,0.0,1182
0.38792125458792126,0.011722833945056167,0.0,1183
0.3881881881881882,0.011722833945056167,0.0,1184
0.38845512178845515,0.012612612612612612,0.0008897786675564449,1185
0.38869981092203315,0.012634857079301523,2.2244466688910863e-05,1186
0.38894450005561115,0.012657101545990436,2.2244466688912598e-05,1187
0.3891891891891892,0.012679346012679346,2.2244466688910863e-05,1188
0.3894338783227672,0.012701590479368257,2.2244466688910863e-05,1189
0.3896785674563452,0.012723834946057168,2.2244466688910863e-05,1190
0.3899232565899233,0.012746079412746079,2.2244466688910863e-05,1191
0.3901679457235013,0.01276832387943499,2.2244466688910863e-05,1192
0.3904126348570793,0.012790568346123903,2.2244466688912598e-05,1193
0.39065732399065733,0.012812812812812813,2.2244466688910863e-05,1194
0.39090201312423534,0.012835057279501724,2.2244466688910863e-05,1195
0.3911467022578134,0.012857301746190635,2.2244466688910863e-05,1196
0.3913913913913914,0.012879546212879546,2.2244466688910863e-05,1197
0.3916360805249694,0.012901790679568457,2.2244466688910863e-05,1198
0.39188076965854746,0.012924035146257368,2.2244466688910863e-05,1199
0.39212545879212546,0.01294627961294628,2.2244466688912598e-05,1200
0.39237014792570346,0.012968524079635191,2.2244466688910863e-05,1201
0.3926148370592815,0.012990768546324102,2.2244466688910863e-05,1202
0.3928595261928595,0.013013013013013013,2.2244466688910863e-05,1203
0.3931042153264375,0.013057501946390835,4.448893337782173e-05,1204
0.3933489044600156,0.013079746413079747,2.2244466688912598e-05,1205
0.3935935935935936,0.013101990879768658,2.2244466688910863e-05,1206
0.39383828272717164,0.013101990879768658,0.0,1207
0.39408297186074964,0.013124235346457569,2.2244466688910863e-05,1208
0.39432766099432764,0.01314647981314648,2.2244466688910863e-05,1209
0.3945723501279057,0.01316872427983539,2.2244466688910863e-05,1210
0.3948170392614837,0.013613613613613613,0.00044488933377822247,1211
0.3950617283950617,0.013635858080302524,2.2244466688910863e-05,1212
0.39530641752863976,0.01372483594705817,8.897786675564519e-05,1213
0.39555110666221777,0.01374708041374708,2.2244466688910863e-05,1214
0.39579579579579577,0.013769324880435991,2.2244466688910863e-05,1215
0.3960404849293738,0.013791569347124904,2.2244466688912598e-05,1216
0.39628517406295183,0.013813813813813814,2.2244466688910863e-05,1217
0.3965298631965299,0.013902791680569458,8.897786675564345e-05,1218
0.3967745523301079,0.013925036147258369,2.2244466688910863e-05,1219
0.3970192414636859,0.013947280613947281,2.2244466688912598e-05,1220
0.39726393059726395,0.013969525080636192,2.2244466688910863e-05,1221
0.39750861973084195,0.013991769547325103,2.2244466688910863e-05,1222
0.39775330886441995,0.014014014014014014,2.2244466688910863e-05,1223
0.397997997997998,0.014036258480702925,2.2244466688910863e-05,1224
0.398242687131576,0.014058502947391836,2.2244466688910863e-05,1225
0.39848737626515407,0.014080747414080748,2.2244466688912598e-05,1226
0.39873206539873207,0.014102991880769659,2.2244466688910863e-05,1227
0.3989767545323101,0.01412523634745857,2.2244466688910863e-05,1228
0.39922144366588813,0.01412523634745857,0.0,1229
0.39946613279946613,0.01414748081414748,2.2244466688910863e-05,1230
0.39971082193304414,0.014169725280836392,2.2244466688910863e-05,1231
0.3999555110666222,0.018396173951729506,0.004226448670893114,1232
0.4002002002002002,0.018418418418418417,2.2244466688910863e-05,1233
0.4004448893337782,0.018774329885440998,0.00035591146702258075,1234
0.40068957846735626,0.01879657435212991,2.2244466688910863e-05,1235
0.40093426760093426,0.01881881881881882,2.2244466688910863e-05,1236
0.4011789567345123,0.018996774552330106,0.0001779557335112869,1237
0.4014236458680903,0.01901901901901902,2.2244466688914333e-05,1238
0.4016683350016683,0.01904126348570793,2.2244466688910863e-05,1239
0.4019130241352464,0.019063507952396842,2.2244466688910863e-05,1240
0.4021577132688244,0.019085752419085753,2.2244466688910863e-05,1241
0.4024024024024024,0.019107996885774664,2.2244466688910863e-05,1242
0.40264709153598044,0.019374930486041598,0.00026693360026693383,1243
0.40289178066955844,0.01939717495273051,2.2244466688910863e-05,1244
0.40313646980313644,0.01941941941941942,2.2244466688910863e-05,1245
0.4033811589367145,0.01944166388610833,2.2244466688910863e-05,1246
0.4036258480702925,0.01946390835279724,2.2244466688910863e-05,1247
0.40387053720387056,0.019486152819486152,2.2244466688910863e-05,1248
0.40411522633744856,0.019508397286175063,2.2244466688910863e-05,1249
0.40435991547102657,0.019530641752863974,2.2244466688910863e-05,1250
0.4046046046046046,0.019552886219552885,2.2244466688910863e-05,1251
0.4048492937381826,0.019575130686241796,2.2244466688910863e-05,1252
0.4050939828717606,0.01959737515293071,2.2244466688914333e-05,1253
0.4053386720053387,0.01961961961961962,2.2244466688910863e-05,1254
0.4055833611389167,0.01964186408630853,2.2244466688910863e-05,1255
0.4058280502724947,0.019664108552997443,2.2244466688910863e-05,1256
0.40607273940607275,0.019686353019686353,2.2244466688910863e-05,1257
0.40631742853965075,0.019708597486375264,2.2244466688910863e-05,1258
0.4065621176732288,0.019730841953064175,2.2244466688910863e-05,1259
0.4068068068068068,0.019730841953064175,0.0,1260
0.4070514959403848,0.019730841953064175,0.0,1261
0.40729618507396287,0.019753086419753086,2.2244466688910863e-05,1262
0.40754087420754087,0.019753086419753086,0.0,1263
0.4077855633411189,0.019753086419753086,0.0,1264
0.40803025247469693,0.019753086419753086,0.0,1265
0.40827494160827493,0.019753086419753086,0.0,1266
0.408519630741853,0.019753086419753086,0.0,1267
0.408764319875431,0.019775330886441997,2.2244466688910863e-05,1268
0.409009009009009,0.019797575353130908,2.2244466688910863e-05,1269
0.40925369814258705,0.019797575353130908,0.0,1270
0.40949838727616505,0.019797575353130908,0.0,1271
0.40974307640974306,0.019797575353130908,0.0,1272
0.4099877655433211,0.019797575353130908,0.0,1273
0.4102324546768991,0.019797575353130908,0.0,1274
0.4104771438104771,0.019797575353130908,0.0,1275
0.4107218329440552,0.019797575353130908,0.0,1276
0.4109665220776332,0.019797575353130908,0.0,1277
0.41121121121121124,0.019797575353130908,0.0,1278
0.41145590034478924,0.019797575353130908,0.0,1279
0.41170058947836724,0.019797575353130908,0.0,1280
0.4119452786119453,0.019797575353130908,0.0,1281
0.4121899677455233,0.019797575353130908,0.0,1282
0.4124346568791013,0.019797575353130908,0.0,1283
0.41267934601267936,0.019797575353130908,0.0,1284
0.41292403514625736,0.019797575353130908,0.0,1285
0.41316872427983536,0.019797575353130908,0.0,1286
0.4134134134134134,0.01981981981981982,2.2244466688910863e-05,1287
0.4136581025469914,0.01981981981981982,0.0,1288
0.4139027916805695,0.01981981981981982,0.0,1289
0.4141474808141475,0.01981981981981982,0.0,1290
0.4143921699477255,0.01981981981981982,0.0,1291
0.41463685908130354,0.01981981981981982,0.0,1292
0.41488154821488155,0.01981981981981982,0.0,1293
0.41512623734845955,0.01981981981981982,0.0,1294
0.4153709264820376,0.01981981981981982,0.0,1295
0.4156156156156156,0.01981981981981982,0.0,1296
0.41586030474919367,0.01981981981981982,0.0,1297
0.41610499388277167,0.01981981981981982,0.0,1298
0.41634968301634967,0.01981981981981982,0.0,1299
0.4165943721499277,0.01981981981981982,0.0,1300
0.41683906128350573,0.01981981981981982,0.0,1301
0.41708375041708373,0.01981981981981982,0.0,1302
0.4173284395506618,0.01981981981981982,0.0,1303
0.4175731286842398,0.01981981981981982,0.0,1304
0.4178178178178178,0.01981981981981982,0.0,1305
0.41806250695139585,0.01981981981981982,0.0,1306
0.41830719608497385,0.01981981981981982,0.0,1307
0.4185518852185519,0.01981981981981982,0.0,1308
0.4187965743521299,0.01981981981981982,0.0,1309
0.4190412634857079,0.01984206428650873,2.2244466688910863e-05,1310
0.419285952619286,0.01984206428650873,0.0,1311
0.419530641752864,0.019864308753197644,2.2244466688914333e-05,1312
0.419775330886442,0.019864308753197644,0.0,1313
0.42002002002002004,0.019864308753197644,0.0,1314
0.42026470915359804,0.019864308753197644,0.0,1315
0.42050939828717604,0.019864308753197644,0.0,1316
0.4207540874207541,0.019886553219886555,2.2244466688910863e-05,1317
0.4209987765543321,0.019908797686575466,2.2244466688910863e-05,1318
0.42124346568791016,0.019931042153264376,2.2244466688910863e-05,1319
0.42148815482148816,0.019953286619953287,2.2244466688910863e-05,1320
0.42173284395506616,0.019975531086642198,2.2244466688910863e-05,1321
0.4219775330886442,0.01999777555333111,2.2244466688910863e-05,1322
0.4222222222222222,0.02002002002002002,2.2244466688910863e-05,1323
0.4224669113558002,0.02002002002002002,0.0,1324
0.4227116004893783,0.02002002002002002,0.0,1325
0.4229562896229563,0.02004226448670893,2.2244466688910863e-05,1326
0.4232009787565343,0.02006450895339784,2.2244466688910863e-05,1327
0.42344566789011234,0.020086753420086752,2.2244466688910863e-05,1328
0.42369035702369034,0.020108997886775663,2.2244466688910863e-05,1329
0.4239350461572684,0.020131242353464574,2.2244466688910863e-05,1330
0.4241797352908464,0.02015348682015349,2.2244466688914333e-05,1331
0.4244244244244244,0.0201757312868424,2.2244466688910863e-05,1332
0.42466911355800246,0.02019797575353131,2.2244466688910863e-05,1333
0.42491380269158047,0.02022022022022022,2.2244466688910863e-05,1334
0.42515849182515847,0.020242464686909132,2.2244466688910863e-05,1335
0.4254031809587365,0.020264709153598043,2.2244466688910863e-05,1336
0.42564787009231453,0.020286953620286954,2.2244466688910863e-05,1337
0.4258925592258926,0.020309198086975865,2.2244466688910863e-05,1338
0.4261372483594706,0.020331442553664775,2.2244466688910863e-05,1339
0.4263819374930486,0.020353687020353686,2.2244466688910863e-05,1340
0.42662662662662665,0.020375931487042597,2.2244466688910863e-05,1341
0.42687131576020465,0.020398175953731508,2.2244466688910863e-05,1342
0.42711600489378265,0.02042042042042042,2.2244466688910863e-05,1343
0.4273606940273607,0.020442664887109333,2.2244466688914333e-05,1344
0.4276053831609387,0.020464909353798244,2.2244466688910863e-05,1345
0.4278500722945167,0.02062062062062062,0.00015571126682237604,1346
0.42809476142809477,0.02064286508730953,2.2244466688910863e-05,1347
0.4283394505616728,0.020665109553998442,2.2244466688910863e-05,1348
0.42858413969525083,0.020932043154265376,0.00026693360026693383,1349
0.42882882882882883,0.020954287620954287,2.2244466688910863e-05,1350
0.42907351796240684,0.020976532087643197,2.2244466688910863e-05,1351
0.4293182070959849,0.020998776554332108,2.2244466688910863e-05,1352
0.4295628962295629,0.021021021021021023,2.2244466688914333e-05,1353
0.4298075853631409,0.021043265487709933,2.2244466688910863e-05,1354
0.43005227449671896,0.021065509954398844,2.2244466688910863e-05,1355
0.43029696363029696,0.021087754421087755,2.2244466688910863e-05,1356
0.43054165276387496,0.021109998887776666,2.2244466688910863e-05,1357
0.430786341897453,0.021154487821154488,4.448893337782173e-05,1358
0.431031031031031,0.0211767322878434,2.2244466688910863e-05,1359
0.4312757201646091,0.02119897675453231,2.2244466688910863e-05,1360
0.4315204092981871,0.02122122122122122,2.2244466688910863e-05,1361
0.4317650984317651,0.02124346568791013,2.2244466688910863e-05,1362
0.43200978756534314,0.021265710154599042,2.2244466688910863e-05,1363
0.43225447669892114,0.021287954621287953,2.2244466688910863e-05,1364
0.43249916583249914,0.021310199087976867,2.2244466688914333e-05,1365
0.4327438549660772,0.021332443554665778,2.2244466688910863e-05,1366
0.4329885440996552,0.02135468802135469,2.2244466688910863e-05,1367
0.4332332332332332,0.0213769324880436,2.2244466688910863e-05,1368
0.43347792236681126,0.02139917695473251,2.2244466688910863e-05,1369
0.43372261150038927,0.02142142142142142,2.2244466688910863e-05,1370
0.4339673006339673,0.021443665888110332,2.2244466688910863e-05,1371
0.4342119897675453,0.021465910354799243,2.2244466688910863e-05,1372
0.4344566789011233,0.021488154821488154,2.2244466688910863e-05,1373
0.4347013680347014,0.021510399288177065,2.2244466688910863e-05,1374
0.4349460571682794,0.021532643754865976,2.2244466688910863e-05,1375
0.4351907463018574,0.021554888221554887,2.2244466688910863e-05,1376
0.43543543543543545,0.021599377154932712,4.4488933377825196e-05,1377
0.43568012456901345,0.021621621621621623,2.2244466688910863e-05,1378
0.4359248137025915,0.021643866088310534,2.2244466688910863e-05,1379
0.4361695028361695,0.021666110554999445,2.2244466688910863e-05,1380
0.4364141919697475,0.021688355021688355,2.2244466688910863e-05,1381
0.43665888110332557,0.021710599488377266,2.2244466688910863e-05,1382
0.43690357023690357,0.021732843955066177,2.2244466688910863e-05,1383
0.4371482593704816,0.021755088421755088,2.2244466688910863e-05,1384
0.43739294850405963,0.021777332888444,2.2244466688910863e-05,1385
0.43763763763763763,0.02179957735513291,2.2244466688910863e-05,1386
0.43788232677121564,0.02182182182182182,2.2244466688910863e-05,1387
0.4381270159047937,0.02184406628851073,2.2244466688910863e-05,1388
0.4383717050383717,0.021866310755199646,2.2244466688914333e-05,1389
0.43861639417194975,0.021888555221888557,2.2244466688910863e-05,1390
0.43886108330552775,0.021910799688577468,2.2244466688910863e-05,1391
0.43910577243910576,0.03794906017128239,0.016038260482704923,1392
0.4393504615726838,0.037971304637971305,2.2244466688914333e-05,1393
0.4395951507062618,0.03799354910466021,2.2244466688907394e-05,1394
0.4398398398398398,0.03801579357134913,2.2244466688914333e-05,1395
0.4400845289734179,0.03852741630519408,0.0005116227338449533,1396
0.4403292181069959,0.03915026137248359,0.0006228450672895111,1397
0.4405739072405739,0.039172505839172506,2.2244466688914333e-05,1398
0.44081859637415194,0.03930597263930597,0.00013346680013346518,1399
0.44106328550772994,0.039328217105994885,2.2244466688914333e-05,1400
0.441307974641308,0.03935046157268379,2.2244466688907394e-05,1401
0.441552663774886,0.03937270603937271,2.2244466688914333e-05,1402
0.441797352908464,0.039394950506061614,2.2244466688907394e-05,1403
0.44204204204204206,0.03941719497275053,2.2244466688914333e-05,1404
0.44228673117562006,0.03950617283950617,8.897786675564345e-05,1405
0.44253142030919806,0.039528417306195086,2.2244466688914333e-05,1406
0.4427761094427761,0.039550661772883994,2.2244466688907394e-05,1407
0.4430207985763541,0.03957290623957291,2.2244466688914333e-05,1408
0.4432654877099321,0.039595150706261815,2.2244466688907394e-05,1409
0.4435101768435102,0.03961739517295073,2.2244466688914333e-05,1410
0.4437548659770882,0.03963963963963964,2.2244466688907394e-05,1411
0.44399955511066624,0.03966188410632855,2.2244466688914333e-05,1412
0.44422199977755533,0.03968412857301746,2.2244466688907394e-05,1413
0.4444444444444444,0.03970637303970637,2.2244466688914333e-05,1414
0.44466688911133356,0.03972861750639529,2.2244466688914333e-05,1415
0.44488933377822265,0.039750861973084195,2.2244466688907394e-05,1416
0.4451117784451118,0.03977310643977311,2.2244466688914333e-05,1417
0.4453342231120009,0.03979535090646202,2.2244466688907394e-05,1418
0.44555666777889,0.03981759537315093,2.2244466688914333e-05,1419
0.4457791124457791,0.03983983983983984,2.2244466688907394e-05,1420
0.4460015571126682,0.03986208430652875,2.2244466688914333e-05,1421
0.44622400177955734,0.04124124124124124,0.0013791569347124874,1422
0.44644644644644643,0.041263485707930155,2.2244466688914333e-05,1423
0.4466688911133356,0.041307974641307976,4.448893337782173e-05,1424
0.44689133578022466,0.041330219107996884,2.2244466688907394e-05,1425
0.4471137804471138,0.0413524635746858,2.2244466688914333e-05,1426
0.4473362251140029,0.041374708041374705,2.2244466688907394e-05,1427
0.447558669780892,0.04139695250806362,2.2244466688914333e-05,1428
0.4477811144477811,0.04141919697475253,2.2244466688907394e-05,1429
0.4480035591146702,0.04144144144144144,2.2244466688914333e-05,1430
0.44822600378155936,0.041552663774886,0.00011122233344455779,1431
0.44844844844844844,0.04157490824157491,2.2244466688907394e-05,1432
0.44867089311533753,0.04161939717495273,4.448893337782173e-05,1433
0.4488933377822267,0.04164164164164164,2.2244466688914333e-05,1434
0.44911578244911576,0.04239795350906462,0.0007563118674229763,1435
0.4493382271160049,0.04242019797575353,2.2244466688914333e-05,1436
0.449560671782894,0.04244244244244244,2.2244466688907394e-05,1437
0.44978311644978314,0.042464686909131355,2.2244466688914333e-05,1438
0.4500055611166722,0.04248693137582026,2.2244466688907394e-05,1439
0.4502280057835613,0.04250917584250918,2.2244466688914333e-05,1440
0.45045045045045046,0.042531420309198084,2.2244466688907394e-05,1441
0.45067289511733954,0.042575909242575906,4.448893337782173e-05,1442
0.4508953397842287,0.04259815370926482,2.2244466688914333e-05,1443
0.4511177844511178,0.042687131576020464,8.897786675564345e-05,1444
0.4513402291180069,0.04270937604270938,2.2244466688914333e-05,1445
0.451562673784896,0.042731620509398285,2.2244466688907394e-05,1446
0.4517851184517851,0.0427538649760872,2.2244466688914333e-05,1447
0.45200756311867424,0.04277610944277611,2.2244466688907394e-05,1448
0.4522300077855633,0.04279835390946502,2.2244466688914333e-05,1449
0.45245245245245247,0.04282059837615393,2.2244466688907394e-05,1450
0.45267489711934156,0.04284284284284284,2.2244466688914333e-05,1451
0.4528973417862307,0.04286508730953175,2.2244466688907394e-05,1452
0.4531197864531198,0.042887331776220665,2.2244466688914333e-05,1453
0.4533422311200089,0.04386608831053276,0.0009787565343120919,1454
0.453564675786898,0.043888332777221664,2.2244466688907394e-05,1455
0.4537871204537871,0.04391057724391058,2.2244466688914333e-05,1456
0.45400956512067625,0.043932821710599486,2.2244466688907394e-05,1457
0.45423200978756534,0.0439550661772884,2.2244466688914333e-05,1458
0.4544544544544545,0.04397731064397731,2.2244466688907394e-05,1459
0.45467689912134357,0.04399955511066622,2.2244466688914333e-05,1460
0.45489934378823266,0.044021799577355136,2.2244466688914333e-05,1461
0.4551217884551218,0.044044044044044044,2.2244466688907394e-05,1462
0.4553442331220109,0.044088532977421865,4.448893337782173e-05,1463
0.45556667778890003,0.04411077744411078,2.2244466688914333e-05,1464
0.4557891224557891,0.04413302191079969,2.2244466688907394e-05,1465
0.4560115671226782,0.0441552663774886,2.2244466688914333e-05,1466
0.45623401178956735,0.04417751084417751,2.2244466688907394e-05,1467
0.45645645645645644,0.04419975531086642,2.2244466688914333e-05,1468
0.4566789011233456,0.04422199977755533,2.2244466688907394e-05,1469
0.45690134579023467,0.04473362251140029,0.0005116227338449603,1470
0.4571237904571238,0.0447558669780892,2.2244466688907394e-05,1471
0.4573462351240129,0.04477811144477811,2.2244466688914333e-05,1472
0.457568679790902,0.04480035591146702,2.2244466688907394e-05,1473
0.45779112445779113,0.044822600378155934,2.2244466688914333e-05,1474
0.4580135691246802,0.04484484484484484,2.2244466688907394e-05,1475
0.45823601379156936,0.044867089311533756,2.2244466688914333e-05,1476
0.45845845845845845,0.04488933377822267,2.2244466688914333e-05,1477
0.4586809031253476,0.04491157824491158,2.2244466688907394e-05,1478
0.4589033477922367,0.04493382271160049,2.2244466688914333e-05,1479
0.45912579245912577,0.0449560671782894,2.2244466688907394e-05,1480
0.4593482371260149,0.044978311644978314,2.2244466688914333e-05,1481
0.459570681792904,0.04500055611166722,2.2244466688907394e-05,1482
0.45979312645979314,0.045022800578356136,2.2244466688914333e-05,1483
0.46001557112668223,0.04504504504504504,2.2244466688907394e-05,1484
0.4602380157935714,0.04506728951173396,2.2244466688914333e-05,1485
0.46046046046046046,0.045089533978422865,2.2244466688907394e-05,1486
0.46068290512734955,0.04511177844511178,2.2244466688914333e-05,1487
0.4609053497942387,0.045134022911800686,2.2244466688907394e-05,1488
0.4611277944611278,0.0451562673784896,2.2244466688914333e-05,1489
0.4613502391280169,0.045178511845178515,2.2244466688914333e-05,1490
0.461572683794906,0.04520075631186742,2.2244466688907394e-05,1491
0.4617951284617951,0.04522300077855634,2.2244466688914333e-05,1492
0.46201757312868424,0.045245245245245244,2.2244466688907394e-05,1493
0.46224001779557333,0.04526748971193416,2.2244466688914333e-05,1494
0.4624624624624625,0.045289734178623066,2.2244466688907394e-05,1495
0.46268490712935156,0.04531197864531198,2.2244466688914333e-05,1496
0.4629073517962407,0.04533422311200089,2.2244466688907394e-05,1497
0.4631297964631298,0.0453564675786898,2.2244466688914333e-05,1498
0.4633522411300189,0.04537871204537871,2.2244466688907394e-05,1499
0.46364141919697477,0.045400956512067624,2.2244466688914333e-05,1500
0.4639305972639306,0.04542320097875653,2.2244466688907394e-05,1501
0.46421977533088643,0.04546768991213436,4.4488933377828666e-05,1502
0.46450895339784226,0.04548993437882327,2.2244466688907394e-05,1503
0.46479813146479815,0.04551217884551218,2.2244466688914333e-05,1504
0.465087309531754,0.04553442331220109,2.2244466688907394e-05,1505
0.4653764875987098,0.04555666777889,2.2244466688914333e-05,1506
0.46566566566566564,0.04557891224557891,2.2244466688907394e-05,1507
0.4659548437326215,0.045601156712267825,2.2244466688914333e-05,1508
0.46624402179957736,0.04577911244577911,0.0001779557335112869,1509
0.4665109553998443,0.045801356912468026,2.2244466688914333e-05,1510
0.46677788900011125,0.045823601379156934,2.2244466688907394e-05,1511
0.46704482260037816,0.04584584584584585,2.2244466688914333e-05,1512
0.4673117562006451,0.045868090312534755,2.2244466688907394e-05,1513
0.46757868980091205,0.04589033477922367,2.2244466688914333e-05,1514
0.46784562340117897,0.04591257924591258,2.2244466688907394e-05,1515
0.4681125570014459,0.04593482371260149,2.2244466688914333e-05,1516
0.4683794906017128,0.0459570681792904,2.2244466688907394e-05,1517
0.46864642420197977,0.04597931264597931,2.2244466688914333e-05,1518
0.4689133578022467,0.04600155711266822,2.2244466688907394e-05,1519
0.4691802914025136,0.046023801579357135,2.2244466688914333e-05,1520
0.4694472250027806,0.04604604604604605,2.2244466688914333e-05,1521
0.4697141586030475,0.046068290512734957,2.2244466688907394e-05,1522
0.4699810922033144,0.04609053497942387,2.2244466688914333e-05,1523
0.4702480258035814,0.04611277944611278,2.2244466688907394e-05,1524
0.4705149594038483,0.04613502391280169,2.2244466688914333e-05,1525
0.4707818930041152,0.0461572683794906,2.2244466688907394e-05,1526
0.4710488266043822,0.046179512846179514,2.2244466688914333e-05,1527
0.4713157602046491,0.04620175731286842,2.2244466688907394e-05,1528
0.471582693804916,0.046224001779557336,2.2244466688914333e-05,1529
0.47184962740518294,0.04624624624624624,2.2244466688907394e-05,1530
0.4721165610054499,0.04626849071293516,2.2244466688914333e-05,1531
0.4723834946057168,0.046290735179624065,2.2244466688907394e-05,1532
0.47265042820598374,0.046335224113001894,4.4488933377828666e-05,1533
0.4729173618062507,0.0463574685796908,2.2244466688907394e-05,1534
0.47318429540651763,0.046379713046379716,2.2244466688914333e-05,1535
0.47345122900678455,0.04640195751306862,2.2244466688907394e-05,1536
0.4737181626070515,0.04642420197975754,2.2244466688914333e-05,1537
0.47398509620731843,0.046446446446446445,2.2244466688907394e-05,1538
0.47425202980758535,0.04646869091313536,2.2244466688914333e-05,1539
0.4745189634078523,0.046490935379824266,2.2244466688907394e-05,1540
0.47478589700811924,0.04651317984651318,2.2244466688914333e-05,1541
0.47505283060838616,0.04653542431320209,2.2244466688907394e-05,1542
0.4753197642086531,0.046557668779891,2.2244466688914333e-05,1543
0.47558669780892004,0.04657991324657991,2.2244466688907394e-05,1544
0.47585363140918696,0.047158269380491606,0.0005783561339116963,1545
0.4761205650094539,0.047180513847180514,2.2244466688907394e-05,1546
0.47638749860972085,0.04720275831386943,2.2244466688914333e-05,1547
0.47665443220998777,0.047225002780558335,2.2244466688907394e-05,1548
0.4769213658102547,0.04724724724724725,2.2244466688914333e-05,1549
0.47718829941052165,0.04726949171393616,2.2244466688907394e-05,1550
0.47745523301078857,0.04729173618062507,2.2244466688914333e-05,1551
0.4777221666110555,0.04731398064731398,2.2244466688907394e-05,1552
0.47798910021132246,0.04733622511400289,2.2244466688914333e-05,1553
0.4782560338115894,0.04733622511400289,0.0,1554
0.4785229674118563,0.04733622511400289,0.0,1555
0.4787899010121232,0.0473584695806918,2.2244466688907394e-05,1556
0.4790568346123902,0.047380714047380715,2.2244466688914333e-05,1557
0.4793237682126571,0.04740295851406962,2.2244466688907394e-05,1558
0.479590701812924,0.04746969191413636,6.673340006673606e-05,1559
0.479857635413191,0.04749193638082527,2.2244466688914333e-05,1560
0.4801245690134579,0.04751418084751418,2.2244466688907394e-05,1561
0.4803915026137248,0.047536425314203094,2.2244466688914333e-05,1562
0.4806584362139918,0.047558669780892,2.2244466688907394e-05,1563
0.4809253698142587,0.047580914247580916,2.2244466688914333e-05,1564
0.4811923034145256,0.04760315871426982,2.2244466688907394e-05,1565
0.4814592370147926,0.04762540318095874,2.2244466688914333e-05,1566
0.4817261706150595,0.04778111444778112,0.0001557112668223795,1567
0.48199310421532643,0.047803358914470025,2.2244466688907394e-05,1568
0.48226003781559335,0.047847847847847846,4.448893337782173e-05,1569
0.4825269714158603,0.04787009231453676,2.2244466688914333e-05,1570
0.48279390501612723,0.04789233678122567,2.2244466688907394e-05,1571
0.48306083861639415,0.04791458124791458,2.2244466688914333e-05,1572
0.4833277722166611,0.04793682571460349,2.2244466688907394e-05,1573
0.48359470581692804,0.047959070181292404,2.2244466688914333e-05,1574
0.48386163941719496,0.04798131464798131,2.2244466688907394e-05,1575
0.4841285730174619,0.048003559114670226,2.2244466688914333e-05,1576
0.48439550661772884,0.04802580358135914,2.2244466688914333e-05,1577
0.48466244021799576,0.04804804804804805,2.2244466688907394e-05,1578
0.48492937381826273,0.04807029251473696,2.2244466688914333e-05,1579
0.48519630741852965,0.04809253698142587,2.2244466688907394e-05,1580
0.48546324101879657,0.048114781448114784,2.2244466688914333e-05,1581
0.4857301746190635,0.04813702591480369,2.2244466688907394e-05,1582
0.48599710821933045,0.048159270381492605,2.2244466688914333e-05,1583
0.48626404181959737,0.04849293738182627,0.0003336670003336664,1584
0.4865309754198643,0.04851518184851518,2.2244466688907394e-05,1585
0.48679790902013126,0.048559670781893,4.448893337782173e-05,1586
0.4870648426203982,0.048581915248581915,2.2244466688914333e-05,1587
0.4873317762206651,0.04860415971527083,2.2244466688914333e-05,1588
0.48759870982093206,0.04862640418195974,2.2244466688907394e-05,1589
0.487865643421199,0.04864864864864865,2.2244466688914333e-05,1590
0.4881325770214659,0.04867089311533756,2.2244466688907394e-05,1591
0.48839951062173287,0.04869313758202647,2.2244466688914333e-05,1592
0.4886664442219998,0.04871538204871538,2.2244466688907394e-05,1593
0.4889333778222667,0.048737626515404295,2.2244466688914333e-05,1594
0.4892003114225336,0.0487598709820932,2.2244466688907394e-05,1595
0.4894672450228006,0.048804359915471024,4.448893337782173e-05,1596
0.4897341786230675,0.04887109331553776,6.673340006673606e-05,1597
0.4900011122233344,0.048893337782226674,2.2244466688914333e-05,1598
0.4902680458236014,0.04891558224891558,2.2244466688907394e-05,1599
0.4905349794238683,0.048937826715604496,2.2244466688914333e-05,1600
0.49080191302413523,0.0489600711822934,2.2244466688907394e-05,1601
0.4910688466244022,0.04898231564898232,2.2244466688914333e-05,1602
0.4913357802246691,0.049004560115671225,2.2244466688907394e-05,1603
0.49160271382493603,0.04902680458236014,2.2244466688914333e-05,1604
0.491869647425203,0.04904904904904905,2.2244466688907394e-05,1605
0.4921365810254699,0.04918251584918252,0.00013346680013347212,1606
0.49240351462573684,0.049204760315871426,2.2244466688907394e-05,1607
0.49267044822600375,0.04922700478256034,2.2244466688914333e-05,1608
0.4929373818262707,0.04924924924924925,2.2244466688907394e-05,1609
0.49320431542653764,0.04927149371593816,2.2244466688914333e-05,1610
0.49347124902680456,0.04929373818262707,2.2244466688907394e-05,1611
0.49373818262707153,0.049315982649315984,2.2244466688914333e-05,1612
0.49400511622733845,0.04933822711600489,2.2244466688907394e-05,1613
0.49427204982760536,0.049360471582693806,2.2244466688914333e-05,1614
0.49453898342787234,0.04938271604938271,2.2244466688907394e-05,1615
0.49480591702813925,0.04940496051607163,2.2244466688914333e-05,1616
0.49507285062840617,0.049427204982760535,2.2244466688907394e-05,1617
0.49533978422867314,0.04944944944944945,2.2244466688914333e-05,1618
0.49560671782894006,0.049471693916138364,2.2244466688914333e-05,1619
0.495873651429207,0.04949393838282727,2.2244466688907394e-05,1620
0.4961405850294739,0.049516182849516185,2.2244466688914333e-05,1621
0.49640751862974086,0.04953842731620509,2.2244466688907394e-05,1622
0.4966744522300078,0.04956067178289401,2.2244466688914333e-05,1623
0.4969413858302747,0.049582916249582915,2.2244466688907394e-05,1624
0.49720831943054167,0.04960516071627183,2.2244466688914333e-05,1625
0.4974752530308086,0.049627405182960736,2.2244466688907394e-05,1626
0.4977421866310755,0.04967189411633856,4.448893337782173e-05,1627
0.4980091202313425,0.04969413858302747,2.2244466688914333e-05,1628
0.4982760538316094,0.04971638304971638,2.2244466688907394e-05,1629
0.4985429874318763,0.07821154487821154,0.02849516182849516,1630
0.4988099210321433,0.07823378934490045,2.2244466688914333e-05,1631
0.4990768546324102,0.07834501167834501,0.00011122233344455779,1632
0.4993437882326771,0.07836725614503393,2.2244466688914333e-05,1633
0.4996107218329441,0.07838950061172284,2.2244466688914333e-05,1634
0.499877655433211,0.07850072294516738,0.00011122233344454391,1635
0.5001445890334779,0.0785229674118563,2.2244466688914333e-05,1636
0.5004115226337449,0.0785229674118563,0.0,1637
0.5006784562340117,0.0785229674118563,0.0,1638
0.5009453898342787,0.0785229674118563,0.0,1639
0.5012123234345457,0.0785229674118563,0.0,1640
0.5014792570348126,0.0785229674118563,0.0,1641
0.5017461906350795,0.0785229674118563,0.0,1642
0.5020131242353465,0.0785229674118563,0.0,1643
0.5022800578356134,0.0785229674118563,0.0,1644
0.5025469914358803,0.0785229674118563,0.0,1645
0.5028139250361473,0.0785229674118563,0.0,1646
0.5030808586364142,0.0785229674118563,0.0,1647
0.5033477922366811,0.0785229674118563,0.0,1648
0.5036147258369481,0.0785229674118563,0.0,1649
0.503881659437215,0.0785229674118563,0.0,1650
0.5041485930374819,0.0785229674118563,0.0,1651
0.5044155266377489,0.0785229674118563,0.0,1652
0.5046824602380158,0.0785229674118563,0.0,1653
0.5049493938382827,0.0785229674118563,0.0,1654
0.5052163274385496,0.0785229674118563,0.0,1655
0.5054832610388166,0.0785229674118563,0.0,1656
0.5057501946390836,0.0785229674118563,0.0,1657
0.5060171282393504,0.0785229674118563,0.0,1658
0.5062840618396174,0.0785229674118563,0.0,1659
0.5065509954398844,0.0785229674118563,0.0,1660
0.5068179290401512,0.0785229674118563,0.0,1661
0.5070848626404182,0.0785229674118563,0.0,1662
0.5073517962406852,0.0785229674118563,0.0,1663
0.507618729840952,0.0785229674118563,0.0,1664
0.507885663441219,0.0785229674118563,0.0,1665
0.508152597041486,0.0785229674118563,0.0,1666
0.5084195306417528,0.0785229674118563,0.0,1667
0.5086864642420198,0.0785229674118563,0.0,1668
0.5089533978422868,0.0785229674118563,0.0,1669
0.5092203314425536,0.0785229674118563,0.0,1670
0.5094872650428206,0.0785229674118563,0.0,1671
0.5097541986430876,0.0785229674118563,0.0,1672
0.5100211322433544,0.0785229674118563,0.0,1673
0.5102880658436214,0.0785229674118563,0.0,1674
0.5105549994438884,0.0785229674118563,0.0,1675
0.5108219330441552,0.0785229674118563,0.0,1676
0.5110666221777332,0.0785229674118563,0.0,1677
0.5113113113113114,0.0785229674118563,0.0,1678
0.5115560004448894,0.0785229674118563,0.0,1679
0.5118006895784674,0.0785229674118563,0.0,1680
0.5120453787120454,0.0785229674118563,0.0,1681
0.5122900678456234,0.0785229674118563,0.0,1682
0.5125347569792015,0.0785229674118563,0.0,1683
0.5127794461127795,0.0785229674118563,0.0,1684
0.5130241352463575,0.0785229674118563,0.0,1685
0.5132688243799355,0.0785229674118563,0.0,1686
0.5135135135135135,0.0785229674118563,0.0,1687
0.5137582026470915,0.0785229674118563,0.0,1688
0.5140028917806696,0.0785229674118563,0.0,1689
0.5142475809142476,0.0785229674118563,0.0,1690
0.5144922700478256,0.0785229674118563,0.0,1691
0.5147369591814036,0.0785229674118563,0.0,1692
0.5149816483149816,0.0785229674118563,0.0,1693
0.5152263374485597,0.0785229674118563,0.0,1694
0.5154710265821377,0.0785229674118563,0.0,1695
0.5157157157157157,0.0785229674118563,0.0,1696
0.5159604048492937,0.0785229674118563,0.0,1697
0.5162050939828717,0.0785229674118563,0.0,1698
0.5164497831164497,0.0785229674118563,0.0,1699
0.5166944722500278,0.0785229674118563,0.0,1700
0.5169391613836058,0.0785229674118563,0.0,1701
0.5171838505171839,0.0785229674118563,0.0,1702
0.5174285396507619,0.0785229674118563,0.0,1703
0.5176732287843399,0.0785229674118563,0.0,1704
0.517917917917918,0.0785229674118563,0.0,1705
0.518162607051496,0.0785229674118563,0.0,1706
0.518407296185074,0.0785229674118563,0.0,1707
0.518651985318652,0.0785229674118563,0.0,1708
0.51889667445223,0.0785229674118563,0.0,1709
0.519141363585808,0.0785229674118563,0.0,1710
0.5193860527193861,0.0785229674118563,0.0,1711
0.5196307418529641,0.0785229674118563,0.0,1712
0.5198754309865421,0.0785229674118563,0.0,1713
0.5201201201201201,0.0785229674118563,0.0,1714
0.5203648092536981,0.0785229674118563,0.0,1715
0.5206094983872762,0.0785229674118563,0.0,1716
0.5208541875208542,0.0785229674118563,0.0,1717
0.5210988766544322,0.0785229674118563,0.0,1718
0.5213435657880102,0.0785229674118563,0.0,1719
0.5215882549215882,0.0785229674118563,0.0,1720
0.5218329440551662,0.0785229674118563,0.0,1721
0.5220776331887443,0.0785229674118563,0.0,1722
0.5223223223223223,0.0785229674118563,0.0,1723
0.5225670114559003,0.0785229674118563,0.0,1724
0.5228117005894783,0.0785229674118563,0.0,1725
0.5230563897230563,0.0785229674118563,0.0,1726
0.5233010788566345,0.0785229674118563,0.0,1727
0.5235457679902125,0.0785229674118563,0.0,1728
0.5237904571237905,0.0785229674118563,0.0,1729
0.5240351462573685,0.0785229674118563,0.0,1730
0.5242798353909465,0.0785229674118563,0.0,1731
0.5245245245245245,0.0785229674118563,0.0,1732
0.5247692136581026,0.0785229674118563,0.0,1733
0.5250139027916806,0.0785229674118563,0.0,1734
0.5252585919252586,0.0785229674118563,0.0,1735
0.5255032810588366,0.0785229674118563,0.0,1736
0.5257479701924146,0.0785229674118563,0.0,1737
0.5259926593259927,0.0785229674118563,0.0,1738
0.5262373484595707,0.0785229674118563,0.0,1739
0.5264820375931487,0.0785229674118563,0.0,1740
0.5267267267267267,0.0785229674118563,0.0,1741
0.5269714158603047,0.0785229674118563,0.0,1742
0.5272161049938827,0.0785229674118563,0.0,1743
0.5274607941274608,0.0785229674118563,0.0,1744
0.5277054832610388,0.0785229674118563,0.0,1745
0.5279501723946168,0.0785229674118563,0.0,1746
0.5281948615281948,0.0785229674118563,0.0,1747
0.5284395506617728,0.0785229674118563,0.0,1748
0.528684239795351,0.0785229674118563,0.0,1749
0.528928928928929,0.0785229674118563,0.0,1750
0.529173618062507,0.0785229674118563,0.0,1751
0.529418307196085,0.0785229674118563,0.0,1752
0.529662996329663,0.0785229674118563,0.0,1753
0.5299076854632411,0.0785229674118563,0.0,1754
0.5301523745968191,0.0785229674118563,0.0,1755
0.5303970637303971,0.0785229674118563,0.0,1756
0.5306417528639751,0.0785229674118563,0.0,1757
0.5308864419975531,0.0785229674118563,0.0,1758
0.5311311311311311,0.0785229674118563,0.0,1759
0.5313758202647092,0.0785229674118563,0.0,1760
0.5316205093982872,0.0785229674118563,0.0,1761
0.5318651985318652,0.0785229674118563,0.0,1762
0.5321098876654432,0.0785229674118563,0.0,1763
0.5323545767990212,0.0785229674118563,0.0,1764
0.5325992659325993,0.0785229674118563,0.0,1765
0.5328439550661773,0.0785229674118563,0.0,1766
0.5330886441997553,0.0785229674118563,0.0,1767
0.5333333333333333,0.0785229674118563,0.0,1768
0.5335780224669113,0.0785229674118563,0.0,1769
0.5338227116004893,0.0785229674118563,0.0,1770
0.5340674007340674,0.0785229674118563,0.0,1771
0.5343120898676454,0.0785229674118563,0.0,1772
0.5345567790012234,0.0785229674118563,0.0,1773
0.5348014681348014,0.0785229674118563,0.0,1774
0.5350461572683795,0.0785229674118563,0.0,1775
0.5352908464019576,0.0785229674118563,0.0,1776
0.5355355355355356,0.0785229674118563,0.0,1777
0.5357802246691136,0.0785229674118563,0.0,1778
0.5360249138026916,0.0785229674118563,0.0,1779
0.5362696029362696,0.0785229674118563,0.0,1780
0.5365142920698476,0.0785229674118563,0.0,1781
0.5367589812034257,0.0785229674118563,0.0,1782
0.5370036703370037,0.0785229674118563,0.0,1783
0.5372483594705817,0.0785229674118563,0.0,1784
0.5374930486041597,0.0785229674118563,0.0,1785
0.5377377377377377,0.0785229674118563,0.0,1786
0.5379824268713158,0.0785229674118563,0.0,1787
0.5382271160048938,0.0785229674118563,0.0,1788
0.5384718051384718,0.0785229674118563,0.0,1789
0.5387164942720498,0.0785229674118563,0.0,1790
0.5389611834056278,0.0785229674118563,0.0,1791
0.5392058725392058,0.0785229674118563,0.0,1792
0.5394505616727839,0.0785229674118563,0.0,1793
0.5396952508063619,0.0785229674118563,0.0,1794
0.5399399399399399,0.0785229674118563,0.0,1795
0.5401846290735179,0.0785229674118563,0.0,1796
0.5404293182070959,0.0785229674118563,0.0,1797
0.5406740073406741,0.0785229674118563,0.0,1798
0.5409186964742521,0.0785229674118563,0.0,1799
0.5411633856078301,0.0785229674118563,0.0,1800
0.5414080747414081,0.0785229674118563,0.0,1801
0.5416527638749861,0.0785229674118563,0.0,1802
0.5418974530085641,0.0785229674118563,0.0,1803
0.5421421421421422,0.0785229674118563,0.0,1804
0.5423868312757202,0.0785229674118563,0.0,1805
0.5426315204092982,0.0785229674118563,0.0,1806
0.5428762095428762,0.0785229674118563,0.0,1807
0.5431208986764542,0.0785229674118563,0.0,1808
0.5433655878100323,0.0785229674118563,0.0,1809
0.5436102769436103,0.0785229674118563,0.0,1810
0.5438549660771883,0.0785229674118563,0.0,1811
0.5440996552107663,0.0785229674118563,0.0,1812
0.5443443443443443,0.0785229674118563,0.0,1813
0.5445890334779223,0.0785229674118563,0.0,1814
0.5448337226115004,0.0785229674118563,0.0,1815
0.5450784117450784,0.0785229674118563,0.0,1816
0.5453231008786564,0.0785229674118563,0.0,1817
0.5455677900122344,0.0785229674118563,0.0,1818
0.5458124791458124,0.0785229674118563,0.0,1819
0.5460571682793905,0.0785229674118563,0.0,1820
0.5463018574129686,0.0785229674118563,0.0,1821
0.5465465465465466,0.0785229674118563,0.0,1822
0.5467912356801246,0.0785229674118563,0.0,1823
0.5470359248137026,0.0785229674118563,0.0,1824
0.5472806139472806,0.0785229674118563,0.0,1825
0.5475253030808587,0.0785229674118563,0.0,1826
0.5477699922144367,0.0785229674118563,0.0,1827
0.5480146813480147,0.0785229674118563,0.0,1828
0.5482593704815927,0.0785229674118563,0.0,1829
0.5485040596151707,0.0785229674118563,0.0,1830
0.5487487487487488,0.0785229674118563,0.0,1831
0.5489934378823268,0.0785229674118563,0.0,1832
0.5492381270159048,0.0785229674118563,0.0,1833
0.5494828161494828,0.0785229674118563,0.0,1834
0.5497275052830608,0.0785229674118563,0.0,1835
0.5499721944166389,0.0785229674118563,0.0,1836
0.5502168835502169,0.0785229674118563,0.0,1837
0.5504615726837949,0.0785229674118563,0.0,1838
0.5507062618173729,0.0785229674118563,0.0,1839
0.5509509509509509,0.0785229674118563,0.0,1840
0.5511956400845289,0.0785229674118563,0.0,1841
0.551440329218107,0.0785229674118563,0.0,1842
0.551685018351685,0.0785229674118563,0.0,1843
0.551929707485263,0.0785229674118563,0.0,1844
0.552174396618841,0.0785229674118563,0.0,1845
0.552419085752419,0.0785229674118563,0.0,1846
0.5526637748859972,0.0785229674118563,0.0,1847
0.5529084640195752,0.0785229674118563,0.0,1848
0.5531531531531532,0.0785229674118563,0.0,1849
0.5533978422867312,0.0785229674118563,0.0,1850
0.5536425314203092,0.0785229674118563,0.0,1851
0.5538872205538872,0.0785229674118563,0.0,1852
0.5541319096874653,0.0785229674118563,0.0,1853
0.5543765988210433,0.0785229674118563,0.0,1854
0.5546212879546213,0.0785229674118563,0.0,1855
0.5548659770881993,0.0785229674118563,0.0,1856
0.5551106662217773,0.0785229674118563,0.0,1857
0.5553331108886664,0.0785229674118563,0.0,1858
0.5555555555555556,0.0785229674118563,0.0,1859
0.5557780002224446,0.0785229674118563,0.0,1860
0.5560004448893338,0.0785229674118563,0.0,1861
0.5562228895562229,0.0785229674118563,0.0,1862
0.556445334223112,0.0785229674118563,0.0,1863
0.5566677788900011,0.0785229674118563,0.0,1864
0.5568902235568902,0.0785229674118563,0.0,1865
0.5571126682237794,0.0785229674118563,0.0,1866
0.5573351128906684,0.0785229674118563,0.0,1867
0.5575575575575575,0.0785229674118563,0.0,1868
0.5577800022244467,0.0785229674118563,0.0,1869
0.5580024468913358,0.0785229674118563,0.0,1870
0.5582248915582249,0.0785229674118563,0.0,1871
0.558447336225114,0.0785229674118563,0.0,1872
0.5586697808920031,0.0785229674118563,0.0,1873
0.5588922255588922,0.0785229674118563,0.0,1874
0.5591146702257813,0.0785229674118563,0.0,1875
0.5593371148926705,0.0785229674118563,0.0,1876
0.5595595595595596,0.0785229674118563,0.0,1877
0.5597820042264486,0.0785229674118563,0.0,1878
0.5600044488933378,0.0785229674118563,0.0,1879
0.5602268935602269,0.0785229674118563,0.0,1880
0.560449338227116,0.0785229674118563,0.0,1881
0.5606717828940051,0.0785229674118563,0.0,1882
0.5608942275608942,0.0785229674118563,0.0,1883
0.5611166722277834,0.0785229674118563,0.0,1884
0.5613391168946724,0.0785229674118563,0.0,1885
0.5615615615615616,0.0785229674118563,0.0,1886
0.5617840062284507,0.0785229674118563,0.0,1887
0.5620064508953397,0.0785229674118563,0.0,1888
0.5622288955622289,0.0785229674118563,0.0,1889
0.562451340229118,0.0785229674118563,0.0,1890
0.5626737848960072,0.0785229674118563,0.0,1891
0.5628962295628962,0.0785229674118563,0.0,1892
0.5631186742297853,0.0785229674118563,0.0,1893
0.5633411188966745,0.0785229674118563,0.0,1894
0.5635635635635635,0.0785229674118563,0.0,1895
0.5637860082304527,0.0785229674118563,0.0,1896
0.5640084528973418,0.0785229674118563,0.0,1897
0.564230897564231,0.0785229674118563,0.0,1898
0.56445334223112,0.0785229674118563,0.0,1899
0.5646757868980091,0.0785229674118563,0.0,1900
0.5648982315648983,0.0785229674118563,0.0,1901
0.5651206762317873,0.0785229674118563,0.0,1902
0.5653431208986764,0.0785229674118563,0.0,1903
0.5655655655655656,0.0785229674118563,0.0,1904
0.5657880102324547,0.0785229674118563,0.0,1905
0.5660104548993438,0.0785229674118563,0.0,1906
0.5662328995662329,0.0785229674118563,0.0,1907
0.566455344233122,0.0785229674118563,0.0,1908
0.5666777889000111,0.0785229674118563,0.0,1909
0.5669002335669002,0.0785229674118563,0.0,1910
0.5671226782337894,0.0785229674118563,0.0,1911
0.5673451229006785,0.0785229674118563,0.0,1912
0.5675675675675675,0.0785229674118563,0.0,1913
0.5677900122344567,0.0785229674118563,0.0,1914
0.5680124569013458,0.0785229674118563,0.0,1915
0.5682349015682349,0.0785229674118563,0.0,1916
0.568457346235124,0.0785229674118563,0.0,1917
0.5686797909020131,0.0785229674118563,0.0,1918
0.5689022355689022,0.0785229674118563,0.0,1919
0.5691246802357913,0.0785229674118563,0.0,1920
0.5693471249026805,0.0785229674118563,0.0,1921
0.5695695695695696,0.0785229674118563,0.0,1922
0.5697920142364586,0.0785229674118563,0.0,1923
0.5700144589033478,0.0785229674118563,0.0,1924
0.5702369035702369,0.0785229674118563,0.0,1925
0.570459348237126,0.0785229674118563,0.0,1926
0.5706817929040151,0.0785229674118563,0.0,1927
0.5709042375709042,0.0785229674118563,0.0,1928
0.5711266822377934,0.0785229674118563,0.0,1929
0.5713491269046824,0.0785229674118563,0.0,1930
0.5715715715715716,0.0785229674118563,0.0,1931
0.5717940162384607,0.0785229674118563,0.0,1932
0.5720164609053497,0.0785229674118563,0.0,1933
0.5722389055722389,0.0785229674118563,0.0,1934
0.572461350239128,0.0785229674118563,0.0,1935
0.5726837949060172,0.0785229674118563,0.0,1936
0.5729062395729062,0.0785229674118563,0.0,1937
0.5731286842397953,0.0785229674118563,0.0,1938
0.5733511289066845,0.0785229674118563,0.0,1939
0.5735735735735735,0.0785229674118563,0.0,1940
0.5737960182404627,0.0785229674118563,0.0,1941
0.5740184629073518,0.0785229674118563,0.0,1942
0.574240907574241,0.0785229674118563,0.0,1943
0.57446335224113,0.0785229674118563,0.0,1944
0.5746857969080191,0.0785229674118563,0.0,1945
0.5749082415749083,0.0785229674118563,0.0,1946
0.5751306862417973,0.0785229674118563,0.0,1947
0.5753531309086864,0.0785229674118563,0.0,1948
0.5755755755755756,0.0785229674118563,0.0,1949
0.5757980202424647,0.0785229674118563,0.0,1950
0.5760204649093538,0.0785229674118563,0.0,1951
0.5762429095762429,0.0785229674118563,0.0,1952
0.576465354243132,0.0785229674118563,0.0,1953
0.5766877989100211,0.0785229674118563,0.0,1954
0.5769102435769102,0.0785229674118563,0.0,1955
0.5771326882437994,0.0785229674118563,0.0,1956
0.5773551329106885,0.0785229674118563,0.0,1957
0.5775775775775776,0.0785229674118563,0.0,1958
0.5778000222444667,0.0785229674118563,0.0,1959
0.5780224669113558,0.0785229674118563,0.0,1960
0.5782449115782449,0.0785229674118563,0.0,1961
0.578467356245134,0.0785229674118563,0.0,1962
0.5786898009120232,0.0785229674118563,0.0,1963
0.5789122455789123,0.0785229674118563,0.0,1964
0.5791346902458013,0.0785229674118563,0.0,1965
0.5793571349126905,0.0785229674118563,0.0,1966
0.5795795795795796,0.0785229674118563,0.0,1967
0.5798020242464687,0.0785229674118563,0.0,1968
0.5800244689133578,0.0785229674118563,0.0,1969
0.5802469135802469,0.0785229674118563,0.0,1970
0.5804693582471361,0.0785229674118563,0.0,1971
0.5806918029140251,0.0785229674118563,0.0,1972
0.5809142475809143,0.0785229674118563,0.0,1973
0.5811366922478034,0.0785229674118563,0.0,1974
0.5813591369146924,0.0785229674118563,0.0,1975
0.5815815815815816,0.0785229674118563,0.0,1976
0.5818040262484707,0.0785229674118563,0.0,1977
0.5820264709153598,0.0785229674118563,0.0,1978
0.5822489155822489,0.0785229674118563,0.0,1979
0.582471360249138,0.0785229674118563,0.0,1980
0.5826938049160272,0.0785229674118563,0.0,1981
0.5829162495829162,0.0785229674118563,0.0,1982
0.5831386942498054,0.0785229674118563,0.0,1983
0.5833611389166945,0.0785229674118563,0.0,1984
0.5835835835835835,0.0785229674118563,0.0,1985
0.5838060282504727,0.0785229674118563,0.0,1986
0.5840284729173618,0.0785229674118563,0.0,1987
0.584250917584251,0.0785229674118563,0.0,1988
0.58447336225114,0.0785229674118563,0.0,1989
0.5846958069180291,0.0785229674118563,0.0,1990
0.5849182515849183,0.0785229674118563,0.0,1991
0.5851406962518073,0.0785229674118563,0.0,1992
0.5853631409186965,0.0785229674118563,0.0,1993
0.5855855855855856,0.0785229674118563,0.0,1994
0.5858080302524747,0.0785229674118563,0.0,1995
0.5860304749193638,0.0785229674118563,0.0,1996
0.5862529195862529,0.0785229674118563,0.0,1997
0.5864753642531421,0.0785229674118563,0.0,1998
0.5866978089200311,0.0785229674118563,0.0,1999
0.5869202535869202,0.0785229674118563,0.0,2000
0.5871426982538094,0.0785229674118563,0.0,2001
0.5873651429206985,0.0785229674118563,0.0,2002
0.5875875875875876,0.0785229674118563,0.0,2003
0.5878100322544767,0.0785229674118563,0.0,2004
0.5880324769213658,0.0785229674118563,0.0,2005
0.5882549215882549,0.0785229674118563,0.0,2006
0.588477366255144,0.0785229674118563,0.0,2007
0.5886998109220332,0.0785229674118563,0.0,2008
0.5889222555889223,0.0785229674118563,0.0,2009
0.5891447002558113,0.0785229674118563,0.0,2010
0.5893671449227005,0.0785229674118563,0.0,2011
0.5895895895895896,0.0785229674118563,0.0,2012
0.5898120342564787,0.0785229674118563,0.0,2013
0.5900344789233678,0.0785229674118563,0.0,2014
0.5902569235902569,0.0785229674118563,0.0,2015
0.5904793682571461,0.0785229674118563,0.0,2016
0.5907018129240351,0.0785229674118563,0.0,2017
0.5909242575909243,0.0785229674118563,0.0,2018
0.5911467022578134,0.0785229674118563,0.0,2019
0.5913691469247024,0.0785229674118563,0.0,2020
0.5915915915915916,0.0785229674118563,0.0,2021
0.5918140362584807,0.0785229674118563,0.0,2022
0.5920364809253699,0.0785229674118563,0.0,2023
0.5922589255922589,0.0785229674118563,0.0,2024
0.592481370259148,0.0785229674118563,0.0,2025
0.5927038149260372,0.0785229674118563,0.0,2026
0.5929262595929262,0.0785229674118563,0.0,2027
0.5931487042598154,0.0785229674118563,0.0,2028
0.5933711489267045,0.0785229674118563,0.0,2029
0.5935935935935935,0.0785229674118563,0.0,2030
0.5938160382604827,0.0785229674118563,0.0,2031
0.5940384829273718,0.0785229674118563,0.0,2032
0.594260927594261,0.0785229674118563,0.0,2033
0.59448337226115,0.0785229674118563,0.0,2034
0.5947058169280391,0.0785229674118563,0.0,2035
0.5949282615949283,0.0785229674118563,0.0,2036
0.5951507062618173,0.0785229674118563,0.0,2037
0.5953731509287065,0.0785229674118563,0.0,2038
0.5955955955955956,0.0785229674118563,0.0,2039
0.5958180402624847,0.0785229674118563,0.0,2040
0.5960404849293738,0.0785229674118563,0.0,2041
0.5962629295962629,0.0785229674118563,0.0,2042
0.5964853742631521,0.0785229674118563,0.0,2043
0.5967078189300411,0.0785229674118563,0.0,2044
0.5969302635969302,0.0785229674118563,0.0,2045
0.5971527082638194,0.0785229674118563,0.0,2046
0.5973751529307085,0.0785229674118563,0.0,2047
0.5975975975975976,0.0785229674118563,0.0,2048
0.5978200422644867,0.0785229674118563,0.0,2049
0.5980424869313758,0.0785229674118563,0.0,2050
0.5982649315982649,0.0785229674118563,0.0,2051
0.598487376265154,0.0785229674118563,0.0,2052
0.5987098209320432,0.0785229674118563,0.0,2053
0.5989322655989323,0.0785229674118563,0.0,2054
0.5991547102658213,0.0785229674118563,0.0,2055
0.5993771549327105,0.0785229674118563,0.0,2056
0.5995995995995996,0.0785229674118563,0.0,2057
0.5997997997997998,0.0785229674118563,0.0,2058
0.6,0.0785229674118563,0.0,2059
0.6002002002002002,0.0785229674118563,0.0,2060
0.6004004004004004,0.0785229674118563,0.0,2061
0.6006006006006006,0.0785229674118563,0.0,2062
0.6008008008008008,0.0785229674118563,0.0,2063
0.601001001001001,0.0785229674118563,0.0,2064
0.6012012012012012,0.0785229674118563,0.0,2065
0.6014014014014014,0.0785229674118563,0.0,2066
0.6016016016016016,0.0785229674118563,0.0,2067
0.6018018018018018,0.0785229674118563,0.0,2068
0.602002002002002,0.0785229674118563,0.0,2069
0.6022022022022022,0.0785229674118563,0.0,2070
0.6024024024024024,0.0785229674118563,0.0,2071
0.6026026026026026,0.0785229674118563,0.0,2072
0.6028028028028029,0.0785229674118563,0.0,2073
0.603003003003003,0.0785229674118563,0.0,2074
0.6032032032032032,0.0785229674118563,0.0,2075
0.6034034034034034,0.0785229674118563,0.0,2076
0.6036036036036037,0.0785229674118563,0.0,2077
0.6038038038038038,0.0785229674118563,0.0,2078
0.604004004004004,0.0785229674118563,0.0,2079
0.6042042042042042,0.0785229674118563,0.0,2080
0.6044044044044043,0.0785229674118563,0.0,2081
0.6046046046046046,0.0785229674118563,0.0,2082
0.6048048048048048,0.0785229674118563,0.0,2083
0.605005005005005,0.0785229674118563,0.0,2084
0.6052052052052052,0.0785229674118563,0.0,2085
0.6054054054054054,0.0785229674118563,0.0,2086
0.6056056056056056,0.0785229674118563,0.0,2087
0.6058058058058058,0.0785229674118563,0.0,2088
0.606006006006006,0.0785229674118563,0.0,2089
0.6062062062062062,0.0785229674118563,0.0,2090
0.6064064064064064,0.0785229674118563,0.0,2091
0.6066066066066066,0.0785229674118563,0.0,2092
0.6068068068068068,0.0785229674118563,0.0,2093
0.607007007007007,0.0785229674118563,0.0,2094
0.6072072072072072,0.0785229674118563,0.0,2095
0.6074074074074074,0.0785229674118563,0.0,2096
0.6076076076076076,0.0785229674118563,0.0,2097
0.6078078078078079,0.0785229674118563,0.0,2098
0.608008008008008,0.0785229674118563,0.0,2099
0.6082082082082082,0.0785229674118563,0.0,2100
0.6084084084084084,0.0785229674118563,0.0,2101
0.6086086086086087,0.0785229674118563,0.0,2102
0.6088088088088088,0.0785229674118563,0.0,2103
0.609009009009009,0.0785229674118563,0.0,2104
0.6092092092092092,0.0785229674118563,0.0,2105
0.6094094094094095,0.0785229674118563,0.0,2106
0.6096096096096096,0.0785229674118563,0.0,2107
0.6098098098098098,0.0785229674118563,0.0,2108
0.61001001001001,0.0785229674118563,0.0,2109
0.6102102102102102,0.0785229674118563,0.0,2110
0.6104104104104104,0.0785229674118563,0.0,2111
0.6106106106106106,0.0785229674118563,0.0,2112
0.6108108108108108,0.0785229674118563,0.0,2113
0.611011011011011,0.0785229674118563,0.0,2114
0.6112112112112112,0.0785229674118563,0.0,2115
0.6114114114114114,0.0785229674118563,0.0,2116
0.6116116116116116,0.0785229674118563,0.0,2117
0.6118118118118118,0.0785229674118563,0.0,2118
0.612012012012012,0.0785229674118563,0.0,2119
0.6122122122122122,0.0785229674118563,0.0,2120
0.6124124124124124,0.0785229674118563,0.0,2121
0.6126126126126126,0.0785229674118563,0.0,2122
0.6128128128128129,0.0785229674118563,0.0,2123
0.613013013013013,0.0785229674118563,0.0,2124
0.6132132132132132,0.0785229674118563,0.0,2125
0.6134134134134134,0.0785229674118563,0.0,2126
0.6136136136136137,0.0785229674118563,0.0,2127
0.6138138138138138,0.0785229674118563,0.0,2128
0.614014014014014,0.0785229674118563,0.0,2129
0.6142142142142142,0.0785229674118563,0.0,2130
0.6144144144144145,0.0785229674118563,0.0,2131
0.6146146146146146,0.0785229674118563,0.0,2132
0.6148148148148148,0.0785229674118563,0.0,2133
0.615015015015015,0.0785229674118563,0.0,2134
0.6152152152152152,0.0785229674118563,0.0,2135
0.6154154154154154,0.0785229674118563,0.0,2136
0.6156156156156156,0.0785229674118563,0.0,2137
0.6158158158158158,0.0785229674118563,0.0,2138
0.616016016016016,0.0785229674118563,0.0,2139
0.6162162162162163,0.0785229674118563,0.0,2140
0.6164164164164164,0.0785229674118563,0.0,2141
0.6166166166166166,0.0785229674118563,0.0,2142
0.6168168168168168,0.0785229674118563,0.0,2143
0.617017017017017,0.0785229674118563,0.0,2144
0.6172172172172172,0.0785229674118563,0.0,2145
0.6174174174174174,0.0785229674118563,0.0,2146
0.6176176176176176,0.0785229674118563,0.0,2147
0.6178178178178179,0.0785229674118563,0.0,2148
0.618018018018018,0.0785229674118563,0.0,2149
0.6182182182182182,0.0785229674118563,0.0,2150
0.6184184184184184,0.0785229674118563,0.0,2151
0.6186186186186187,0.0785229674118563,0.0,2152
0.6188188188188188,0.0785229674118563,0.0,2153
0.619019019019019,0.0785229674118563,0.0,2154
0.6192192192192192,0.0785229674118563,0.0,2155
0.6194194194194195,0.0785229674118563,0.0,2156
0.6196196196196196,0.0785229674118563,0.0,2157
0.6198198198198198,0.0785229674118563,0.0,2158
0.62002002002002,0.0785229674118563,0.0,2159
0.6202202202202203,0.0785229674118563,0.0,2160
0.6204204204204204,0.0785229674118563,0.0,2161
0.6206206206206206,0.0785229674118563,0.0,2162
0.6208208208208208,0.0785229674118563,0.0,2163
0.621021021021021,0.0785229674118563,0.0,2164
0.6212212212212213,0.0785229674118563,0.0,2165
0.6214214214214214,0.0785229674118563,0.0,2166
0.6216216216216216,0.0785229674118563,0.0,2167
0.6218218218218218,0.0785229674118563,0.0,2168
0.6220220220220221,0.0785229674118563,0.0,2169
0.6222222222222222,0.0785229674118563,0.0,2170
0.6224224224224224,0.0785229674118563,0.0,2171
0.6226226226226226,0.0785229674118563,0.0,2172
0.6228228228228229,0.0785229674118563,0.0,2173
0.623023023023023,0.0785229674118563,0.0,2174
0.6232232232232232,0.0785229674118563,0.0,2175
0.6234234234234234,0.0785229674118563,0.0,2176
0.6236236236236237,0.0785229674118563,0.0,2177
0.6238238238238238,0.0785229674118563,0.0,2178
0.624024024024024,0.0785229674118563,0.0,2179
0.6242242242242242,0.0785229674118563,0.0,2180
0.6244244244244245,0.0785229674118563,0.0,2181
0.6246246246246246,0.0785229674118563,0.0,2182
0.6248248248248248,0.0785229674118563,0.0,2183
0.625025025025025,0.0785229674118563,0.0,2184
0.6252252252252253,0.0785229674118563,0.0,2185
0.6254254254254255,0.0785229674118563,0.0,2186
0.6256256256256256,0.0785229674118563,0.0,2187
0.6258258258258258,0.0785229674118563,0.0,2188
0.626026026026026,0.0785229674118563,0.0,2189
0.6262262262262263,0.0785229674118563,0.0,2190
0.6264264264264264,0.0785229674118563,0.0,2191
0.6266266266266266,0.0785229674118563,0.0,2192
0.6268268268268268,0.0785229674118563,0.0,2193
0.6270270270270271,0.0785229674118563,0.0,2194
0.6272272272272272,0.0785229674118563,0.0,2195
0.6274274274274274,0.0785229674118563,0.0,2196
0.6276276276276276,0.0785229674118563,0.0,2197
0.6278278278278279,0.0785229674118563,0.0,2198
0.628028028028028,0.0785229674118563,0.0,2199
0.6282282282282282,0.0785229674118563,0.0,2200
0.6284284284284284,0.0785229674118563,0.0,2201
0.6286286286286287,0.0785229674118563,0.0,2202
0.6288288288288288,0.0785229674118563,0.0,2203
0.629029029029029,0.0785229674118563,0.0,2204
0.6292292292292292,0.0785229674118563,0.0,2205
0.6294294294294295,0.0785229674118563,0.0,2206
0.6296296296296297,0.0785229674118563,0.0,2207
0.6298298298298298,0.0785229674118563,0.0,2208
0.63003003003003,0.0785229674118563,0.0,2209
0.6302302302302303,0.0785229674118563,0.0,2210
0.6304304304304305,0.0785229674118563,0.0,2211
0.6306306306306306,0.0785229674118563,0.0,2212
0.6308308308308308,0.0785229674118563,0.0,2213
0.631031031031031,0.0785229674118563,0.0,2214
0.6312312312312313,0.0785229674118563,0.0,2215
0.6314314314314314,0.0785229674118563,0.0,2216
0.6316316316316316,0.0785229674118563,0.0,2217
0.6318318318318318,0.0785229674118563,0.0,2218
0.6320320320320321,0.0785229674118563,0.0,2219
0.6322322322322322,0.0785229674118563,0.0,2220
0.6324324324324324,0.0785229674118563,0.0,2221
0.6326326326326326,0.0785229674118563,0.0,2222
0.6328328328328329,0.0785229674118563,0.0,2223
0.633033033033033,0.0785229674118563,0.0,2224
0.6332332332332332,0.0785229674118563,0.0,2225
0.6334334334334334,0.0785229674118563,0.0,2226
0.6336336336336337,0.0785229674118563,0.0,2227
0.6338338338338338,0.0785229674118563,0.0,2228
0.634034034034034,0.0785229674118563,0.0,2229
0.6342342342342342,0.0785229674118563,0.0,2230
0.6344344344344345,0.0785229674118563,0.0,2231
0.6346346346346347,0.0785229674118563,0.0,2232
0.6348348348348348,0.0785229674118563,0.0,2233
0.635035035035035,0.0785229674118563,0.0,2234
0.6352352352352353,0.0785229674118563,0.0,2235
0.6354354354354355,0.0785229674118563,0.0,2236
0.6356356356356356,0.0785229674118563,0.0,2237
0.6358358358358358,0.0785229674118563,0.0,2238
0.6360360360360361,0.0785229674118563,0.0,2239
0.6362362362362363,0.0785229674118563,0.0,2240
0.6364364364364364,0.0785229674118563,0.0,2241
0.6366366366366366,0.0785229674118563,0.0,2242
0.6368368368368368,0.0785229674118563,0.0,2243
0.6370370370370371,0.0785229674118563,0.0,2244
0.6372372372372372,0.0785229674118563,0.0,2245
0.6374374374374374,0.0785229674118563,0.0,2246
0.6376376376376376,0.0785229674118563,0.0,2247
0.6378378378378379,0.0785229674118563,0.0,2248
0.638038038038038,0.0785229674118563,0.0,2249
0.6382382382382382,0.0785229674118563,0.0,2250
0.6384384384384384,0.0785229674118563,0.0,2251
0.6386386386386387,0.0785229674118563,0.0,2252
0.6388388388388389,0.0785229674118563,0.0,2253
0.639039039039039,0.0785229674118563,0.0,2254
0.6392392392392392,0.0785229674118563,0.0,2255
0.6394394394394395,0.0785229674118563,0.0,2256
0.6396396396396397,0.0785229674118563,0.0,2257
0.6398398398398398,0.0785229674118563,0.0,2258
0.64004004004004,0.0785229674118563,0.0,2259
0.6402402402402403,0.0785229674118563,0.0,2260
0.6404404404404405,0.0785229674118563,0.0,2261
0.6406406406406406,0.0785229674118563,0.0,2262
0.6408408408408408,0.0785229674118563,0.0,2263
0.6410410410410411,0.0785229674118563,0.0,2264
0.6412412412412413,0.0785229674118563,0.0,2265
0.6414414414414414,0.0785229674118563,0.0,2266
0.6416416416416416,0.0785229674118563,0.0,2267
0.6418418418418418,0.0785229674118563,0.0,2268
0.6420420420420421,0.0785229674118563,0.0,2269
0.6422422422422422,0.0785229674118563,0.0,2270
0.6424424424424424,0.0785229674118563,0.0,2271
0.6426426426426426,0.0785229674118563,0.0,2272
0.6428428428428429,0.0785229674118563,0.0,2273
0.643043043043043,0.0785229674118563,0.0,2274
0.6432432432432432,0.0785229674118563,0.0,2275
0.6434434434434434,0.0785229674118563,0.0,2276
0.6436436436436437,0.0785229674118563,0.0,2277
0.6438438438438439,0.0785229674118563,0.0,2278
0.644044044044044,0.0785229674118563,0.0,2279
0.6442442442442442,0.0785229674118563,0.0,2280
0.6444221999777555,0.0785229674118563,0.0,2281
0.6446001557112668,0.0785229674118563,0.0,2282
0.6447781114447781,0.0785229674118563,0.0,2283
0.6449560671782893,0.0785229674118563,0.0,2284
0.6451340229118007,0.0785229674118563,0.0,2285
0.645311978645312,0.0785229674118563,0.0,2286
0.6454899343788233,0.0785229674118563,0.0,2287
0.6456678901123346,0.0785229674118563,0.0,2288
0.6458458458458458,0.0785229674118563,0.0,2289
0.6460238015793571,0.0785229674118563,0.0,2290
0.6462017573128684,0.0785229674118563,0.0,2291
0.6463797130463798,0.0785229674118563,0.0,2292
0.646557668779891,0.0785229674118563,0.0,2293
0.6467356245134023,0.0785229674118563,0.0,2294
0.6469135802469136,0.0785229674118563,0.0,2295
0.6470915359804249,0.0785229674118563,0.0,2296
0.6472694917139361,0.0785229674118563,0.0,2297
0.6474474474474474,0.0785229674118563,0.0,2298
0.6476254031809587,0.0785229674118563,0.0,2299
0.64780335891447,0.0785229674118563,0.0,2300
0.6479813146479814,0.0785229674118563,0.0,2301
0.6481592703814926,0.0785229674118563,0.0,2302
0.6483372261150039,0.0785229674118563,0.0,2303
0.6485151818485152,0.0785229674118563,0.0,2304
0.6486931375820265,0.0785229674118563,0.0,2305
0.6488710933155377,0.0785229674118563,0.0,2306
0.649049049049049,0.0785229674118563,0.0,2307
0.6492270047825603,0.0785229674118563,0.0,2308
0.6494049605160717,0.0785229674118563,0.0,2309
0.6495829162495829,0.0785229674118563,0.0,2310
0.6497608719830942,0.0785229674118563,0.0,2311
0.6499388277166055,0.0785229674118563,0.0,2312
0.6501167834501168,0.0785229674118563,0.0,2313
0.6502947391836281,0.0785229674118563,0.0,2314
0.6504726949171393,0.0785229674118563,0.0,2315
0.6506506506506506,0.0785229674118563,0.0,2316
0.650828606384162,0.0785229674118563,0.0,2317
0.6510065621176733,0.0785229674118563,0.0,2318
0.6511845178511845,0.0785229674118563,0.0,2319
0.6513624735846958,0.0785229674118563,0.0,2320
0.6515404293182071,0.0785229674118563,0.0,2321
0.6517183850517184,0.0785229674118563,0.0,2322
0.6518963407852296,0.0785229674118563,0.0,2323
0.6520742965187409,0.0785229674118563,0.0,2324
0.6522522522522523,0.0785229674118563,0.0,2325
0.6524302079857636,0.0785229674118563,0.0,2326
0.6526081637192749,0.0785229674118563,0.0,2327
0.6527861194527861,0.0785229674118563,0.0,2328
0.6529640751862974,0.0785229674118563,0.0,2329
0.6531420309198087,0.0785229674118563,0.0,2330
0.65331998665332,0.0785229674118563,0.0,2331
0.6534979423868312,0.0785229674118563,0.0,2332
0.6536758981203425,0.0785229674118563,0.0,2333
0.6538538538538539,0.0785229674118563,0.0,2334
0.6540318095873652,0.0785229674118563,0.0,2335
0.6542097653208764,0.0785229674118563,0.0,2336
0.6543877210543877,0.0785229674118563,0.0,2337
0.654565676787899,0.0785229674118563,0.0,2338
0.6547436325214103,0.0785229674118563,0.0,2339
0.6549215882549216,0.0785229674118563,0.0,2340
0.6550995439884328,0.0785229674118563,0.0,2341
0.6552774997219442,0.0785229674118563,0.0,2342
0.6554554554554555,0.0785229674118563,0.0,2343
0.6556334111889668,0.0785229674118563,0.0,2344
0.655811366922478,0.0785229674118563,0.0,2345
0.6559893226559893,0.0785229674118563,0.0,2346
0.6561672783895006,0.0785229674118563,0.0,2347
0.6563452341230119,0.0785229674118563,0.0,2348
0.6565231898565231,0.0785229674118563,0.0,2349
0.6567011455900345,0.0785229674118563,0.0,2350
0.6568791013235458,0.0785229674118563,0.0,2351
0.6570570570570571,0.0785229674118563,0.0,2352
0.6572350127905684,0.0785229674118563,0.0,2353
0.6574129685240796,0.0785229674118563,0.0,2354
0.6575909242575909,0.0785229674118563,0.0,2355
0.6577688799911022,0.0785229674118563,0.0,2356
0.6579468357246135,0.0785229674118563,0.0,2357
0.6581247914581247,0.0785229674118563,0.0,2358
0.6583027471916361,0.0785229674118563,0.0,2359
0.6584807029251474,0.0785229674118563,0.0,2360
0.6586586586586587,0.0785229674118563,0.0,2361
0.6588366143921699,0.0785229674118563,0.0,2362
0.6590145701256812,0.0785229674118563,0.0,2363
0.6591925258591925,0.0785229674118563,0.0,2364
0.6593704815927038,0.0785229674118563,0.0,2365
0.6595484373262152,0.0785229674118563,0.0,2366
0.6597263930597264,0.0785229674118563,0.0,2367
0.6599043487932377,0.0785229674118563,0.0,2368
0.660082304526749,0.0785229674118563,0.0,2369
0.6602602602602603,0.0785229674118563,0.0,2370
0.6604382159937715,0.0785229674118563,0.0,2371
0.6606161717272828,0.0785229674118563,0.0,2372
0.6607941274607941,0.0785229674118563,0.0,2373
0.6609720831943054,0.0785229674118563,0.0,2374
0.6611500389278167,0.0785229674118563,0.0,2375
0.661327994661328,0.0785229674118563,0.0,2376
0.6615059503948393,0.0785229674118563,0.0,2377
0.6616839061283506,0.0785229674118563,0.0,2378
0.6618618618618619,0.0785229674118563,0.0,2379
0.6620398175953731,0.0785229674118563,0.0,2380
0.6622177733288844,0.0785229674118563,0.0,2381
0.6623957290623957,0.0785229674118563,0.0,2382
0.6625736847959071,0.0785229674118563,0.0,2383
0.6627516405294183,0.0785229674118563,0.0,2384
0.6629295962629296,0.0785229674118563,0.0,2385
0.6631075519964409,0.0785229674118563,0.0,2386
0.6632855077299522,0.0785229674118563,0.0,2387
0.6634634634634634,0.0785229674118563,0.0,2388
0.6636414191969747,0.0785229674118563,0.0,2389
0.663819374930486,0.0785229674118563,0.0,2390
0.6639973306639974,0.0785229674118563,0.0,2391
0.6641752863975087,0.0785229674118563,0.0,2392
0.6643532421310199,0.0785229674118563,0.0,2393
0.6645311978645312,0.0785229674118563,0.0,2394
0.6647091535980425,0.0785229674118563,0.0,2395
0.6648871093315538,0.0785229674118563,0.0,2396
0.665065065065065,0.0785229674118563,0.0,2397
0.6652430207985763,0.0785229674118563,0.0,2398
0.6654209765320876,0.0785229674118563,0.0,2399
0.665598932265599,0.0785229674118563,0.0,2400
0.6657768879991102,0.0785229674118563,0.0,2401
0.6659548437326215,0.0785229674118563,0.0,2402
0.6661327994661328,0.0785229674118563,0.0,2403
0.6663107551996441,0.0785229674118563,0.0,2404
0.6664887109331554,0.0785229674118563,0.0,2405
0.6666666666666666,0.0785229674118563,0.0,2406
0.6668446224001779,0.0785229674118563,0.0,2407
0.6670225781336893,0.0785229674118563,0.0,2408
0.6672005338672006,0.0785229674118563,0.0,2409
0.6673784896007118,0.0785229674118563,0.0,2410
0.6675564453342231,0.0785229674118563,0.0,2411
0.6677344010677344,0.0785229674118563,0.0,2412
0.6679123568012457,0.0785229674118563,0.0,2413
0.6680903125347569,0.0785229674118563,0.0,2414
0.6682682682682682,0.0785229674118563,0.0,2415
0.6684462240017796,0.0785229674118563,0.0,2416
0.6686241797352909,0.0785229674118563,0.0,2417
0.6688021354688022,0.0785229674118563,0.0,2418
0.6689800912023134,0.0785229674118563,0.0,2419
0.6691580469358247,0.0785229674118563,0.0,2420
0.669336002669336,0.0785229674118563,0.0,2421
0.6695139584028473,0.0785229674118563,0.0,2422
0.6696919141363585,0.0785229674118563,0.0,2423
0.6698698698698698,0.0785229674118563,0.0,2424
0.6700478256033812,0.0785229674118563,0.0,2425
0.6702257813368925,0.0785229674118563,0.0,2426
0.6704037370704037,0.0785229674118563,0.0,2427
0.670581692803915,0.0785229674118563,0.0,2428
0.6707596485374263,0.0785229674118563,0.0,2429
0.6709376042709376,0.0785229674118563,0.0,2430
0.6711155600044489,0.0785229674118563,0.0,2431
0.6712935157379601,0.0785229674118563,0.0,2432
0.6714714714714715,0.0785229674118563,0.0,2433
0.6716494272049828,0.0785229674118563,0.0,2434
0.6718273829384941,0.0785229674118563,0.0,2435
0.6720053386720053,0.0785229674118563,0.0,2436
0.6721832944055166,0.0785229674118563,0.0,2437
0.6723612501390279,0.0785229674118563,0.0,2438
0.6725392058725392,0.0785229674118563,0.0,2439
0.6727171616060504,0.0785229674118563,0.0,2440
0.6728951173395618,0.0785229674118563,0.0,2441
0.6730730730730731,0.0785229674118563,0.0,2442
0.6732510288065844,0.0785229674118563,0.0,2443
0.6734289845400957,0.0785229674118563,0.0,2444
0.6736069402736069,0.0785229674118563,0.0,2445
0.6737848960071182,0.0785229674118563,0.0,2446
0.6739628517406295,0.0785229674118563,0.0,2447
0.6741408074741408,0.0785229674118563,0.0,2448
0.674318763207652,0.0785229674118563,0.0,2449
0.6744967189411634,0.0785229674118563,0.0,2450
0.6746746746746747,0.0785229674118563,0.0,2451
0.674852630408186,0.0785229674118563,0.0,2452
0.6750305861416972,0.0785229674118563,0.0,2453
0.6752085418752085,0.0785229674118563,0.0,2454
0.6753864976087198,0.0785229674118563,0.0,2455
0.6755644533422311,0.0785229674118563,0.0,2456
0.6757424090757425,0.0785229674118563,0.0,2457
0.6759203648092537,0.0785229674118563,0.0,2458
0.676098320542765,0.0785229674118563,0.0,2459
0.6762762762762763,0.0785229674118563,0.0,2460
0.6764542320097876,0.0785229674118563,0.0,2461
0.6766321877432988,0.0785229674118563,0.0,2462
0.6768101434768101,0.0785229674118563,0.0,2463
0.6769880992103214,0.0785229674118563,0.0,2464
0.6771660549438328,0.0785229674118563,0.0,2465
0.6773440106773441,0.0785229674118563,0.0,2466
0.6775219664108553,0.0785229674118563,0.0,2467
0.6776999221443666,0.0785229674118563,0.0,2468
0.6778778778778779,0.0785229674118563,0.0,2469
0.6780558336113892,0.0785229674118563,0.0,2470
0.6782337893449004,0.0785229674118563,0.0,2471
0.6784117450784117,0.0785229674118563,0.0,2472
0.678589700811923,0.0785229674118563,0.0,2473
0.6787676565454344,0.0785229674118563,0.0,2474
0.6789456122789456,0.0785229674118563,0.0,2475
0.6791235680124569,0.0785229674118563,0.0,2476
0.6793015237459682,0.0785229674118563,0.0,2477
0.6794794794794795,0.0785229674118563,0.0,2478
0.6796574352129908,0.0785229674118563,0.0,2479
0.679835390946502,0.0785229674118563,0.0,2480
0.6800133466800133,0.0785229674118563,0.0,2481
0.6801913024135247,0.0785229674118563,0.0,2482
0.680369258147036,0.0785229674118563,0.0,2483
0.6805472138805472,0.0785229674118563,0.0,2484
0.6807251696140585,0.0785229674118563,0.0,2485
0.6809031253475698,0.0785229674118563,0.0,2486
0.6810810810810811,0.0785229674118563,0.0,2487
0.6812590368145923,0.0785229674118563,0.0,2488
0.6814369925481036,0.0785229674118563,0.0,2489
0.681614948281615,0.0785229674118563,0.0,2490
0.6817929040151263,0.0785229674118563,0.0,2491
0.6819708597486376,0.0785229674118563,0.0,2492
0.6821488154821488,0.0785229674118563,0.0,2493
0.6823267712156601,0.0785229674118563,0.0,2494
0.6825047269491714,0.0785229674118563,0.0,2495
0.6826826826826827,0.0785229674118563,0.0,2496
0.6828606384161939,0.0785229674118563,0.0,2497
0.6830385941497052,0.0785229674118563,0.0,2498
0.6832165498832166,0.0785229674118563,0.0,2499
0.6833945056167279,0.0785229674118563,0.0,2500
0.6835724613502391,0.0785229674118563,0.0,2501
0.6837504170837504,0.0785229674118563,0.0,2502
0.6839283728172617,0.0785229674118563,0.0,2503
0.684106328550773,0.0785229674118563,0.0,2504
0.6842842842842843,0.0785229674118563,0.0,2505
0.6844622400177955,0.0785229674118563,0.0,2506
0.6846401957513069,0.0785229674118563,0.0,2507
0.6848181514848182,0.0785229674118563,0.0,2508
0.6849961072183295,0.0785229674118563,0.0,2509
0.6851740629518407,0.0785229674118563,0.0,2510
0.685352018685352,0.0785229674118563,0.0,2511
0.6855299744188633,0.0785229674118563,0.0,2512
0.6857079301523746,0.0785229674118563,0.0,2513
0.6858858858858858,0.0785229674118563,0.0,2514
0.6860638416193972,0.0785229674118563,0.0,2515
0.6862417973529085,0.0785229674118563,0.0,2516
0.6864197530864198,0.0785229674118563,0.0,2517
0.6865977088199311,0.0785229674118563,0.0,2518
0.6867756645534423,0.0785229674118563,0.0,2519
0.6869536202869536,0.0785229674118563,0.0,2520
0.6871315760204649,0.0785229674118563,0.0,2521
0.6873095317539762,0.0785229674118563,0.0,2522
0.6874874874874874,0.0785229674118563,0.0,2523
0.6876654432209988,0.0785229674118563,0.0,2524
0.6878433989545101,0.0785229674118563,0.0,2525
0.6880213546880214,0.0785229674118563,0.0,2526
0.6881993104215326,0.0785229674118563,0.0,2527
0.6883772661550439,0.0785229674118563,0.0,2528
0.6885552218885552,0.0785229674118563,0.0,2529
0.6887331776220665,0.0785229674118563,0.0,2530
0.6888888888888889,0.0785229674118563,0.0,2531
0.6890446001557112,0.0785229674118563,0.0,2532
0.6892003114225337,0.0785229674118563,0.0,2533
0.689356022689356,0.0785229674118563,0.0,2534
0.6895117339561784,0.0785229674118563,0.0,2535
0.6896674452230008,0.0785229674118563,0.0,2536
0.6898231564898232,0.0785229674118563,0.0,2537
0.6899788677566455,0.0785229674118563,0.0,2538
0.6901345790234679,0.0785229674118563,0.0,2539
0.6902902902902903,0.0785229674118563,0.0,2540
0.6904460015571127,0.0785229674118563,0.0,2541
0.690601712823935,0.0785229674118563,0.0,2542
0.6907574240907575,0.0785229674118563,0.0,2543
0.6909131353575798,0.0785229674118563,0.0,2544
0.6910688466244022,0.0785229674118563,0.0,2545
0.6912245578912246,0.0785229674118563,0.0,2546
0.691380269158047,0.0785229674118563,0.0,2547
0.6915359804248693,0.0785229674118563,0.0,2548
0.6916916916916916,0.0785229674118563,0.0,2549
0.6918474029585141,0.0785229674118563,0.0,2550
0.6920031142253364,0.0785229674118563,0.0,2551
0.6921588254921588,0.0785229674118563,0.0,2552
0.6923145367589812,0.0785229674118563,0.0,2553
0.6924702480258036,0.0785229674118563,0.0,2554
0.6926259592926259,0.0785229674118563,0.0,2555
0.6927816705594484,0.0785229674118563,0.0,2556
0.6929373818262707,0.0785229674118563,0.0,2557
0.6930930930930931,0.0785229674118563,0.0,2558
0.6932488043599154,0.0785229674118563,0.0,2559
0.6934045156267379,0.0785229674118563,0.0,2560
0.6935602268935602,0.0785229674118563,0.0,2561
0.6937159381603826,0.0785229674118563,0.0,2562
0.693871649427205,0.0785229674118563,0.0,2563
0.6940273606940274,0.0785229674118563,0.0,2564
0.6941830719608497,0.0785229674118563,0.0,2565
0.6943387832276721,0.0785229674118563,0.0,2566
0.6944944944944945,0.0785229674118563,0.0,2567
0.6946502057613169,0.0785229674118563,0.0,2568
0.6948059170281392,0.0785229674118563,0.0,2569
0.6949616282949617,0.0785229674118563,0.0,2570
0.695117339561784,0.0785229674118563,0.0,2571
0.6952730508286064,0.0785229674118563,0.0,2572
0.6954287620954288,0.0785229674118563,0.0,2573
0.6955844733622512,0.0785229674118563,0.0,2574
0.6957401846290735,0.0785229674118563,0.0,2575
0.6958958958958958,0.0785229674118563,0.0,2576
0.6960516071627183,0.0785229674118563,0.0,2577
0.6962073184295406,0.0785229674118563,0.0,2578
0.696363029696363,0.0785229674118563,0.0,2579
0.6965187409631854,0.0785229674118563,0.0,2580
0.6966744522300078,0.0785229674118563,0.0,2581
0.6968301634968301,0.0785229674118563,0.0,2582
0.6969858747636526,0.0785229674118563,0.0,2583
0.6971415860304749,0.0785229674118563,0.0,2584
0.6972972972972973,0.0785229674118563,0.0,2585
0.6974530085641196,0.0785229674118563,0.0,2586
0.6976087198309421,0.0785229674118563,0.0,2587
0.6977644310977644,0.0785229674118563,0.0,2588
0.6979201423645868,0.0785229674118563,0.0,2589
0.6980758536314092,0.0785229674118563,0.0,2590
0.6982315648982316,0.0785229674118563,0.0,2591
0.6983872761650539,0.0785229674118563,0.0,2592
0.6985429874318764,0.0785229674118563,0.0,2593
0.6986986986986987,0.0785229674118563,0.0,2594
0.6988544099655211,0.0785229674118563,0.0,2595
0.6990101212323434,0.0785229674118563,0.0,2596
0.6991658324991659,0.0785229674118563,0.0,2597
0.6993215437659882,0.0785229674118563,0.0,2598
0.6994772550328106,0.0785229674118563,0.0,2599
0.699632966299633,0.0785229674118563,0.0,2600
0.6997886775664554,0.0785229674118563,0.0,2601
0.6999443888332777,0.0785229674118563,0.0,2602
0.7001001001001002,0.0785229674118563,0.0,2603
0.7002558113669225,0.0785229674118563,0.0,2604
0.7004115226337448,0.0785229674118563,0.0,2605
0.7005672339005672,0.0785229674118563,0.0,2606
0.7007229451673896,0.0785229674118563,0.0,2607
0.700878656434212,0.0785229674118563,0.0,2608
0.7010343677010343,0.0785229674118563,0.0,2609
0.7011900789678568,0.0785229674118563,0.0,2610
0.7013457902346791,0.0785229674118563,0.0,2611
0.7015015015015015,0.0785229674118563,0.0,2612
0.7016572127683239,0.0785229674118563,0.0,2613
0.7018129240351463,0.0785229674118563,0.0,2614
0.7019686353019686,0.0785229674118563,0.0,2615
0.702124346568791,0.0785229674118563,0.0,2616
0.7022800578356134,0.0785229674118563,0.0,2617
0.7024357691024358,0.0785229674118563,0.0,2618
0.7025914803692581,0.0785229674118563,0.0,2619
0.7027471916360806,0.0785229674118563,0.0,2620
0.7029029029029029,0.0785229674118563,0.0,2621
0.7030586141697253,0.0785229674118563,0.0,2622
0.7032143254365476,0.0785229674118563,0.0,2623
0.7033700367033701,0.0785229674118563,0.0,2624
0.7035257479701924,0.0785229674118563,0.0,2625
0.7036814592370148,0.0785229674118563,0.0,2626
0.7038371705038372,0.0785229674118563,0.0,2627
0.7039928817706596,0.0785229674118563,0.0,2628
0.7041485930374819,0.0785229674118563,0.0,2629
0.7043043043043044,0.0785229674118563,0.0,2630
0.7044600155711267,0.0785229674118563,0.0,2631
0.704615726837949,0.0785229674118563,0.0,2632
0.7047714381047714,0.0785229674118563,0.0,2633
0.7049271493715938,0.0785229674118563,0.0,2634
0.7050828606384162,0.0785229674118563,0.0,2635
0.7052385719052385,0.0785229674118563,0.0,2636
0.705394283172061,0.0785229674118563,0.0,2637
0.7055499944388833,0.0785229674118563,0.0,2638
0.7057057057057057,0.0785229674118563,0.0,2639
0.7058614169725281,0.0785229674118563,0.0,2640
0.7060171282393505,0.0785229674118563,0.0,2641
0.7061728395061728,0.0785229674118563,0.0,2642
0.7063285507729952,0.0785229674118563,0.0,2643
0.7064842620398176,0.0785229674118563,0.0,2644
0.70663997330664,0.0785229674118563,0.0,2645
0.7067956845734623,0.0785229674118563,0.0,2646
0.7069513958402848,0.0785229674118563,0.0,2647
0.7071071071071071,0.0785229674118563,0.0,2648
0.7072628183739295,0.0785229674118563,0.0,2649
0.7074185296407519,0.0785229674118563,0.0,2650
0.7075742409075743,0.0785229674118563,0.0,2651
0.7077299521743966,0.0785229674118563,0.0,2652
0.707885663441219,0.0785229674118563,0.0,2653
0.7080413747080414,0.0785229674118563,0.0,2654
0.7081970859748637,0.0785229674118563,0.0,2655
0.7083527972416861,0.0785229674118563,0.0,2656
0.7085085085085085,0.0785229674118563,0.0,2657
0.7086642197753309,0.0785229674118563,0.0,2658
0.7088199310421532,0.0785229674118563,0.0,2659
0.7089756423089757,0.0785229674118563,0.0,2660
0.709131353575798,0.0785229674118563,0.0,2661
0.7092870648426204,0.0785229674118563,0.0,2662
0.7094427761094427,0.0785229674118563,0.0,2663
0.7095984873762652,0.0785229674118563,0.0,2664
0.7097541986430875,0.0785229674118563,0.0,2665
0.7099099099099099,0.0785229674118563,0.0,2666
0.7100656211767323,0.0785229674118563,0.0,2667
0.7102213324435547,0.0785229674118563,0.0,2668
0.710377043710377,0.0785229674118563,0.0,2669
0.7105327549771995,0.0785229674118563,0.0,2670
0.7106884662440218,0.0785229674118563,0.0,2671
0.7108441775108442,0.0785229674118563,0.0,2672
0.7109998887776665,0.0785229674118563,0.0,2673
0.711155600044489,0.0785229674118563,0.0,2674
0.7113113113113113,0.0785229674118563,0.0,2675
0.7114670225781337,0.0785229674118563,0.0,2676
0.7116227338449561,0.0785229674118563,0.0,2677
0.7117784451117785,0.0785229674118563,0.0,2678
0.7119341563786008,0.0785229674118563,0.0,2679
0.7120898676454231,0.0785229674118563,0.0,2680
0.7122455789122456,0.0785229674118563,0.0,2681
0.712401290179068,0.0785229674118563,0.0,2682
0.7125570014458903,0.0785229674118563,0.0,2683
0.7127127127127127,0.0785229674118563,0.0,2684
0.7128684239795351,0.0785229674118563,0.0,2685
0.7130241352463574,0.0785229674118563,0.0,2686
0.7131798465131799,0.0785229674118563,0.0,2687
0.7133355577800022,0.0785229674118563,0.0,2688
0.7134912690468246,0.0785229674118563,0.0,2689
0.7136469803136469,0.0785229674118563,0.0,2690
0.7138026915804694,0.0785229674118563,0.0,2691
0.7139584028472917,0.0785229674118563,0.0,2692
0.7141141141141141,0.0785229674118563,0.0,2693
0.7142698253809365,0.0785229674118563,0.0,2694
0.7144255366477589,0.0785229674118563,0.0,2695
0.7145812479145812,0.0785229674118563,0.0,2696
0.7147369591814037,0.0785229674118563,0.0,2697
0.714892670448226,0.0785229674118563,0.0,2698
0.7150483817150484,0.0785229674118563,0.0,2699
0.7152040929818707,0.0785229674118563,0.0,2700
0.7153598042486932,0.0785229674118563,0.0,2701
0.7155155155155155,0.0785229674118563,0.0,2702
0.7156712267823379,0.0785229674118563,0.0,2703
0.7158269380491603,0.0785229674118563,0.0,2704
0.7159826493159827,0.0785229674118563,0.0,2705
0.716138360582805,0.0785229674118563,0.0,2706
0.7162940718496275,0.0785229674118563,0.0,2707
0.7164497831164498,0.0785229674118563,0.0,2708
0.7166054943832721,0.0785229674118563,0.0,2709
0.7167612056500945,0.0785229674118563,0.0,2710
0.716916916916917,0.0785229674118563,0.0,2711
0.7170726281837393,0.0785229674118563,0.0,2712
0.7172283394505616,0.0785229674118563,0.0,2713
0.7173840507173841,0.0785229674118563,0.0,2714
0.7175397619842064,0.0785229674118563,0.0,2715
0.7176954732510288,0.0785229674118563,0.0,2716
0.7178511845178512,0.0785229674118563,0.0,2717
0.7180068957846736,0.0785229674118563,0.0,2718
0.7181626070514959,0.0785229674118563,0.0,2719
0.7183183183183183,0.0785229674118563,0.0,2720
0.7184740295851407,0.07856745634523413,4.4488933377828666e-05,2721
0.7186297408519631,0.07874541207874541,0.0001779557335112869,2722
0.7187854521187854,0.07887887887887887,0.00013346680013345824,2723
0.7189411633856079,0.07894561227894561,6.6733400066743e-05,2724
0.7190968746524302,0.07894561227894561,0.0,2725
0.7192525859192526,0.07905683461239017,0.00011122233344455779,2726
0.719408297186075,0.0791235680124569,6.673340006672912e-05,2727
0.7195640084528974,0.07916805694583473,4.4488933377828666e-05,2728
0.7197197197197197,0.07916805694583473,0.0,2729
0.719875430986542,0.07916805694583473,0.0,2730
0.7200311422533645,0.07916805694583473,0.0,2731
0.7201868535201869,0.07916805694583473,0.0,2732
0.7203425647870092,0.07923479034590146,6.673340006672912e-05,2733
0.7204982760538317,0.07934601267934602,0.00011122233344455779,2734
0.720653987320654,0.07934601267934602,0.0,2735
0.7208096985874763,0.07934601267934602,0.0,2736
0.7209654098542987,0.07934601267934602,0.0,2737
0.7211211211211211,0.07934601267934602,0.0,2738
0.7212768323879435,0.07934601267934602,0.0,2739
0.7214325436547658,0.07934601267934602,0.0,2740
0.7215882549215883,0.07934601267934602,0.0,2741
0.7217439661884106,0.07934601267934602,0.0,2742
0.721899677455233,0.07934601267934602,0.0,2743
0.7220553887220554,0.07943499054610166,8.897786675564345e-05,2744
0.7222110999888778,0.07947947947947948,4.448893337781479e-05,2745
0.7223668112557001,0.0795239684128573,4.4488933377828666e-05,2746
0.7225225225225225,0.07956845734623512,4.448893337781479e-05,2747
0.7226782337893449,0.07956845734623512,0.0,2748
0.7228339450561673,0.07956845734623512,0.0,2749
0.7229896563229896,0.07961294627961295,4.4488933377828666e-05,2750
0.7231453675898121,0.07963519074630186,2.2244466688914333e-05,2751
0.7233010788566344,0.08308308308308308,0.003447892336781222,2752
0.7234567901234568,0.08308308308308308,0.0,2753
0.7236125013902792,0.08308308308308308,0.0,2754
0.7237682126571016,0.08581915248581916,0.0027360694027360744,2755
0.7239239239239239,0.0859303748192637,0.00011122233344454391,2756
0.7240796351907463,0.08608608608608609,0.00015571126682238645,2757
0.7242353464575687,0.08628628628628629,0.00020020020020020124,2758
0.724391057724391,0.0863307752196641,4.448893337781479e-05,2759
0.7245467689912134,0.08641975308641975,8.897786675564345e-05,2760
0.7247024802580359,0.08659770881993105,0.00017795573351130078,2761
0.7248581915248582,0.08675342008675342,0.00015571126682237257,2762
0.7250139027916805,0.08757646535424313,0.0008230452674897054,2763
0.725169614058503,0.08768768768768768,0.00011122233344455779,2764
0.7253253253253253,0.08828828828828829,0.0006006006006006037,2765
0.7254810365921477,0.08842175508842176,0.00013346680013347212,2766
0.72563674785897,0.0885107329551774,8.897786675564345e-05,2767
0.7257924591257925,0.08857746635524413,6.673340006672912e-05,2768
0.7259481703926148,0.08864419975531086,6.673340006672912e-05,2769
0.7261038816594372,0.08875542208875542,0.00011122233344455779,2770
0.7262595929262596,0.08879991102213325,4.4488933377828666e-05,2771
0.726415304193082,0.08882215548882215,2.2244466688900455e-05,2772
0.7265710154599043,0.08884439995551106,2.2244466688914333e-05,2773
0.7267267267267268,0.08886664442219998,2.2244466688914333e-05,2774
0.7268824379935491,0.08886664442219998,0.0,2775
0.7270381492603715,0.08886664442219998,0.0,2776
0.7271938605271938,0.08886664442219998,0.0,2777
0.7273495717940163,0.08886664442219998,0.0,2778
0.7275052830608386,0.08886664442219998,0.0,2779
0.727660994327661,0.08886664442219998,0.0,2780
0.7278167055944834,0.08886664442219998,0.0,2781
0.7279724168613058,0.08886664442219998,0.0,2782
0.7281281281281281,0.08886664442219998,0.0,2783
0.7282838393949506,0.08886664442219998,0.0,2784
0.7284395506617729,0.08886664442219998,0.0,2785
0.7285952619285953,0.08886664442219998,0.0,2786
0.7287509731954176,0.08893337782226671,6.673340006672912e-05,2787
0.72890668446224,0.08893337782226671,0.0,2788
0.7290623957290624,0.08893337782226671,0.0,2789
0.7292181069958847,0.08917806695584474,0.0002446891335780299,2790
0.7293738182627072,0.08917806695584474,0.0,2791
0.7295295295295295,0.08917806695584474,0.0,2792
0.7296852407963519,0.08917806695584474,0.0,2793
0.7298409520631742,0.08924480035591147,6.673340006672912e-05,2794
0.7299966633299967,0.0893115337559782,6.673340006672912e-05,2795
0.730152374596819,0.08957846735624514,0.00026693360026694424,2796
0.7303080858636414,0.08957846735624514,0.0,2797
0.7304637971304638,0.08964520075631187,6.673340006672912e-05,2798
0.7306195083972862,0.08964520075631187,0.0,2799
0.7307752196641085,0.08968968968968968,4.448893337781479e-05,2800
0.730930930930931,0.08968968968968968,0.0,2801
0.7310866421977533,0.08968968968968968,0.0,2802
0.7312423534645757,0.08973417862306751,4.4488933377828666e-05,2803
0.731398064731398,0.08973417862306751,0.0,2804
0.7315537759982205,0.08973417862306751,0.0,2805
0.7317094872650428,0.08973417862306751,0.0,2806
0.7318651985318652,0.08977866755644534,4.4488933377828666e-05,2807
0.7320209097986876,0.08980091202313424,2.2244466688900455e-05,2808
0.73217662106551,0.08986764542320098,6.6733400066743e-05,2809
0.7323323323323323,0.08993437882326771,6.673340006672912e-05,2810
0.7324880435991548,0.08995662328995663,2.2244466688914333e-05,2811
0.7326437548659771,0.08997886775664553,2.2244466688900455e-05,2812
0.7327994661327994,0.090112334556779,0.00013346680013347212,2813
0.7329551773996218,0.09017906795684573,6.673340006672912e-05,2814
0.7331108886664442,0.09024580135691247,6.6733400066743e-05,2815
0.7332443554665777,0.09029029029029029,4.448893337781479e-05,2816
0.7333778222667111,0.0903125347569792,2.2244466688914333e-05,2817
0.7335112890668446,0.09035702369035703,4.4488933377828666e-05,2818
0.7336447558669781,0.09037926815704593,2.2244466688900455e-05,2819
0.7337782226671116,0.09055722389055722,0.0001779557335112869,2820
0.733911689467245,0.09062395729062396,6.6733400066743e-05,2821
0.7340451562673785,0.09062395729062396,0.0,2822
0.7341786230675119,0.09073517962406852,0.00011122233344455779,2823
0.7343120898676454,0.09075742409075742,2.2244466688900455e-05,2824
0.7344455566677789,0.09075742409075742,0.0,2825
0.7345790234679124,0.09075742409075742,0.0,2826
0.7347124902680459,0.09075742409075742,0.0,2827
0.7348459570681793,0.09080191302413525,4.4488933377828666e-05,2828
0.7349794238683127,0.09080191302413525,0.0,2829
0.7351128906684462,0.09080191302413525,0.0,2830
0.7352463574685797,0.09086864642420198,6.673340006672912e-05,2831
0.7353798242687132,0.09095762429095762,8.897786675564345e-05,2832
0.7355132910688467,0.09202535869202536,0.0010677344010677353,2833
0.73564675786898,0.09204760315871427,2.2244466688914333e-05,2834
0.7357802246691135,0.0920920920920921,4.4488933377828666e-05,2835
0.735913691469247,0.09227004782560339,0.0001779557335112869,2836
0.7360471582693805,0.09235902569235903,8.897786675564345e-05,2837
0.736180625069514,0.09240351462573684,4.448893337781479e-05,2838
0.7363140918696475,0.09249249249249249,8.897786675564345e-05,2839
0.7364475586697808,0.09253698142587032,4.4488933377828666e-05,2840
0.7365810254699143,0.09258147035924813,4.448893337781479e-05,2841
0.7367144922700478,0.09260371482593704,2.2244466688914333e-05,2842
0.7368479590701813,0.09260371482593704,0.0,2843
0.7369814258703148,0.09262595929262596,2.2244466688914333e-05,2844
0.7371148926704483,0.09264820375931487,2.2244466688914333e-05,2845
0.7372483594705816,0.09267044822600379,2.2244466688914333e-05,2846
0.7373818262707151,0.09269269269269269,2.2244466688900455e-05,2847
0.7375152930708486,0.09273718162607052,4.4488933377828666e-05,2848
0.7376487598709821,0.09275942609275943,2.2244466688914333e-05,2849
0.7377822266711156,0.09280391502613725,4.448893337781479e-05,2850
0.7379156934712491,0.09280391502613725,0.0,2851
0.7380491602713825,0.09280391502613725,0.0,2852
0.7381826270715159,0.09280391502613725,0.0,2853
0.7383160938716494,0.09282615949282616,2.2244466688914333e-05,2854
0.7384495606717829,0.09282615949282616,0.0,2855
0.7385830274719164,0.09282615949282616,0.0,2856
0.7387164942720498,0.09282615949282616,0.0,2857
0.7388499610721833,0.09284840395951507,2.2244466688914333e-05,2858
0.7389834278723167,0.09287064842620397,2.2244466688900455e-05,2859
0.7391168946724502,0.09289289289289289,2.2244466688914333e-05,2860
0.7392503614725837,0.0929151373595818,2.2244466688914333e-05,2861
0.7393838282727172,0.09293738182627072,2.2244466688914333e-05,2862
0.7395172950728506,0.09293738182627072,0.0,2863
0.7396507618729841,0.09293738182627072,0.0,2864
0.7397842286731175,0.09293738182627072,0.0,2865
0.739917695473251,0.09293738182627072,0.0,2866
0.7400511622733845,0.09293738182627072,0.0,2867
0.740184629073518,0.09293738182627072,0.0,2868
0.7403180958736514,0.09293738182627072,0.0,2869
0.7404515626737849,0.09293738182627072,0.0,2870
0.7405850294739184,0.09293738182627072,0.0,2871
0.7407184962740518,0.09293738182627072,0.0,2872
0.7408519630741853,0.09293738182627072,0.0,2873
0.7409854298743188,0.09293738182627072,0.0,2874
0.7411188966744522,0.09304860415971528,0.00011122233344455779,2875
0.7412523634745857,0.09304860415971528,0.0,2876
0.7413858302747192,0.09304860415971528,0.0,2877
0.7415192970748526,0.09304860415971528,0.0,2878
0.7416527638749861,0.09304860415971528,0.0,2879
0.7417862306751196,0.09304860415971528,0.0,2880
0.741919697475253,0.09304860415971528,0.0,2881
0.7420531642753865,0.09304860415971528,0.0,2882
0.74218663107552,0.09304860415971528,0.0,2883
0.7423200978756535,0.09307084862640418,2.2244466688900455e-05,2884
0.7424535646757869,0.09309309309309309,2.2244466688914333e-05,2885
0.7425870314759203,0.093115337559782,2.2244466688914333e-05,2886
0.7427204982760538,0.093115337559782,0.0,2887
0.7428539650761873,0.093115337559782,0.0,2888
0.7429874318763208,0.093115337559782,0.0,2889
0.7431208986764543,0.09313758202647092,2.2244466688914333e-05,2890
0.7432543654765877,0.09344900456011566,0.00031142253364474515,2891
0.7433878322767211,0.09347124902680458,2.2244466688914333e-05,2892
0.7435212990768546,0.09351573796018241,4.4488933377828666e-05,2893
0.7436547658769881,0.09353798242687132,2.2244466688914333e-05,2894
0.7437882326771216,0.09353798242687132,0.0,2895
0.7439216994772551,0.09353798242687132,0.0,2896
0.7440551662773885,0.09373818262707151,0.00020020020020018736,2897
0.7441886330775219,0.09378267156044934,4.4488933377828666e-05,2898
0.7443220998776554,0.09380491602713825,2.2244466688914333e-05,2899
0.7444555666777889,0.09382716049382717,2.2244466688914333e-05,2900
0.7445890334779224,0.09384940496051607,2.2244466688900455e-05,2901
0.7447225002780559,0.09387164942720498,2.2244466688914333e-05,2902
0.7448559670781894,0.0938938938938939,2.2244466688914333e-05,2903
0.7449894338783227,0.0938938938938939,0.0,2904
0.7451229006784562,0.0938938938938939,0.0,2905
0.7452563674785897,0.0938938938938939,0.0,2906
0.7453898342787232,0.0938938938938939,0.0,2907
0.7455233010788567,0.09398287176064954,8.897786675564345e-05,2908
0.7456567678789902,0.09400511622733845,2.2244466688914333e-05,2909
0.7457902346791235,0.09400511622733845,0.0,2910
0.745923701479257,0.09402736069402737,2.2244466688914333e-05,2911
0.7460571682793905,0.0940940940940941,6.673340006672912e-05,2912
0.746190635079524,0.09411633856078301,2.2244466688914333e-05,2913
0.7463241018796575,0.09413858302747191,2.2244466688900455e-05,2914
0.7464575686797909,0.09416082749416083,2.2244466688914333e-05,2915
0.7465910354799243,0.09418307196084974,2.2244466688914333e-05,2916
0.7467245022800578,0.09418307196084974,0.0,2917
0.7468579690801913,0.09418307196084974,0.0,2918
0.7469914358803248,0.09418307196084974,0.0,2919
0.7471249026804583,0.09418307196084974,0.0,2920
0.7472583694805917,0.09418307196084974,0.0,2921
0.7473918362807251,0.09418307196084974,0.0,2922
0.7475253030808586,0.09418307196084974,0.0,2923
0.7476587698809921,0.09418307196084974,0.0,2924
0.7477922366811256,0.09418307196084974,0.0,2925
0.7479257034812591,0.09418307196084974,0.0,2926
0.7480591702813925,0.09422756089422755,4.448893337781479e-05,2927
0.748192637081526,0.09438327216104994,0.00015571126682238645,2928
0.7483261038816594,0.09438327216104994,0.0,2929
0.7484595706817929,0.09442776109442776,4.448893337781479e-05,2930
0.7485930374819264,0.09442776109442776,0.0,2931
0.7487265042820599,0.09442776109442776,0.0,2932
0.7488599710821933,0.09442776109442776,0.0,2933
0.7489934378823268,0.09442776109442776,0.0,2934
0.7491269046824602,0.09442776109442776,0.0,2935
0.7492603714825937,0.09442776109442776,0.0,2936
0.7493938382827272,0.09442776109442776,0.0,2937
0.7495273050828606,0.09442776109442776,0.0,2938
0.7496607718829941,0.09445000556111667,2.2244466688914333e-05,2939
0.7497942386831276,0.0944944944944945,4.4488933377828666e-05,2940
0.749927705483261,0.0945167389611834,2.2244466688900455e-05,2941
0.7500611722833945,0.09453898342787231,2.2244466688914333e-05,2942
0.750194639083528,0.09453898342787231,0.0,2943
0.7503281058836614,0.09453898342787231,0.0,2944
0.7504615726837949,0.09453898342787231,0.0,2945
0.7505950394839284,0.09453898342787231,0.0,2946
0.7507285062840618,0.09453898342787231,0.0,2947
0.7508619730841953,0.09453898342787231,0.0,2948
0.7509954398843288,0.09453898342787231,0.0,2949
0.7511289066844622,0.09453898342787231,0.0,2950
0.7512623734845957,0.09453898342787231,0.0,2951
0.7513958402847292,0.09453898342787231,0.0,2952
0.7515293070848627,0.09453898342787231,0.0,2953
0.7516627738849961,0.09453898342787231,0.0,2954
0.7517962406851296,0.09453898342787231,0.0,2955
0.751929707485263,0.09453898342787231,0.0,2956
0.7520631742853965,0.09453898342787231,0.0,2957
0.75219664108553,0.09453898342787231,0.0,2958
0.7523301078856635,0.09453898342787231,0.0,2959
0.7524635746857969,0.09453898342787231,0.0,2960
0.7525970414859304,0.09453898342787231,0.0,2961
0.7527305082860638,0.09453898342787231,0.0,2962
0.7528639750861973,0.09453898342787231,0.0,2963
0.7529974418863308,0.09453898342787231,0.0,2964
0.7531309086864643,0.09453898342787231,0.0,2965
0.7532643754865977,0.09453898342787231,0.0,2966
0.7533978422867311,0.09453898342787231,0.0,2967
0.7535313090868646,0.09453898342787231,0.0,2968
0.7536647758869981,0.09453898342787231,0.0,2969
0.7537982426871316,0.09453898342787231,0.0,2970
0.7539317094872651,0.09453898342787231,0.0,2971
0.7540651762873986,0.09453898342787231,0.0,2972
0.7541986430875319,0.09453898342787231,0.0,2973
0.7543321098876654,0.09453898342787231,0.0,2974
0.7544655766877989,0.09453898342787231,0.0,2975
0.7545990434879324,0.09453898342787231,0.0,2976
0.7547325102880659,0.09453898342787231,0.0,2977
0.7548659770881994,0.09453898342787231,0.0,2978
0.7549994438883327,0.09453898342787231,0.0,2979
0.7551329106884662,0.09453898342787231,0.0,2980
0.7552663774885997,0.09453898342787231,0.0,2981
0.7553998442887332,0.09453898342787231,0.0,2982
0.7555333110888667,0.09453898342787231,0.0,2983
0.7556667778890002,0.09453898342787231,0.0,2984
0.7558002446891335,0.09453898342787231,0.0,2985
0.755933711489267,0.09453898342787231,0.0,2986
0.7560671782894005,0.09453898342787231,0.0,2987
0.756200645089534,0.09453898342787231,0.0,2988
0.7563341118896675,0.09453898342787231,0.0,2989
0.7564675786898009,0.09453898342787231,0.0,2990
0.7566010454899343,0.09453898342787231,0.0,2991
0.7567345122900678,0.09453898342787231,0.0,2992
0.7568679790902013,0.09453898342787231,0.0,2993
0.7570014458903348,0.09453898342787231,0.0,2994
0.7571349126904683,0.09453898342787231,0.0,2995
0.7572683794906017,0.09453898342787231,0.0,2996
0.7574018462907351,0.09453898342787231,0.0,2997
0.7575353130908686,0.09453898342787231,0.0,2998
0.7576687798910021,0.09453898342787231,0.0,2999
0.7579134690245801,0.09453898342787231,0.0,3000
0.7581581581581581,0.09453898342787231,0.0,3001
0.7584028472917361,0.09453898342787231,0.0,3002
0.7586475364253142,0.09453898342787231,0.0,3003
0.7588922255588922,0.09453898342787231,0.0,3004
0.7591369146924702,0.09453898342787231,0.0,3005
0.7593816038260482,0.09453898342787231,0.0,3006
0.7596262929596262,0.09453898342787231,0.0,3007
0.7598709820932044,0.09453898342787231,0.0,3008
0.7601156712267824,0.09453898342787231,0.0,3009
0.7603603603603604,0.09453898342787231,0.0,3010
0.7606050494939384,0.09453898342787231,0.0,3011
0.7608497386275164,0.09453898342787231,0.0,3012
0.7610944277610945,0.09453898342787231,0.0,3013
0.7613391168946725,0.09453898342787231,0.0,3014
0.7615838060282505,0.09453898342787231,0.0,3015
0.7618284951618285,0.09453898342787231,0.0,3016
0.7620731842954065,0.09453898342787231,0.0,3017
0.7623178734289845,0.09453898342787231,0.0,3018
0.7625625625625626,0.09453898342787231,0.0,3019
0.7628072516961406,0.09453898342787231,0.0,3020
0.7630519408297186,0.09453898342787231,0.0,3021
0.7632966299632966,0.09453898342787231,0.0,3022
0.7635413190968746,0.09453898342787231,0.0,3023
0.7637860082304527,0.09453898342787231,0.0,3024
0.7640306973640307,0.09453898342787231,0.0,3025
0.7642753864976087,0.09453898342787231,0.0,3026
0.7645200756311867,0.09453898342787231,0.0,3027
0.7647647647647647,0.09453898342787231,0.0,3028
0.7650094538983427,0.09453898342787231,0.0,3029
0.7652541430319209,0.09453898342787231,0.0,3030
0.7654988321654989,0.09453898342787231,0.0,3031
0.7657435212990769,0.09453898342787231,0.0,3032
0.7659882104326549,0.09453898342787231,0.0,3033
0.7662328995662329,0.09453898342787231,0.0,3034
0.766477588699811,0.09453898342787231,0.0,3035
0.766722277833389,0.09453898342787231,0.0,3036
0.766966966966967,0.09453898342787231,0.0,3037
0.767211656100545,0.09453898342787231,0.0,3038
0.767456345234123,0.09453898342787231,0.0,3039
0.767701034367701,0.09453898342787231,0.0,3040
0.7679457235012791,0.09453898342787231,0.0,3041
0.7681904126348571,0.09453898342787231,0.0,3042
0.7684351017684351,0.09453898342787231,0.0,3043
0.7686797909020131,0.09453898342787231,0.0,3044
0.7689244800355911,0.09453898342787231,0.0,3045
0.7691691691691692,0.09453898342787231,0.0,3046
0.7694138583027472,0.09453898342787231,0.0,3047
0.7696585474363252,0.09453898342787231,0.0,3048
0.7699032365699032,0.09453898342787231,0.0,3049
0.7701479257034812,0.09453898342787231,0.0,3050
0.7703926148370592,0.09453898342787231,0.0,3051
0.7706373039706373,0.09453898342787231,0.0,3052
0.7708819931042153,0.09453898342787231,0.0,3053
0.7711266822377933,0.09453898342787231,0.0,3054
0.7713713713713714,0.09453898342787231,0.0,3055
0.7716160605049494,0.09453898342787231,0.0,3056
0.7718607496385275,0.09453898342787231,0.0,3057
0.7721054387721055,0.09453898342787231,0.0,3058
0.7723501279056835,0.09453898342787231,0.0,3059
0.7725948170392615,0.09453898342787231,0.0,3060
0.7728395061728395,0.09453898342787231,0.0,3061
0.7730841953064175,0.09453898342787231,0.0,3062
0.7733288844399956,0.09453898342787231,0.0,3063
0.7735735735735736,0.09453898342787231,0.0,3064
0.7738182627071516,0.09453898342787231,0.0,3065
0.7740629518407296,0.09453898342787231,0.0,3066
0.7743076409743076,0.09453898342787231,0.0,3067
0.7745523301078857,0.09453898342787231,0.0,3068
0.7747970192414637,0.09453898342787231,0.0,3069
0.7750417083750417,0.09453898342787231,0.0,3070
0.7752863975086197,0.09453898342787231,0.0,3071
0.7755310866421977,0.09453898342787231,0.0,3072
0.7757757757757757,0.09453898342787231,0.0,3073
0.7760204649093538,0.09453898342787231,0.0,3074
0.7762651540429318,0.09453898342787231,0.0,3075
0.7765098431765098,0.09453898342787231,0.0,3076
0.7767545323100878,0.09453898342787231,0.0,3077
0.7769992214436658,0.09453898342787231,0.0,3078
0.777243910577244,0.09453898342787231,0.0,3079
0.777488599710822,0.09453898342787231,0.0,3080
0.7777332888444,0.09453898342787231,0.0,3081
0.7779557335112891,0.09453898342787231,0.0,3082
0.7781781781781781,0.09453898342787231,0.0,3083
0.7784006228450673,0.09453898342787231,0.0,3084
0.7786230675119564,0.09453898342787231,0.0,3085
0.7788455121788456,0.09453898342787231,0.0,3086
0.7790679568457346,0.09453898342787231,0.0,3087
0.7792904015126237,0.09453898342787231,0.0,3088
0.7795128461795129,0.09453898342787231,0.0,3089
0.7797352908464019,0.09453898342787231,0.0,3090
0.7799577355132911,0.09453898342787231,0.0,3091
0.7801801801801802,0.09453898342787231,0.0,3092
0.7804026248470692,0.09453898342787231,0.0,3093
0.7806250695139584,0.09453898342787231,0.0,3094
0.7808475141808475,0.09453898342787231,0.0,3095
0.7810699588477367,0.09453898342787231,0.0,3096
0.7812924035146257,0.09453898342787231,0.0,3097
0.7815148481815148,0.09453898342787231,0.0,3098
0.781737292848404,0.09453898342787231,0.0,3099
0.781959737515293,0.09453898342787231,0.0,3100
0.7821821821821822,0.09453898342787231,0.0,3101
0.7824046268490713,0.09453898342787231,0.0,3102
0.7826270715159604,0.09453898342787231,0.0,3103
0.7828495161828495,0.09453898342787231,0.0,3104
0.7830719608497386,0.09453898342787231,0.0,3105
0.7832944055166278,0.09453898342787231,0.0,3106
0.7835168501835168,0.09453898342787231,0.0,3107
0.7837392948504059,0.09453898342787231,0.0,3108
0.7839617395172951,0.09453898342787231,0.0,3109
0.7841841841841842,0.09453898342787231,0.0,3110
0.7844066288510733,0.09453898342787231,0.0,3111
0.7846290735179624,0.09453898342787231,0.0,3112
0.7848515181848515,0.09453898342787231,0.0,3113
0.7850739628517406,0.09453898342787231,0.0,3114
0.7852964075186297,0.09453898342787231,0.0,3115
0.7855188521855189,0.09453898342787231,0.0,3116
0.785741296852408,0.09453898342787231,0.0,3117
0.785963741519297,0.09453898342787231,0.0,3118
0.7861861861861862,0.09453898342787231,0.0,3119
0.7864086308530753,0.09453898342787231,0.0,3120
0.7866310755199644,0.09453898342787231,0.0,3121
0.7868535201868535,0.09453898342787231,0.0,3122
0.7870759648537426,0.09453898342787231,0.0,3123
0.7872984095206318,0.09453898342787231,0.0,3124
0.7875208541875208,0.09453898342787231,0.0,3125
0.78774329885441,0.09453898342787231,0.0,3126
0.7879657435212991,0.09453898342787231,0.0,3127
0.7881881881881881,0.09453898342787231,0.0,3128
0.7884106328550773,0.09453898342787231,0.0,3129
0.7886330775219664,0.09453898342787231,0.0,3130
0.7888555221888556,0.09453898342787231,0.0,3131
0.7890779668557446,0.09453898342787231,0.0,3132
0.7893004115226337,0.09453898342787231,0.0,3133
0.7895228561895229,0.09453898342787231,0.0,3134
0.7897453008564119,0.09453898342787231,0.0,3135
0.7899677455233011,0.09453898342787231,0.0,3136
0.7901901901901902,0.09453898342787231,0.0,3137
0.7904126348570794,0.09453898342787231,0.0,3138
0.7906350795239684,0.09453898342787231,0.0,3139
0.7908575241908575,0.09453898342787231,0.0,3140
0.7910799688577467,0.09453898342787231,0.0,3141
0.7913024135246357,0.09453898342787231,0.0,3142
0.7915248581915248,0.09453898342787231,0.0,3143
0.791747302858414,0.09453898342787231,0.0,3144
0.7919697475253031,0.09453898342787231,0.0,3145
0.7921921921921922,0.09453898342787231,0.0,3146
0.7924146368590813,0.09453898342787231,0.0,3147
0.7926370815259705,0.09453898342787231,0.0,3148
0.7928595261928595,0.09453898342787231,0.0,3149
0.7930819708597486,0.09453898342787231,0.0,3150
0.7933044155266378,0.09453898342787231,0.0,3151
0.7935268601935268,0.09453898342787231,0.0,3152
0.793749304860416,0.09453898342787231,0.0,3153
0.7939717495273051,0.09453898342787231,0.0,3154
0.7941941941941942,0.09453898342787231,0.0,3155
0.7944166388610833,0.09453898342787231,0.0,3156
0.7946390835279724,0.09453898342787231,0.0,3157
0.7948615281948616,0.09453898342787231,0.0,3158
0.7950839728617506,0.09453898342787231,0.0,3159
0.7953064175286397,0.09453898342787231,0.0,3160
0.7955288621955289,0.09453898342787231,0.0,3161
0.795751306862418,0.09453898342787231,0.0,3162
0.795973751529307,0.09453898342787231,0.0,3163
0.7961961961961962,0.09453898342787231,0.0,3164
0.7964186408630853,0.09453898342787231,0.0,3165
0.7966410855299744,0.09453898342787231,0.0,3166
0.7968635301968635,0.09453898342787231,0.0,3167
0.7970859748637527,0.09453898342787231,0.0,3168
0.7973084195306418,0.09453898342787231,0.0,3169
0.7975308641975308,0.09453898342787231,0.0,3170
0.79775330886442,0.09453898342787231,0.0,3171
0.7979757535313091,0.09453898342787231,0.0,3172
0.7981981981981981,0.09453898342787231,0.0,3173
0.7984206428650873,0.09453898342787231,0.0,3174
0.7986430875319764,0.09453898342787231,0.0,3175
0.7988655321988656,0.09453898342787231,0.0,3176
0.7990879768657546,0.09453898342787231,0.0,3177
0.7993104215326438,0.09453898342787231,0.0,3178
0.7995328661995329,0.09453898342787231,0.0,3179
0.7997553108664219,0.09453898342787231,0.0,3180
0.7999777555333111,0.09453898342787231,0.0,3181
0.8001779557335112,0.09453898342787231,0.0,3182
0.8003781559337115,0.09453898342787231,0.0,3183
0.8005783561339117,0.09453898342787231,0.0,3184
0.8007785563341119,0.09453898342787231,0.0,3185
0.800978756534312,0.09453898342787231,0.0,3186
0.8011789567345123,0.09453898342787231,0.0,3187
0.8013791569347125,0.09453898342787231,0.0,3188
0.8015793571349127,0.09453898342787231,0.0,3189
0.8017795573351129,0.09453898342787231,0.0,3190
0.8019797575353131,0.09453898342787231,0.0,3191
0.8021799577355133,0.09453898342787231,0.0,3192
0.8023801579357135,0.09453898342787231,0.0,3193
0.8025803581359137,0.09453898342787231,0.0,3194
0.8027805583361138,0.09453898342787231,0.0,3195
0.8029807585363141,0.09453898342787231,0.0,3196
0.8031809587365143,0.09453898342787231,0.0,3197
0.8033811589367145,0.09453898342787231,0.0,3198
0.8035813591369146,0.09453898342787231,0.0,3199
0.8037815593371149,0.09453898342787231,0.0,3200
0.8039817595373151,0.09453898342787231,0.0,3201
0.8041819597375153,0.09453898342787231,0.0,3202
0.8043821599377154,0.09453898342787231,0.0,3203
0.8045823601379157,0.09453898342787231,0.0,3204
0.8047825603381159,0.09453898342787231,0.0,3205
0.8049827605383161,0.09453898342787231,0.0,3206
0.8051829607385163,0.09453898342787231,0.0,3207
0.8053831609387165,0.09453898342787231,0.0,3208
0.8055833611389167,0.09453898342787231,0.0,3209
0.8057835613391169,0.09453898342787231,0.0,3210
0.8059837615393171,0.09453898342787231,0.0,3211
0.8061839617395173,0.09453898342787231,0.0,3212
0.8063841619397175,0.09453898342787231,0.0,3213
0.8065843621399177,0.09453898342787231,0.0,3214
0.8067845623401179,0.09453898342787231,0.0,3215
0.8069847625403181,0.09453898342787231,0.0,3216
0.8071849627405183,0.09453898342787231,0.0,3217
0.8073851629407185,0.09453898342787231,0.0,3218
0.8075853631409187,0.09453898342787231,0.0,3219
0.807785563341119,0.09453898342787231,0.0,3220
0.8079857635413191,0.09453898342787231,0.0,3221
0.8081859637415193,0.09453898342787231,0.0,3222
0.8083861639417195,0.09453898342787231,0.0,3223
0.8085863641419196,0.09453898342787231,0.0,3224
0.8087865643421199,0.09453898342787231,0.0,3225
0.8089867645423201,0.09453898342787231,0.0,3226
0.8091869647425203,0.09453898342787231,0.0,3227
0.8093871649427204,0.09453898342787231,0.0,3228
0.8095873651429207,0.09453898342787231,0.0,3229
0.8097875653431209,0.09453898342787231,0.0,3230
0.8099210321432544,0.09453898342787231,0.0,3231
0.8099877655433211,0.09453898342787231,0.0,3232
0.81001001001001,0.09453898342787231,0.0,3233
