u,phi,delta_phi,microstep
0.0,2.4457651576295644e-05,0.0,-1
0.00041578007679702597,4.891530315259129e-05,2.4457651576295644e-05,0
0.0008315601535940519,9.783060630518258e-05,4.891530315259129e-05,1
0.001247340230391078,9.783060630518258e-05,0.0,2
0.0016631203071881039,0.00014674590945777387,4.891530315259129e-05,3
0.0020789003839851296,0.00014674590945777387,0.0,4
0.002494680460782156,0.0002445765157629564,9.783060630518255e-05,5
0.002910460537579182,0.0002690341673392521,2.4457651576295658e-05,6
0.0033262406143762077,0.0002690341673392521,0.0,7
0.0037420206911732336,0.00029349181891554773,2.4457651576295658e-05,8
0.004157800767970259,0.00029349181891554773,0.0,9
0.0045735808447672855,0.00029349181891554773,0.0,10
0.004989360921564312,0.0003179494704918434,2.4457651576295658e-05,11
0.005405140998361337,0.0003179494704918434,0.0,12
0.005820921075158364,0.0003179494704918434,0.0,13
0.006236701151955389,0.0003179494704918434,0.0,14
0.0066524812287524155,0.0003179494704918434,0.0,15
0.007068261305549441,0.0003179494704918434,0.0,16
0.007484041382346467,0.0003179494704918434,0.0,17
0.007899821459143494,0.00036686477364443465,4.891530315259126e-05,18
0.008315601535940518,0.00036686477364443465,0.0,19
0.008731381612737545,0.00036686477364443465,0.0,20
0.009147161689534571,0.00036686477364443465,0.0,21
0.009562941766331597,0.00036686477364443465,0.0,22
0.009978721843128624,0.00036686477364443465,0.0,23
0.010394501919925648,0.00036686477364443465,0.0,24
0.010810281996722675,0.00036686477364443465,0.0,25
0.011226062073519701,0.00036686477364443465,0.0,26
0.011641842150316727,0.00036686477364443465,0.0,27
0.012057622227113752,0.00036686477364443465,0.0,28
0.012473402303910778,0.00036686477364443465,0.0,29
0.012889182380707805,0.00036686477364443465,0.0,30
0.013304962457504831,0.00036686477364443465,0.0,31
0.013720742534301856,0.00036686477364443465,0.0,32
0.014136522611098882,0.00036686477364443465,0.0,33
0.014552302687895908,0.00036686477364443465,0.0,34
0.014968082764692935,0.00036686477364443465,0.0,35
0.015383862841489961,0.00036686477364443465,0.0,36
0.015799642918286987,0.00036686477364443465,0.0,37
0.016215422995084012,0.00036686477364443465,0.0,38
0.016631203071881036,0.00036686477364443465,0.0,39
0.017046983148678065,0.00036686477364443465,0.0,40
0.01746276322547509,0.00036686477364443465,0.0,41
0.017878543302272117,0.00036686477364443465,0.0,42
0.018294323379069142,0.00036686477364443465,0.0,43
0.018710103455866166,0.00036686477364443465,0.0,44
0.019125883532663195,0.00036686477364443465,0.0,45
0.01954166360946022,0.00036686477364443465,0.0,46
0.019957443686257247,0.00036686477364443465,0.0,47
0.020373223763054272,0.00036686477364443465,0.0,48
0.020789003839851296,0.00036686477364443465,0.0,49
0.021204783916648325,0.00036686477364443465,0.0,50
0.02162056399344535,0.00036686477364443465,0.0,51
0.022036344070242374,0.00036686477364443465,0.0,52
0.022427666495463107,0.00036686477364443465,0.0,53
0.022818988920683837,0.0003913224252207303,2.4457651576295658e-05,54
0.023210311345904566,0.0003913224252207303,0.0,55
0.023601633771125296,0.0003913224252207303,0.0,56
0.023992956196346026,0.00041578007679702597,2.4457651576295658e-05,57
0.02438427862156676,0.00041578007679702597,0.0,58
0.02477560104678749,0.00041578007679702597,0.0,59
0.025166923472008218,0.00041578007679702597,0.0,60
0.025558245897228948,0.00041578007679702597,0.0,61
0.025949568322449677,0.00041578007679702597,0.0,62
0.026340890747670407,0.00041578007679702597,0.0,63
0.02673221317289114,0.00041578007679702597,0.0,64
0.02712353559811187,0.00041578007679702597,0.0,65
0.0275148580233326,0.00041578007679702597,0.0,66
0.02790618044855333,0.00041578007679702597,0.0,67
0.02829750287377406,0.00041578007679702597,0.0,68
0.028688825298994792,0.00041578007679702597,0.0,69
0.02908014772421552,0.00041578007679702597,0.0,70
0.02947147014943625,0.00041578007679702597,0.0,71
0.02986279257465698,0.00041578007679702597,0.0,72
0.03025411499987771,0.00041578007679702597,0.0,73
0.030645437425098444,0.00041578007679702597,0.0,74
0.031036759850319173,0.00041578007679702597,0.0,75
0.0314280822755399,0.00041578007679702597,0.0,76
0.03181940470076063,0.00041578007679702597,0.0,77
0.032210727125981366,0.00041578007679702597,0.0,78
0.03260204955120209,0.00041578007679702597,0.0,79
0.032993371976422825,0.00041578007679702597,0.0,80
0.03338469440164355,0.0006358989409836868,0.0002201188641866608,81
0.033776016826864284,0.0006358989409836868,0.0,82
0.03416733925208502,0.0006358989409836868,0.0,83
0.034558661677305744,0.0006358989409836868,0.0,84
0.03494998410252648,0.0006358989409836868,0.0,85
0.0353413065277472,0.0006358989409836868,0.0,86
0.035732628952967936,0.0006603565925599824,2.4457651576295604e-05,87
0.03612395137818867,0.0006603565925599824,0.0,88
0.036515273803409395,0.0006603565925599824,0.0,89
0.03690659622863013,0.0006603565925599824,0.0,90
0.037297918653850855,0.0006603565925599824,0.0,91
0.03768924107907159,0.0006603565925599824,0.0,92
0.03808056350429232,0.0006603565925599824,0.0,93
0.03847188592951305,0.0006603565925599824,0.0,94
0.03886320835473378,0.0006603565925599824,0.0,95
0.039254530779954507,0.0006603565925599824,0.0,96
0.03964585320517524,0.0006603565925599824,0.0,97
0.04003717563039597,0.0006603565925599824,0.0,98
0.0404284980556167,0.0006603565925599824,0.0,99
0.04081982048083743,0.0006603565925599824,0.0,100
0.04121114290605816,0.0006603565925599824,0.0,101
0.04160246533127889,0.0006603565925599824,0.0,102
0.04199378775649962,0.0006603565925599824,0.0,103
0.04238511018172035,0.0006603565925599824,0.0,104
0.042776432606941084,0.0006603565925599824,0.0,105
0.04316775503216181,0.0006603565925599824,0.0,106
0.04355907745738254,0.0006603565925599824,0.0,107
0.04395039988260327,0.0006603565925599824,0.0,108
0.044341722307824,0.0006603565925599824,0.0,109
0.044733044733044736,0.0006603565925599824,0.0,110
0.04512436715826546,0.0006603565925599824,0.0,111
0.045515689583486195,0.0006603565925599824,0.0,112
0.04590701200870692,0.0006603565925599824,0.0,113
0.046298334433927654,0.0006603565925599824,0.0,114
0.04668965685914839,0.0006603565925599824,0.0,115
0.047080979284369114,0.0006603565925599824,0.0,116
0.04747230170958985,0.0006603565925599824,0.0,117
0.04786362413481057,0.0006603565925599824,0.0,118
0.048254946560031306,0.0006603565925599824,0.0,119
0.04864626898525204,0.0006603565925599824,0.0,120
0.049037591410472765,0.0006603565925599824,0.0,121
0.0494289138356935,0.0006603565925599824,0.0,122
0.049820236260914225,0.0006603565925599824,0.0,123
0.05021155868613496,0.0006603565925599824,0.0,124
0.05060288111135569,0.0006603565925599824,0.0,125
0.05099420353657642,0.000684814244136278,2.4457651576295604e-05,126
0.05138552596179715,0.0007092718957125737,2.4457651576295712e-05,127
0.051776848387017876,0.0007092718957125737,0.0,128
0.05216817081223861,0.0007092718957125737,0.0,129
0.052559493237459336,0.0007092718957125737,0.0,130
0.05295081566268007,0.0007092718957125737,0.0,131
0.0533421380879008,0.0007092718957125737,0.0,132
0.05373346051312153,0.0007092718957125737,0.0,133
0.05412478293834226,0.0007092718957125737,0.0,134
0.05451610536356299,0.0007092718957125737,0.0,135
0.05490742778878372,0.0007092718957125737,0.0,136
0.055298750214004454,0.0007092718957125737,0.0,137
0.05569007263922518,0.0007092718957125737,0.0,138
0.05608139506444591,0.0007092718957125737,0.0,139
0.05647271748966664,0.0007092718957125737,0.0,140
0.05686403991488737,0.0007092718957125737,0.0,141
0.057255362340108105,0.0007337295472888693,2.4457651576295604e-05,142
0.05764668476532883,0.0007337295472888693,0.0,143
0.058038007190549565,0.0007337295472888693,0.0,144
0.05842932961577029,0.0007337295472888693,0.0,145
0.058820652040991024,0.0007337295472888693,0.0,146
0.05921197446621176,0.0007337295472888693,0.0,147
0.05960329689143248,0.0007337295472888693,0.0,148
0.05999461931665322,0.0007337295472888693,0.0,149
0.06038594174187394,0.0007337295472888693,0.0,150
0.060777264167094676,0.0007337295472888693,0.0,151
0.06116858659231541,0.0007337295472888693,0.0,152
0.061559909017536135,0.0007337295472888693,0.0,153
0.06195123144275687,0.0009783060630518257,0.00024457651576295636,154
0.062342553867977595,0.0010027637146281215,2.445765157629582e-05,155
0.06273387629319832,0.001027221366204417,2.4457651576295604e-05,156
0.06312519871841905,0.001443001443001443,0.0004157800767970259,157
0.06351652114363979,0.0014674590945777386,2.4457651576295604e-05,158
0.06390784356886052,0.0014919167461540342,2.4457651576295604e-05,159
0.06429916599408125,0.00151637439773033,2.445765157629582e-05,160
0.06469048841930197,0.0015408320493066256,2.4457651576295604e-05,161
0.0650818108445227,0.0015408320493066256,0.0,162
0.06547313326974344,0.0015408320493066256,0.0,163
0.06586445569496417,0.0015408320493066256,0.0,164
0.0662557781201849,0.0015652897008829212,2.4457651576295604e-05,165
0.06664710054540562,0.0015652897008829212,0.0,166
0.06703842297062636,0.0015652897008829212,0.0,167
0.06742974539584709,0.0015652897008829212,0.0,168
0.06782106782106782,0.0015652897008829212,0.0,169
0.06821239024628856,0.0015652897008829212,0.0,170
0.06860371267150928,0.0015652897008829212,0.0,171
0.06899503509673001,0.0015652897008829212,0.0,172
0.06938635752195074,0.0015897473524592168,2.4457651576295604e-05,173
0.06977767994717148,0.0015897473524592168,0.0,174
0.07016900237239221,0.0015897473524592168,0.0,175
0.07056032479761293,0.0015897473524592168,0.0,176
0.07095164722283366,0.0015897473524592168,0.0,177
0.0713429696480544,0.0015897473524592168,0.0,178
0.07173429207327513,0.0015897473524592168,0.0,179
0.07212561449849586,0.0015897473524592168,0.0,180
0.07251693692371658,0.0016142050040355124,2.4457651576295604e-05,181
0.07290825934893731,0.001638662655611808,2.4457651576295604e-05,182
0.07329958177415805,0.0016631203071881039,2.445765157629582e-05,183
0.07369090419937878,0.0016631203071881039,0.0,184
0.07408222662459951,0.0016631203071881039,0.0,185
0.07447354904982023,0.0016631203071881039,0.0,186
0.07486487147504096,0.0016631203071881039,0.0,187
0.0752561939002617,0.0016631203071881039,0.0,188
0.07564751632548243,0.0016631203071881039,0.0,189
0.07603883875070316,0.0016631203071881039,0.0,190
0.07643016117592388,0.0016631203071881039,0.0,191
0.07682148360114462,0.0016631203071881039,0.0,192
0.07721280602636535,0.0016631203071881039,0.0,193
0.07760412845158608,0.0016631203071881039,0.0,194
0.07799545087680682,0.0016631203071881039,0.0,195
0.07838677330202753,0.0016631203071881039,0.0,196
0.07877809572724827,0.0016631203071881039,0.0,197
0.079169418152469,0.0016631203071881039,0.0,198
0.07956074057768973,0.0016631203071881039,0.0,199
0.07995206300291047,0.0016631203071881039,0.0,200
0.08034338542813119,0.0016631203071881039,0.0,201
0.08073470785335192,0.0016631203071881039,0.0,202
0.08112603027857265,0.0016631203071881039,0.0,203
0.08151735270379339,0.0016631203071881039,0.0,204
0.0819086751290141,0.0016631203071881039,0.0,205
0.08229999755423484,0.0016631203071881039,0.0,206
0.08269131997945557,0.001712035610340695,4.891530315259121e-05,207
0.0830826424046763,0.001712035610340695,0.0,208
0.08344950717832074,0.001712035610340695,0.0,209
0.08381637195196517,0.001712035610340695,0.0,210
0.08418323672560961,0.001712035610340695,0.0,211
0.08455010149925404,0.001712035610340695,0.0,212
0.08491696627289848,0.001712035610340695,0.0,213
0.08528383104654291,0.001712035610340695,0.0,214
0.08565069582018735,0.001712035610340695,0.0,215
0.08601756059383178,0.001712035610340695,0.0,216
0.08638442536747622,0.001712035610340695,0.0,217
0.08675129014112065,0.001712035610340695,0.0,218
0.08711815491476509,0.001712035610340695,0.0,219
0.08748501968840952,0.001712035610340695,0.0,220
0.08785188446205396,0.001712035610340695,0.0,221
0.08821874923569839,0.0017364932619169907,2.4457651576295604e-05,222
0.08858561400934283,0.0017364932619169907,0.0,223
0.08895247878298726,0.0017364932619169907,0.0,224
0.0893193435566317,0.0017364932619169907,0.0,225
0.08968620833027613,0.0017364932619169907,0.0,226
0.09005307310392056,0.0017364932619169907,0.0,227
0.090419937877565,0.0017364932619169907,0.0,228
0.09078680265120943,0.0017609509134932863,2.4457651576295604e-05,229
0.09115366742485387,0.0017609509134932863,0.0,230
0.0915205321984983,0.0017609509134932863,0.0,231
0.09188739697214274,0.0017609509134932863,0.0,232
0.09225426174578717,0.0017609509134932863,0.0,233
0.0926211265194316,0.0017609509134932863,0.0,234
0.09298799129307604,0.001785408565069582,2.445765157629582e-05,235
0.09335485606672048,0.001785408565069582,0.0,236
0.09372172084036491,0.001785408565069582,0.0,237
0.09408858561400935,0.001785408565069582,0.0,238
0.09445545038765378,0.001785408565069582,0.0,239
0.09482231516129822,0.001785408565069582,0.0,240
0.09518917993494265,0.001785408565069582,0.0,241
0.09555604470858708,0.001785408565069582,0.0,242
0.09592290948223152,0.0018098662166458777,2.4457651576295604e-05,243
0.09628977425587595,0.0018343238682221733,2.4457651576295604e-05,244
0.09665663902952039,0.0018343238682221733,0.0,245
0.09702350380316482,0.0018343238682221733,0.0,246
0.09739036857680926,0.0018343238682221733,0.0,247
0.09775723335045369,0.0018343238682221733,0.0,248
0.09812409812409813,0.0018343238682221733,0.0,249
0.09849096289774256,0.0018343238682221733,0.0,250
0.098857827671387,0.0018343238682221733,0.0,251
0.09922469244503143,0.0018343238682221733,0.0,252
0.09959155721867587,0.0018343238682221733,0.0,253
0.0999584219923203,0.0018343238682221733,0.0,254
0.10032528676596474,0.0018343238682221733,0.0,255
0.10069215153960917,0.0018343238682221733,0.0,256
0.1010590163132536,0.0018343238682221733,0.0,257
0.10142588108689804,0.0018343238682221733,0.0,258
0.10179274586054247,0.0018343238682221733,0.0,259
0.10215961063418691,0.0018343238682221733,0.0,260
0.10252647540783134,0.0018343238682221733,0.0,261
0.10289334018147578,0.0018343238682221733,0.0,262
0.10326020495512021,0.0018343238682221733,0.0,263
0.10362706972876465,0.0018343238682221733,0.0,264
0.10399393450240908,0.0018343238682221733,0.0,265
0.10436079927605352,0.0018343238682221733,0.0,266
0.10472766404969795,0.0018343238682221733,0.0,267
0.10509452882334239,0.0018343238682221733,0.0,268
0.10546139359698682,0.0018343238682221733,0.0,269
0.10582825837063126,0.0018343238682221733,0.0,270
0.10619512314427569,0.0018343238682221733,0.0,271
0.10656198791792013,0.0018343238682221733,0.0,272
0.10692885269156456,0.0018343238682221733,0.0,273
0.107295717465209,0.001858781519798469,2.4457651576295604e-05,274
0.10766258223885343,0.001858781519798469,0.0,275
0.10802944701249786,0.001858781519798469,0.0,276
0.1083963117861423,0.001858781519798469,0.0,277
0.10876317655978673,0.001858781519798469,0.0,278
0.10913004133343117,0.001858781519798469,0.0,279
0.1094969061070756,0.001858781519798469,0.0,280
0.10986377088072004,0.001858781519798469,0.0,281
0.11023063565436447,0.001858781519798469,0.0,282
0.11059750042800891,0.001858781519798469,0.0,283
0.11096436520165334,0.001858781519798469,0.0,284
0.11133122997529778,0.001858781519798469,0.0,285
0.11169809474894221,0.001858781519798469,0.0,286
0.11206495952258665,0.001858781519798469,0.0,287
0.11243182429623108,0.001858781519798469,0.0,288
0.11279868906987552,0.001858781519798469,0.0,289
0.11316555384351995,0.001858781519798469,0.0,290
0.11353241861716439,0.001858781519798469,0.0,291
0.11389928339080882,0.001858781519798469,0.0,292
0.11426614816445325,0.0018832391713747645,2.4457651576295604e-05,293
0.11463301293809769,0.0018832391713747645,0.0,294
0.11499987771174212,0.0018832391713747645,0.0,295
0.11536674248538656,0.0018832391713747645,0.0,296
0.115733607259031,0.0018832391713747645,0.0,297
0.11610047203267543,0.0018832391713747645,0.0,298
0.11646733680631986,0.0018832391713747645,0.0,299
0.1168342015799643,0.0018832391713747645,0.0,300
0.11720106635360873,0.0018832391713747645,0.0,301
0.11756793112725317,0.0018832391713747645,0.0,302
0.1179347959008976,0.0018832391713747645,0.0,303
0.11830166067454204,0.0018832391713747645,0.0,304
0.11866852544818647,0.0019076968229510603,2.445765157629582e-05,305
0.1190353902218309,0.0019076968229510603,0.0,306
0.11940225499547534,0.0019076968229510603,0.0,307
0.11976911976911978,0.0019076968229510603,0.0,308
0.12013598454276421,0.0019076968229510603,0.0,309
0.12050284931640864,0.0019076968229510603,0.0,310
0.12086971409005308,0.0019076968229510603,0.0,311
0.12123657886369751,0.0019076968229510603,0.0,312
0.12160344363734195,0.0019076968229510603,0.0,313
0.12197030841098638,0.0019076968229510603,0.0,314
0.12233717318463082,0.0019076968229510603,0.0,315
0.12270403795827525,0.0019076968229510603,0.0,316
0.12307090273191969,0.001932154474527356,2.4457651576295604e-05,317
0.12343776750556412,0.001932154474527356,0.0,318
0.12380463227920856,0.001932154474527356,0.0,319
0.12417149705285299,0.001932154474527356,0.0,320
0.12453836182649743,0.001932154474527356,0.0,321
0.12490522660014186,0.001932154474527356,0.0,322
0.12527209137378628,0.001932154474527356,0.0,323
0.12563895614743073,0.001932154474527356,0.0,324
0.12600582092107515,0.001932154474527356,0.0,325
0.1263726856947196,0.001932154474527356,0.0,326
0.12673955046836402,0.001932154474527356,0.0,327
0.12710641524200847,0.001932154474527356,0.0,328
0.1274732800156529,0.001932154474527356,0.0,329
0.12784014478929734,0.001932154474527356,0.0,330
0.12820700956294176,0.001932154474527356,0.0,331
0.1285738743365862,0.001932154474527356,0.0,332
0.12894073911023063,0.001932154474527356,0.0,333
0.12930760388387508,0.001932154474527356,0.0,334
0.1296744686575195,0.001932154474527356,0.0,335
0.13004133343116395,0.001932154474527356,0.0,336
0.13040819820480837,0.001932154474527356,0.0,337
0.13077506297845282,0.001932154474527356,0.0,338
0.13114192775209724,0.001932154474527356,0.0,339
0.13150879252574169,0.001932154474527356,0.0,340
0.1318756572993861,0.001932154474527356,0.0,341
0.13224252207303056,0.001932154474527356,0.0,342
0.13260938684667498,0.001932154474527356,0.0,343
0.13297625162031942,0.001932154474527356,0.0,344
0.13334311639396385,0.001932154474527356,0.0,345
0.1337099811676083,0.001932154474527356,0.0,346
0.13407684594125271,0.001932154474527356,0.0,347
0.13444371071489716,0.0019566121261036513,2.4457651576295387e-05,348
0.13481057548854158,0.0019566121261036513,0.0,349
0.13517744026218603,0.0019566121261036513,0.0,350
0.13554430503583045,0.0019566121261036513,0.0,351
0.1359111698094749,0.0019566121261036513,0.0,352
0.13627803458311932,0.0019566121261036513,0.0,353
0.13664489935676377,0.0019566121261036513,0.0,354
0.1370117641304082,0.0019566121261036513,0.0,355
0.13737862890405264,0.0019566121261036513,0.0,356
0.13774549367769706,0.0019566121261036513,0.0,357
0.1381123584513415,0.0019566121261036513,0.0,358
0.13847922322498593,0.0019566121261036513,0.0,359
0.13884608799863038,0.0019566121261036513,0.0,360
0.1392129527722748,0.0019566121261036513,0.0,361
0.13957981754591925,0.0019566121261036513,0.0,362
0.13994668231956367,0.0019566121261036513,0.0,363
0.14031354709320812,0.0019566121261036513,0.0,364
0.14068041186685254,0.0019566121261036513,0.0,365
0.141047276640497,0.0019566121261036513,0.0,366
0.1414141414141414,0.0019566121261036513,0.0,367
0.14178100618778586,0.0019566121261036513,0.0,368
0.14214787096143028,0.0019566121261036513,0.0,369
0.14251473573507473,0.0019566121261036513,0.0,370
0.14288160050871915,0.0019566121261036513,0.0,371
0.1432484652823636,0.0019566121261036513,0.0,372
0.14361533005600802,0.0019566121261036513,0.0,373
0.14398219482965247,0.0019566121261036513,0.0,374
0.1443246019517206,0.0019566121261036513,0.0,375
0.14466700907378874,0.0019566121261036513,0.0,376
0.14500941619585686,0.0019566121261036513,0.0,377
0.145351823317925,0.0019566121261036513,0.0,378
0.14569423043999316,0.0019566121261036513,0.0,379
0.14603663756206128,0.0019566121261036513,0.0,380
0.14637904468412943,0.0019566121261036513,0.0,381
0.14672145180619756,0.0019566121261036513,0.0,382
0.1470638589282657,0.0019566121261036513,0.0,383
0.14740626605033386,0.0019566121261036513,0.0,384
0.14774867317240198,0.0019566121261036513,0.0,385
0.14809108029447013,0.0019566121261036513,0.0,386
0.14843348741653825,0.0019566121261036513,0.0,387
0.1487758945386064,0.0019566121261036513,0.0,388
0.14911830166067455,0.001981069777679947,2.445765157629582e-05,389
0.14946070878274267,0.001981069777679947,0.0,390
0.14980311590481082,0.001981069777679947,0.0,391
0.15014552302687895,0.001981069777679947,0.0,392
0.1504879301489471,0.001981069777679947,0.0,393
0.15083033727101525,0.001981069777679947,0.0,394
0.15117274439308337,0.001981069777679947,0.0,395
0.15151515151515152,0.001981069777679947,0.0,396
0.15185755863721964,0.001981069777679947,0.0,397
0.1521999657592878,0.001981069777679947,0.0,398
0.15254237288135594,0.001981069777679947,0.0,399
0.15288478000342406,0.001981069777679947,0.0,400
0.15322718712549221,0.001981069777679947,0.0,401
0.15356959424756034,0.001981069777679947,0.0,402
0.1539120013696285,0.001981069777679947,0.0,403
0.15425440849169664,0.001981069777679947,0.0,404
0.15459681561376476,0.002005527429256243,2.445765157629582e-05,405
0.1549392227358329,0.002005527429256243,0.0,406
0.15528162985790103,0.002005527429256243,0.0,407
0.15562403697996918,0.002005527429256243,0.0,408
0.15596644410203733,0.002005527429256243,0.0,409
0.15630885122410546,0.002005527429256243,0.0,410
0.1566512583461736,0.002005527429256243,0.0,411
0.15699366546824173,0.002005527429256243,0.0,412
0.15733607259030988,0.002005527429256243,0.0,413
0.15767847971237803,0.002005527429256243,0.0,414
0.15802088683444615,0.002005527429256243,0.0,415
0.1583632939565143,0.002005527429256243,0.0,416
0.15870570107858242,0.002005527429256243,0.0,417
0.15904810820065057,0.002005527429256243,0.0,418
0.15939051532271872,0.002005527429256243,0.0,419
0.15973292244478685,0.0020299850808325384,2.4457651576295387e-05,420
0.160075329566855,0.0020299850808325384,0.0,421
0.16041773668892312,0.0020789003839851296,4.891530315259121e-05,422
0.16076014381099127,0.0020789003839851296,0.0,423
0.16110255093305942,0.0020789003839851296,0.0,424
0.16144495805512754,0.0020789003839851296,0.0,425
0.1617873651771957,0.0020789003839851296,0.0,426
0.1621297722992638,0.0020789003839851296,0.0,427
0.16247217942133196,0.0020789003839851296,0.0,428
0.1628145865434001,0.0020789003839851296,0.0,429
0.16315699366546824,0.0020789003839851296,0.0,430
0.1634994007875364,0.0020789003839851296,0.0,431
0.1638418079096045,0.0020789003839851296,0.0,432
0.16418421503167266,0.0020789003839851296,0.0,433
0.1645266221537408,0.0020789003839851296,0.0,434
0.16486902927580893,0.0020789003839851296,0.0,435
0.16521143639787708,0.0020789003839851296,0.0,436
0.1655538435199452,0.0020789003839851296,0.0,437
0.16589625064201335,0.0021033580355614254,2.445765157629582e-05,438
0.1662386577640815,0.0021033580355614254,0.0,439
0.16658106488614963,0.0021033580355614254,0.0,440
0.16692347200821778,0.0021033580355614254,0.0,441
0.1672658791302859,0.0021033580355614254,0.0,442
0.16760828625235405,0.0021033580355614254,0.0,443
0.1679506933744222,0.0021033580355614254,0.0,444
0.16829310049649032,0.0021033580355614254,0.0,445
0.16863550761855847,0.0021033580355614254,0.0,446
0.1689779147406266,0.0021033580355614254,0.0,447
0.16932032186269474,0.0021033580355614254,0.0,448
0.1696627289847629,0.0021033580355614254,0.0,449
0.17000513610683102,0.0021033580355614254,0.0,450
0.17034754322889917,0.0021033580355614254,0.0,451
0.1706899503509673,0.0021033580355614254,0.0,452
0.17103235747303544,0.0021033580355614254,0.0,453
0.1713747645951036,0.0021033580355614254,0.0,454
0.1717171717171717,0.0021033580355614254,0.0,455
0.17205957883923986,0.002127815687137721,2.445765157629582e-05,456
0.17240198596130799,0.002127815687137721,0.0,457
0.17274439308337614,0.002127815687137721,0.0,458
0.17308680020544429,0.002127815687137721,0.0,459
0.1734292073275124,0.002127815687137721,0.0,460
0.17377161444958056,0.002127815687137721,0.0,461
0.17411402157164868,0.002127815687137721,0.0,462
0.17445642869371683,0.002127815687137721,0.0,463
0.17479883581578498,0.002127815687137721,0.0,464
0.1751412429378531,0.002127815687137721,0.0,465
0.17548365005992125,0.002127815687137721,0.0,466
0.17582605718198938,0.002127815687137721,0.0,467
0.17616846430405753,0.002127815687137721,0.0,468
0.17651087142612568,0.002127815687137721,0.0,469
0.1768532785481938,0.002127815687137721,0.0,470
0.17719568567026195,0.002127815687137721,0.0,471
0.17753809279233007,0.002127815687137721,0.0,472
0.17788049991439822,0.002127815687137721,0.0,473
0.17822290703646637,0.002127815687137721,0.0,474
0.1785653141585345,0.002127815687137721,0.0,475
0.17890772128060264,0.0021522733387140166,2.4457651576295387e-05,476
0.17925012840267077,0.0021522733387140166,0.0,477
0.17959253552473892,0.0021767309902903124,2.445765157629582e-05,478
0.17993494264680707,0.002201188641866608,2.4457651576295387e-05,479
0.1802773497688752,0.002201188641866608,0.0,480
0.18061975689094334,0.0022256462934429036,2.445765157629582e-05,481
0.18096216401301146,0.0022501039450191994,2.445765157629582e-05,482
0.1813045711350796,0.0022501039450191994,0.0,483
0.18164697825714776,0.0022501039450191994,0.0,484
0.18198938537921588,0.00247022280920586,0.00022011886418666065,485
0.18233179250128403,0.002494680460782156,2.445765157629582e-05,486
0.18267419962335216,0.0025191381123584513,2.4457651576295387e-05,487
0.1830166067454203,0.002543595763934747,2.445765157629582e-05,488
0.18335901386748846,0.0025680534155110425,2.4457651576295387e-05,489
0.18370142098955658,0.0025925110670873383,2.445765157629582e-05,490
0.18404382811162473,0.0026414263702399295,4.891530315259121e-05,491
0.18438623523369285,0.0026658840218162254,2.445765157629582e-05,492
0.184728642355761,0.0026903416733925207,2.4457651576295387e-05,493
0.18507104947782915,0.0027147993249688166,2.445765157629582e-05,494
0.18541345659989728,0.002739256976545112,2.4457651576295387e-05,495
0.18575586372196543,0.0027637146281214078,2.445765157629582e-05,496
0.18609827084403355,0.0027881722796977036,2.445765157629582e-05,497
0.1864406779661017,0.002812629931273999,2.4457651576295387e-05,498
0.18678308508816982,0.002837087582850295,2.445765157629582e-05,499
0.18712549221023797,0.00286154523442659,2.4457651576295387e-05,500
0.18746789933230612,0.002886002886002886,2.445765157629582e-05,501
0.18781030645437424,0.002910460537579182,2.445765157629582e-05,502
0.1881527135764424,0.002934918189155477,2.4457651576295387e-05,503
0.18849512069851052,0.002959375840731773,2.445765157629582e-05,504
0.18883752782057867,0.0029838334923080684,2.4457651576295387e-05,505
0.18917993494264682,0.0029838334923080684,0.0,506
0.18952234206471494,0.0029838334923080684,0.0,507
0.1898647491867831,0.0029838334923080684,0.0,508
0.1902071563088512,0.0029838334923080684,0.0,509
0.19054956343091936,0.0029838334923080684,0.0,510
0.1908919705529875,0.0029838334923080684,0.0,511
0.19123437767505563,0.0029838334923080684,0.0,512
0.19157678479712378,0.0029838334923080684,0.0,513
0.1919191919191919,0.003375155917528799,0.0003913224252207305,514
0.19226159904126006,0.0033996135691050943,2.4457651576295387e-05,515
0.1926040061633282,0.00342407122068139,2.445765157629582e-05,516
0.19294641328539633,0.003448528872257686,2.445765157629582e-05,517
0.19328882040746448,0.0034729865238339814,2.4457651576295387e-05,518
0.1936312275295326,0.003497444175410277,2.445765157629582e-05,519
0.19397363465160075,0.0035219018269865726,2.4457651576295387e-05,520
0.1943160417736689,0.0035463594785628684,2.445765157629582e-05,521
0.19465844889573702,0.003570817130139164,2.445765157629582e-05,522
0.19500085601780517,0.003570817130139164,0.0,523
0.1953432631398733,0.004108885464817668,0.0005380683346785041,524
0.19568567026194145,0.004133343116393964,2.445765157629582e-05,525
0.1960280773840096,0.004157800767970259,2.4457651576294953e-05,526
0.19637048450607772,0.004182258419546555,2.445765157629582e-05,527
0.19671289162814587,0.004280089025851737,9.783060630518241e-05,528
0.197055298750214,0.004304546677428033,2.445765157629582e-05,529
0.19739770587228214,0.004329004329004329,2.445765157629582e-05,530
0.1977401129943503,0.004353461980580625,2.445765157629582e-05,531
0.19808252011641841,0.004377919632156921,2.445765157629582e-05,532
0.19842492723848656,0.004402377283733216,2.4457651576294953e-05,533
0.1987673343605547,0.004426834935309511,2.445765157629582e-05,534
0.19910974148262284,0.004451292586885807,2.445765157629582e-05,535
0.199452148604691,0.0045735808447672855,0.00012228825788147824,536
0.1997945557267591,0.0045735808447672855,0.0,537
0.20013696284882726,0.0045735808447672855,0.0,538
0.20047936997089538,0.0045735808447672855,0.0,539
0.20082177709296353,0.0045735808447672855,0.0,540
0.20116418421503168,0.0045735808447672855,0.0,541
0.2015065913370998,0.0045735808447672855,0.0,542
0.20184899845916796,0.0045735808447672855,0.0,543
0.20219140558123608,0.0045735808447672855,0.0,544
0.20253381270330423,0.0045735808447672855,0.0,545
0.20287621982537238,0.0045735808447672855,0.0,546
0.2032186269474405,0.0045735808447672855,0.0,547
0.20356103406950865,0.0045735808447672855,0.0,548
0.20390344119157677,0.0045735808447672855,0.0,549
0.20424584831364492,0.0045735808447672855,0.0,550
0.20458825543571307,0.0045735808447672855,0.0,551
0.2049306625577812,0.0045735808447672855,0.0,552
0.20527306967984935,0.0045735808447672855,0.0,553
0.2055910191503412,0.0045735808447672855,0.0,554
0.20590896862083302,0.0045735808447672855,0.0,555
0.20622691809132487,0.0045735808447672855,0.0,556
0.20654486756181673,0.0045735808447672855,0.0,557
0.20686281703230855,0.004598038496343581,2.445765157629582e-05,558
0.2071807665028004,0.004598038496343581,0.0,559
0.20749871597329225,0.004598038496343581,0.0,560
0.20781666544378408,0.004598038496343581,0.0,561
0.20813461491427593,0.004598038496343581,0.0,562
0.20845256438476778,0.004598038496343581,0.0,563
0.20877051385525963,0.004598038496343581,0.0,564
0.20908846332575146,0.004598038496343581,0.0,565
0.2094064127962433,0.004598038496343581,0.0,566
0.20972436226673516,0.004598038496343581,0.0,567
0.21004231173722698,0.004598038496343581,0.0,568
0.21036026120771883,0.004598038496343581,0.0,569
0.2106782106782107,0.004598038496343581,0.0,570
0.2109961601487025,0.004671411451072468,7.33729547288866e-05,571
0.21131410961919436,0.004695869102648764,2.445765157629582e-05,572
0.21163205908968621,0.0047203267542250595,2.445765157629582e-05,573
0.21195000856017804,0.004744784405801355,2.445765157629582e-05,574
0.2122679580306699,0.00476924205737765,2.4457651576294953e-05,575
0.21258590750116174,0.004793699708953946,2.445765157629582e-05,576
0.2129038569716536,0.004818157360530242,2.445765157629582e-05,577
0.21322180644214542,0.004842615012106538,2.445765157629582e-05,578
0.21353975591263727,0.004867072663682834,2.445765157629582e-05,579
0.21385770538312912,0.0048915303152591285,2.4457651576294953e-05,580
0.21417565485362094,0.004915987966835424,2.445765157629582e-05,581
0.2144936043241128,0.00494044561841172,2.445765157629582e-05,582
0.21481155379460465,0.004964903269988016,2.445765157629582e-05,583
0.21512950326509647,0.004989360921564312,2.445765157629582e-05,584
0.21544745273558832,0.005013818573140607,2.4457651576294953e-05,585
0.21576540220608018,0.005038276224716903,2.445765157629582e-05,586
0.21608335167657203,0.005062733876293198,2.445765157629582e-05,587
0.21640130114706385,0.005087191527869494,2.445765157629582e-05,588
0.2167192506175557,0.005111649179445789,2.4457651576294953e-05,589
0.21703720008804755,0.005136106831022085,2.445765157629582e-05,590
0.21735514955853938,0.005160564482598381,2.445765157629582e-05,591
0.21767309902903123,0.005185022134174677,2.445765157629582e-05,592
0.21799104849952308,0.005307310392056155,0.00012228825788147824,593
0.2183089979700149,0.005331768043632451,2.445765157629582e-05,594
0.21862694744050676,0.005356225695208746,2.4457651576294953e-05,595
0.2189448969109986,0.0053806833467850415,2.445765157629582e-05,596
0.21926284638149046,0.005405140998361337,2.445765157629582e-05,597
0.21958079585198229,0.005429598649937633,2.445765157629582e-05,598
0.21989874532247414,0.005454056301513929,2.445765157629582e-05,599
0.220216694792966,0.005478513953090224,2.4457651576294953e-05,600
0.2205346442634578,0.00550297160466652,2.445765157629582e-05,601
0.22085259373394966,0.0055274292562428155,2.445765157629582e-05,602
0.22117054320444152,0.005551886907819111,2.445765157629582e-05,603
0.22148849267493334,0.005576344559395407,2.445765157629582e-05,604
0.2218064421454252,0.005600802210971702,2.4457651576294953e-05,605
0.22212439161591704,0.005625259862547998,2.445765157629582e-05,606
0.2224423410864089,0.009587399417907892,0.003962139555359894,607
0.22276029055690072,0.009611857069484189,2.4457651576296688e-05,608
0.22307824002739257,0.009636314721060484,2.4457651576294953e-05,609
0.22339618949788442,0.009660772372636779,2.4457651576294953e-05,610
0.22371413896837625,0.009685230024213076,2.4457651576296688e-05,611
0.2240320884388681,0.00970968767578937,2.4457651576294953e-05,612
0.22435003790935995,0.009734145327365667,2.4457651576296688e-05,613
0.22466798737985177,0.009758602978941962,2.4457651576294953e-05,614
0.22498593685034363,0.009783060630518257,2.4457651576294953e-05,615
0.22530388632083548,0.009807518282094554,2.4457651576296688e-05,616
0.22562183579132733,0.009831975933670849,2.4457651576294953e-05,617
0.22593978526181915,0.009856433585247145,2.4457651576296688e-05,618
0.226257734732311,0.00988089123682344,2.4457651576294953e-05,619
0.22657568420280286,0.009905348888399735,2.4457651576294953e-05,620
0.22689363367329468,0.009929806539976032,2.4457651576296688e-05,621
0.22721158314378653,0.009954264191552327,2.4457651576294953e-05,622
0.22752953261427838,0.009978721843128624,2.4457651576296688e-05,623
0.2278474820847702,0.010003179494704919,2.4457651576294953e-05,624
0.22816543155526206,0.010027637146281214,2.4457651576294953e-05,625
0.2284833810257539,0.01005209479785751,2.4457651576296688e-05,626
0.22880133049624576,0.010149925404162692,9.783060630518155e-05,627
0.2291192799667376,0.010174383055738988,2.4457651576296688e-05,628
0.22943722943722944,0.010198840707315283,2.4457651576294953e-05,629
0.2297551789077213,0.010223298358891578,2.4457651576294953e-05,630
0.23007312837821312,0.010223298358891578,0.0,631
0.23039107784870497,0.01134835033140118,0.0011250519725096008,632
0.23070902731919682,0.011372807982977474,2.4457651576294953e-05,633
0.23102697678968864,0.01139726563455377,2.4457651576296688e-05,634
0.2313449262601805,0.011421723286130066,2.4457651576294953e-05,635
0.23166287573067235,0.01144618093770636,2.4457651576294953e-05,636
0.2319808252011642,0.011470638589282657,2.4457651576296688e-05,637
0.23229877467165602,0.011495096240858952,2.4457651576294953e-05,638
0.23261672414214787,0.011519553892435249,2.4457651576296688e-05,639
0.23293467361263973,0.011544011544011544,2.4457651576294953e-05,640
0.23325262308313155,0.011568469195587839,2.4457651576294953e-05,641
0.2335705725536234,0.011592926847164136,2.4457651576296688e-05,642
0.23388852202411525,0.01161738449874043,2.4457651576294953e-05,643
0.23420647149460708,0.011641842150316727,2.4457651576296688e-05,644
0.23452442096509893,0.011666299801893022,2.4457651576294953e-05,645
0.23484237043559078,0.011690757453469317,2.4457651576294953e-05,646
0.2351603199060826,0.011715215105045614,2.4457651576296688e-05,647
0.23547826937657446,0.011739672756621909,2.4457651576294953e-05,648
0.2357962188470663,0.011764130408198206,2.4457651576296688e-05,649
0.23611416831755816,0.0117885880597745,2.4457651576294953e-05,650
0.23643211778804998,0.011813045711350795,2.4457651576294953e-05,651
0.23675006725854184,0.011837503362927092,2.4457651576296688e-05,652
0.2370680167290337,0.011837503362927092,0.0,653
0.2373859661995255,0.011837503362927092,0.0,654
0.23770391567001736,0.011837503362927092,0.0,655
0.23802186514050921,0.011861961014503387,2.4457651576294953e-05,656
0.23833981461100104,0.011861961014503387,0.0,657
0.2386577640814929,0.011861961014503387,0.0,658
0.23897571355198474,0.011861961014503387,0.0,659
0.2392936630224766,0.011861961014503387,0.0,660
0.23961161249296842,0.011861961014503387,0.0,661
0.23992956196346027,0.011861961014503387,0.0,662
0.24024751143395212,0.011861961014503387,0.0,663
0.24056546090444395,0.011861961014503387,0.0,664
0.2408834103749358,0.011861961014503387,0.0,665
0.24120135984542765,0.011861961014503387,0.0,666
0.24151930931591947,0.011886418666079684,2.4457651576296688e-05,667
0.24183725878641132,0.011886418666079684,0.0,668
0.24215520825690318,0.011886418666079684,0.0,669
0.24247315772739503,0.011886418666079684,0.0,670
0.24279110719788685,0.011910876317655979,2.4457651576294953e-05,671
0.2431090566683787,0.011935333969232274,2.4457651576294953e-05,672
0.24342700613887056,0.01195979162080857,2.4457651576296688e-05,673
0.24374495560936238,0.011984249272384865,2.4457651576294953e-05,674
0.24406290507985423,0.012057622227113752,7.33729547288866e-05,675
0.24438085455034608,0.012082079878690049,2.4457651576296688e-05,676
0.2446988040208379,0.012082079878690049,0.0,677
0.24501675349132976,0.012155452833418935,7.33729547288866e-05,678
0.2453347029618216,0.012473402303910778,0.00031794947049184306,679
0.24565265243231346,0.012497859955487075,2.4457651576296688e-05,680
0.24597060190280529,0.01252231760706337,2.4457651576294953e-05,681
0.24628855137329714,0.012546775258639665,2.4457651576294953e-05,682
0.246606500843789,0.012571232910215962,2.4457651576296688e-05,683
0.2469244503142808,0.012595690561792256,2.4457651576294953e-05,684
0.24724239978477267,0.012620148213368553,2.4457651576296688e-05,685
0.24756034925526452,0.012644605864944848,2.4457651576294953e-05,686
0.24787829872575634,0.012669063516521143,2.4457651576294953e-05,687
0.2481962481962482,0.01269352116809744,2.4457651576296688e-05,688
0.24851419766674004,0.012717978819673735,2.4457651576294953e-05,689
0.2488321471372319,0.012742436471250031,2.4457651576296688e-05,690
0.24915009660772372,0.012766894122826326,2.4457651576294953e-05,691
0.24946804607821557,0.012766894122826326,0.0,692
0.24978599554870742,0.012766894122826326,0.0,693
0.25010394501919925,0.012766894122826326,0.0,694
0.2504218944896911,0.012766894122826326,0.0,695
0.25073984396018295,0.012766894122826326,0.0,696
0.2510577934306748,0.012766894122826326,0.0,697
0.25137574290116665,0.012766894122826326,0.0,698
0.25169369237165845,0.012766894122826326,0.0,699
0.2520116418421503,0.012766894122826326,0.0,700
0.25232959131264215,0.012766894122826326,0.0,701
0.252647540783134,0.012766894122826326,0.0,702
0.25296549025362586,0.012766894122826326,0.0,703
0.2532834397241177,0.012766894122826326,0.0,704
0.25360138919460956,0.012766894122826326,0.0,705
0.25391933866510136,0.012766894122826326,0.0,706
0.2542372881355932,0.012766894122826326,0.0,707
0.25455523760608506,0.012766894122826326,0.0,708
0.2548731870765769,0.012766894122826326,0.0,709
0.25519113654706876,0.012766894122826326,0.0,710
0.2555090860175606,0.012766894122826326,0.0,711
0.2558270354880524,0.012766894122826326,0.0,712
0.25614498495854426,0.012766894122826326,0.0,713
0.2564629344290361,0.012766894122826326,0.0,714
0.25678088389952797,0.012766894122826326,0.0,715
0.2570988333700198,0.012766894122826326,0.0,716
0.25741678284051167,0.012766894122826326,0.0,717
0.2577347323110035,0.012766894122826326,0.0,718
0.2580526817814953,0.012766894122826326,0.0,719
0.25837063125198717,0.012766894122826326,0.0,720
0.258688580722479,0.012766894122826326,0.0,721
0.2590065301929709,0.012766894122826326,0.0,722
0.2593244796634627,0.012766894122826326,0.0,723
0.2596424291339546,0.012766894122826326,0.0,724
0.2599603786044464,0.012766894122826326,0.0,725
0.2602783280749382,0.012766894122826326,0.0,726
0.2605962775454301,0.012766894122826326,0.0,727
0.26091422701592193,0.012766894122826326,0.0,728
0.2612321764864138,0.012766894122826326,0.0,729
0.26155012595690563,0.012766894122826326,0.0,730
0.2618680754273975,0.012766894122826326,0.0,731
0.2621860248978893,0.012766894122826326,0.0,732
0.26250397436838113,0.012766894122826326,0.0,733
0.262821923838873,0.012766894122826326,0.0,734
0.26313987330936484,0.012766894122826326,0.0,735
0.2634578227798567,0.012766894122826326,0.0,736
0.26377577225034854,0.012766894122826326,0.0,737
0.2640937217208404,0.012766894122826326,0.0,738
0.2644116711913322,0.012766894122826326,0.0,739
0.26472962066182404,0.012766894122826326,0.0,740
0.2650475701323159,0.012766894122826326,0.0,741
0.26536551960280774,0.012766894122826326,0.0,742
0.2656834690732996,0.012766894122826326,0.0,743
0.26600141854379145,0.012766894122826326,0.0,744
0.26631936801428324,0.012766894122826326,0.0,745
0.2666128598331988,0.012766894122826326,0.0,746
0.26690635165211435,0.012766894122826326,0.0,747
0.26719984347102993,0.012766894122826326,0.0,748
0.26749333528994546,0.012766894122826326,0.0,749
0.267786827108861,0.012766894122826326,0.0,750
0.26808031892777656,0.012766894122826326,0.0,751
0.2683738107466921,0.012766894122826326,0.0,752
0.26866730256560767,0.012766894122826326,0.0,753
0.2689607943845232,0.012766894122826326,0.0,754
0.2692542862034387,0.012766894122826326,0.0,755
0.2695477780223543,0.012766894122826326,0.0,756
0.2698412698412698,0.012766894122826326,0.0,757
0.2701347616601854,0.012766894122826326,0.0,758
0.27042825347910093,0.012766894122826326,0.0,759
0.27072174529801646,0.012766894122826326,0.0,760
0.27101523711693204,0.012766894122826326,0.0,761
0.27130872893584757,0.012766894122826326,0.0,762
0.27160222075476315,0.013378335412233718,0.0006114412894073912,763
0.27189571257367867,0.013451708366962604,7.33729547288866e-05,764
0.2721892043925942,0.01369628488272556,0.00024457651576295647,765
0.2724826962115098,0.013794115489030744,9.783060630518328e-05,766
0.2727761880304253,0.013818573140607039,2.4457651576294953e-05,767
0.2730696798493409,0.013965319050064812,0.0001467459094577732,768
0.2733631716682564,0.013989776701641109,2.4457651576296688e-05,769
0.27365666348717194,0.014014234353217404,2.4457651576294953e-05,770
0.2739501553060875,0.0140386920047937,2.4457651576296688e-05,771
0.27424364712500304,0.014063149656369995,2.4457651576294953e-05,772
0.2745371389439186,0.01408760730794629,2.4457651576294953e-05,773
0.27483063076283415,0.014112064959522587,2.4457651576296688e-05,774
0.2751241225817497,0.014112064959522587,0.0,775
0.27541761440066526,0.014112064959522587,0.0,776
0.2757111062195808,0.014112064959522587,0.0,777
0.27600459803849636,0.019248171790544673,0.005136106831022086,778
0.2762980898574119,0.019272629442120968,2.4457651576294953e-05,779
0.2765915816763274,0.019297087093697263,2.4457651576294953e-05,780
0.276885073495243,0.019321544745273558,2.4457651576294953e-05,781
0.2771785653141585,0.019346002396849856,2.4457651576298423e-05,782
0.2774720571330741,0.01937046004842615,2.4457651576294953e-05,783
0.2777655489519896,0.019394917700002446,2.4457651576294953e-05,784
0.27805904077090515,0.01941937535157874,2.4457651576294953e-05,785
0.27835253258982073,0.019443833003155036,2.4457651576294953e-05,786
0.27864602440873626,0.019468290654731334,2.4457651576298423e-05,787
0.27893951622765184,0.03358035561425392,0.014112064959522583,788
0.27923300804656737,0.033604813265830216,2.4457651576298423e-05,789
0.2795264998654829,0.03362927091740651,2.4457651576291484e-05,790
0.2798199916843985,0.03409396629735613,0.00046469537994962146,791
0.280113483503314,0.03416733925208502,7.337295472888833e-05,792
0.2804069753222296,0.03416733925208502,0.0,793
0.2807004671411451,0.03416733925208502,0.0,794
0.28099395896006063,0.034485288722576855,0.00031794947049183786,795
0.2812874507789762,0.034485288722576855,0.0,796
0.28158094259789174,0.034485288722576855,0.0,797
0.2818744344168073,0.034485288722576855,0.0,798
0.28216792623572284,0.034485288722576855,0.0,799
0.28246141805463837,0.034485288722576855,0.0,800
0.28275490987355395,0.034607576980458334,0.00012228825788147824,801
0.2830484016924695,0.034607576980458334,0.0,802
0.28334189351138506,0.034607576980458334,0.0,803
0.2836353853303006,0.034607576980458334,0.0,804
0.2839288771492161,0.034607576980458334,0.0,805
0.2842223689681317,0.03475432288991611,0.00014674590945777666,806
0.2845158607870472,0.03475432288991611,0.0,807
0.2848093526059628,0.0348032381930687,4.8915303152589906e-05,808
0.2851028444248783,0.0348032381930687,0.0,809
0.28539633624379385,0.0348032381930687,0.0,810
0.28568982806270943,0.0348032381930687,0.0,811
0.28598331988162495,0.0348032381930687,0.0,812
0.28627681170054053,0.0348032381930687,0.0,813
0.28657030351945606,0.0348032381930687,0.0,814
0.2868637953383716,0.0348032381930687,0.0,815
0.28715728715728717,0.0348032381930687,0.0,816
0.2874507789762027,0.034827695844645,2.4457651576298423e-05,817
0.2877442707951183,0.03485215349622129,2.4457651576291484e-05,818
0.2880377626140338,0.03487661114779759,2.4457651576298423e-05,819
0.2883312544329493,0.03490106879937389,2.4457651576298423e-05,820
0.2886247462518649,0.03492552645095018,2.4457651576291484e-05,821
0.28891823807078043,0.03494998410252648,2.4457651576298423e-05,822
0.289211729889696,0.03494998410252648,0.0,823
0.28950522170861154,0.03494998410252648,0.0,824
0.28979871352752706,0.03494998410252648,0.0,825
0.29009220534644264,0.03494998410252648,0.0,826
0.29038569716535817,0.03504781470883166,9.783060630517981e-05,827
0.29067918898427375,0.035072272360407955,2.4457651576298423e-05,828
0.2909726808031893,0.035096730011984247,2.4457651576291484e-05,829
0.2912661726221048,0.035121187663560545,2.4457651576298423e-05,830
0.2915596644410204,0.03514564531513684,2.4457651576298423e-05,831
0.2918531562599359,0.035170102966713135,2.4457651576291484e-05,832
0.2921466480788515,0.03519456061828943,2.4457651576298423e-05,833
0.292440139897767,0.03519456061828943,0.0,834
0.29273363171668254,0.035219018269865725,2.4457651576291484e-05,835
0.2930271235355981,0.03531684887617091,9.783060630518675e-05,836
0.29332061535451365,0.0353413065277472,2.4457651576291484e-05,837
0.29361410717342923,0.0353413065277472,0.0,838
0.29390759899234475,0.0353657641793235,2.4457651576298423e-05,839
0.2942010908112603,0.0353657641793235,0.0,840
0.29449458263017586,0.0353657641793235,0.0,841
0.2947880744490914,0.0353657641793235,0.0,842
0.29508156626800697,0.0353657641793235,0.0,843
0.2953750580869225,0.0353657641793235,0.0,844
0.295668549905838,0.0353657641793235,0.0,845
0.2959620417247536,0.0353657641793235,0.0,846
0.2962555335436691,0.0353657641793235,0.0,847
0.2965490253625847,0.0353657641793235,0.0,848
0.29684251718150023,0.0353657641793235,0.0,849
0.29713600900041576,0.0353902218308998,2.4457651576298423e-05,850
0.29742950081933134,0.03541467948247609,2.4457651576291484e-05,851
0.29772299263824686,0.03543913713405239,2.4457651576298423e-05,852
0.29801648445716244,0.03543913713405239,0.0,853
0.29830997627607797,0.03543913713405239,0.0,854
0.2986034680949935,0.03543913713405239,0.0,855
0.2988969599139091,0.03543913713405239,0.0,856
0.2991904517328246,0.03543913713405239,0.0,857
0.2994839435517402,0.03543913713405239,0.0,858
0.2997774353706557,0.03543913713405239,0.0,859
0.30007092718957123,0.03543913713405239,0.0,860
0.3003644190084868,0.03546359478562868,2.4457651576291484e-05,861
0.30065791082740234,0.03548805243720498,2.4457651576298423e-05,862
0.3009514026463179,0.03551251008878128,2.4457651576298423e-05,863
0.30124489446523345,0.03553696774035757,2.4457651576291484e-05,864
0.301538386284149,0.035757086604544235,0.00022011886418666499,865
0.30183187810306455,0.035757086604544235,0.0,866
0.3021253699219801,0.035757086604544235,0.0,867
0.30241886174089566,0.035757086604544235,0.0,868
0.3027123535598112,0.035757086604544235,0.0,869
0.3030058453787267,0.035781544256120526,2.4457651576291484e-05,870
0.3032993371976423,0.035781544256120526,0.0,871
0.3035928290165578,0.035806001907696824,2.4457651576298423e-05,872
0.3038863208354734,0.035806001907696824,0.0,873
0.3041798126543889,0.035806001907696824,0.0,874
0.30447330447330445,0.035830459559273116,2.4457651576291484e-05,875
0.30476679629222003,0.035854917210849414,2.4457651576298423e-05,876
0.30506028811113556,0.03587937486242571,2.4457651576298423e-05,877
0.30535377993005114,0.035903832514002004,2.4457651576291484e-05,878
0.30564727174896666,0.035903832514002004,0.0,879
0.3059407635678822,0.03597720546873089,7.337295472888833e-05,880
0.30623425538679777,0.03600166312030719,2.4457651576298423e-05,881
0.3065277472057133,0.03609949372661237,9.783060630517981e-05,882
0.3068212390246289,0.03612395137818867,2.4457651576298423e-05,883
0.3071147308435444,0.05297527331425637,0.016851321936067698,884
0.30740822266245993,0.053146476875290435,0.00017120356103406814,885
0.3077017144813755,0.05317093452686673,2.4457651576291484e-05,886
0.30799520630029104,0.053195392178443025,2.4457651576298423e-05,887
0.3082886981192066,0.053219849830019324,2.4457651576298423e-05,888
0.30858218993812214,0.053244307481595615,2.4457651576291484e-05,889
0.30887568175703767,0.053268765133171914,2.4457651576298423e-05,890
0.30916917357595325,0.053293222784748205,2.4457651576291484e-05,891
0.3094626653948688,0.053317680436324504,2.4457651576298423e-05,892
0.30975615721378436,0.053317680436324504,0.0,893
0.3100496490326999,0.0533421380879008,2.4457651576298423e-05,894
0.3103431408516154,0.0533421380879008,0.0,895
0.310636632670531,0.0533421380879008,0.0,896
0.3109301244894465,0.05336659573947709,2.4457651576291484e-05,897
0.3112236163083621,0.05339105339105339,2.4457651576298423e-05,898
0.3115171081272776,0.05341551104262968,2.4457651576291484e-05,899
0.31181059994619315,0.05341551104262968,0.0,900
0.3121040917651087,0.05341551104262968,0.0,901
0.31239758358402425,0.05341551104262968,0.0,902
0.31269107540293983,0.05341551104262968,0.0,903
0.31298456722185536,0.05341551104262968,0.0,904
0.3132780590407709,0.05341551104262968,0.0,905
0.31357155085968647,0.05341551104262968,0.0,906
0.313865042678602,0.05341551104262968,0.0,907
0.31415853449751757,0.05341551104262968,0.0,908
0.3144520263164331,0.05368454520996894,0.0002690341673392549,909
0.3147455181353486,0.05370900286154524,2.4457651576298423e-05,910
0.3150390099542642,0.05373346051312153,2.4457651576291484e-05,911
0.31533250177317973,0.053806833467850416,7.337295472888833e-05,912
0.3156259935920953,0.053831291119426715,2.4457651576298423e-05,913
0.31591948541101084,0.053855748771003006,2.4457651576291484e-05,914
0.31621297722992636,0.053880206422579305,2.4457651576298423e-05,915
0.31650646904884194,0.053904664074155596,2.4457651576291484e-05,916
0.31679996086775747,0.054026952332037075,0.00012228825788147824,917
0.31709345268667305,0.05405140998361337,2.4457651576298423e-05,918
0.3173869445055886,0.05407586763518967,2.4457651576298423e-05,919
0.3176804363245041,0.05410032528676596,2.4457651576291484e-05,920
0.3179739281434197,0.05410032528676596,0.0,921
0.3182674199623352,0.05412478293834226,2.4457651576298423e-05,922
0.3185609117812508,0.05414924058991855,2.4457651576291484e-05,923
0.3188544036001663,0.05566561498764889,0.0015163743977303357,924
0.31914789541908184,0.05573898794237777,7.337295472888139e-05,925
0.3194413872379974,0.05581236089710666,7.337295472888833e-05,926
0.31973487905691295,0.05583681854868296,2.4457651576298423e-05,927
0.3200283708758285,0.05586127620025925,2.4457651576291484e-05,928
0.32032186269474405,0.055885733851835546,2.4457651576298423e-05,929
0.3206153545136596,0.055910191503411845,2.4457651576298423e-05,930
0.32090884633257516,0.055934649154988136,2.4457651576291484e-05,931
0.3212023381514907,0.05627705627705628,0.0003424071220681432,932
0.32149582997040627,0.05630151392863257,2.4457651576291484e-05,933
0.3217893217893218,0.05632597158020887,2.4457651576298423e-05,934
0.3220828136082373,0.05635042923178516,2.4457651576291484e-05,935
0.3223763054271529,0.05637488688336146,2.4457651576298423e-05,936
0.3226697972460684,0.05639934453493776,2.4457651576298423e-05,937
0.322963289064984,0.05642380218651405,2.4457651576291484e-05,938
0.32325678088389953,0.05644825983809035,2.4457651576298423e-05,939
0.32355027270281506,0.05647271748966664,2.4457651576291484e-05,940
0.32384376452173064,0.05649717514124294,2.4457651576298423e-05,941
0.32413725634064616,0.056521632792819236,2.4457651576298423e-05,942
0.32443074815956174,0.056741751657005894,0.00022011886418665805,943
0.32472423997847727,0.057255362340108105,0.0005136106831022114,944
0.3250177317973928,0.057304277643260695,4.8915303152589906e-05,945
0.3253112236163084,0.05732873529483699,2.4457651576291484e-05,946
0.3256047154352239,0.057353192946413285,2.4457651576298423e-05,947
0.3258982072541395,0.057402108249565875,4.8915303152589906e-05,948
0.326191699073055,0.057451023552718465,4.8915303152589906e-05,949
0.32648519089197053,0.057475481204294764,2.4457651576298423e-05,950
0.3267786827108861,0.05752439650744735,4.8915303152589906e-05,951
0.32707217452980164,0.05754885415902365,2.4457651576298423e-05,952
0.3273656663487172,0.05757331181059994,2.4457651576291484e-05,953
0.32765915816763275,0.05759776946217624,2.4457651576298423e-05,954
0.327928192334972,0.05772005772005772,0.00012228825788147824,955
0.32819722650231126,0.05774451537163402,2.4457651576298423e-05,956
0.3284662606696505,0.05776897302321031,2.4457651576291484e-05,957
0.32873529483698977,0.05779343067478661,2.4457651576298423e-05,958
0.329004329004329,0.0578423459779392,4.8915303152589906e-05,959
0.3292733631716683,0.0578668036295155,2.4457651576298423e-05,960
0.32954239733900753,0.05789126128109179,2.4457651576291484e-05,961
0.3298114315063468,0.05791571893266809,2.4457651576298423e-05,962
0.330080465673686,0.05794017658424438,2.4457651576291484e-05,963
0.33034949984102524,0.057964634235820676,2.4457651576298423e-05,964
0.3306185340083645,0.057989091887396975,2.4457651576298423e-05,965
0.33088756817570375,0.058013549538973266,2.4457651576291484e-05,966
0.331156602343043,0.058038007190549565,2.4457651576298423e-05,967
0.33142563651038226,0.058086922493702155,4.8915303152589906e-05,968
0.3316946706777215,0.05811138014527845,2.4457651576298423e-05,969
0.33196370484506077,0.058135837796854745,2.4457651576291484e-05,970
0.3322327390124,0.05816029544843104,2.4457651576298423e-05,971
0.3325017731797393,0.058184753100007335,2.4457651576291484e-05,972
0.33277080734707853,0.05820921075158363,2.4457651576298423e-05,973
0.3330398415144178,0.05823366840315993,2.4457651576298423e-05,974
0.33330887568175704,0.060092449922958396,0.001858781519798465,975
0.3335779098490963,0.060116907574534695,2.4457651576298423e-05,976
0.33384694401643555,0.060141365226110986,2.4457651576291484e-05,977
0.3341159781837748,0.060165822877687285,2.4457651576298423e-05,978
0.33438501235111406,0.06019028052926358,2.4457651576298423e-05,979
0.3346540465184533,0.060214738180839875,2.4457651576291484e-05,980
0.3349230806857926,0.06023919583241617,2.4457651576298423e-05,981
0.33519211485313183,0.060263653483992465,2.4457651576291484e-05,982
0.33546114902047103,0.06028811113556876,2.4457651576298423e-05,983
0.3357301831878103,0.06031256878714506,2.4457651576298423e-05,984
0.33599921735514954,0.06033702643872135,2.4457651576291484e-05,985
0.3362682515224888,0.06036148409029765,2.4457651576298423e-05,986
0.33653728568982805,0.06038594174187394,2.4457651576291484e-05,987
0.3368063198571673,0.06041039939345024,2.4457651576298423e-05,988
0.33707535402450656,0.06043485704502654,2.4457651576298423e-05,989
0.3373443881918458,0.06045931469660283,2.4457651576291484e-05,990
0.33761342235918507,0.06048377234817913,2.4457651576298423e-05,991
0.3378824565265243,0.06050822999975542,2.4457651576291484e-05,992
0.3381514906938636,0.06053268765133172,2.4457651576298423e-05,993
0.33842052486120283,0.06055714530290802,2.4457651576298423e-05,994
0.3386895590285421,0.06058160295448431,2.4457651576291484e-05,995
0.33895859319588134,0.06060606060606061,2.4457651576298423e-05,996
0.3392276273632206,0.0606305182576369,2.4457651576291484e-05,997
0.33949666153055985,0.0606549759092132,2.4457651576298423e-05,998
0.3397656956978991,0.060679433560789496,2.4457651576298423e-05,999
0.34003472986523836,0.06070389121236579,2.4457651576291484e-05,1000
0.3403037640325776,0.060728348863942086,2.4457651576298423e-05,1001
0.34057279819991687,0.06075280651551838,2.4457651576291484e-05,1002
0.34084183236725607,0.060777264167094676,2.4457651576298423e-05,1003
0.3411108665345953,0.060801721818670974,2.4457651576298423e-05,1004
0.3413799007019346,0.060826179470247266,2.4457651576291484e-05,1005
0.34164893486927383,0.060850637121823564,2.4457651576298423e-05,1006
0.3419179690366131,0.060875094773399856,2.4457651576291484e-05,1007
0.34218700320395234,0.060899552424976154,2.4457651576298423e-05,1008
0.3424560373712916,0.06102184068285763,0.00012228825788147824,1009
0.34272507153863085,0.06124195954704429,0.00022011886418665805,1010
0.3429941057059701,0.06131533250177318,7.337295472888833e-05,1011
0.34326313987330936,0.06422579303935236,0.0029104605375791792,1012
0.3435321740406486,0.06432362364565754,9.783060630517981e-05,1013
0.3438012082079879,0.06434808129723384,2.4457651576298423e-05,1014
0.34407024237532713,0.06437253894881013,2.4457651576298423e-05,1015
0.3443392765426664,0.06439699660038643,2.4457651576298423e-05,1016
0.34460831071000564,0.06442145425196273,2.4457651576298423e-05,1017
0.3448773448773449,0.06444591190353902,2.4457651576284545e-05,1018
0.34514637904468415,0.06447036955511531,2.4457651576298423e-05,1019
0.3454154132120234,0.06451928485826791,4.8915303152596845e-05,1020
0.34568444737936266,0.06454374250984421,2.4457651576298423e-05,1021
0.3459534815467019,0.06618240516545601,0.0016386626556118,1022
0.3462225157140411,0.06620686281703231,2.4457651576298423e-05,1023
0.34649154988138037,0.06645143933279526,0.00024457651576295647,1024
0.3467605840487196,0.06647589698437156,2.4457651576298423e-05,1025
0.3470296182160589,0.06657372759067674,9.783060630517981e-05,1026
0.34729865238339813,0.06659818524225304,2.4457651576298423e-05,1027
0.3475676865507374,0.06662264289382934,2.4457651576298423e-05,1028
0.34783672071807664,0.06784552547264412,0.0012228825788147824,1029
0.3481057548854159,0.0678699831242204,2.4457651576284545e-05,1030
0.34837478905275515,0.067918898427373,4.8915303152596845e-05,1031
0.3486438232200944,0.0679433560789493,2.4457651576298423e-05,1032
0.34891285738743366,0.0679678137305256,2.4457651576298423e-05,1033
0.3491818915547729,0.06799227138210188,2.4457651576284545e-05,1034
0.34945092572211217,0.06801672903367818,2.4457651576298423e-05,1035
0.3497199598894514,0.06804118668525448,2.4457651576298423e-05,1036
0.3499889940567907,0.06806564433683078,2.4457651576298423e-05,1037
0.35025802822412994,0.06813901729155966,7.337295472888139e-05,1038
0.3505270623914692,0.06816347494313596,2.4457651576298423e-05,1039
0.35079609655880845,0.06818793259471226,2.4457651576298423e-05,1040
0.3510651307261477,0.06857925501993299,0.00039132242522073313,1041
0.3513341648934869,0.06860371267150928,2.4457651576284545e-05,1042
0.35160319906082615,0.06862817032308557,2.4457651576298423e-05,1043
0.3518722332281654,0.06865262797466187,2.4457651576298423e-05,1044
0.35214126739550466,0.06867708562623817,2.4457651576298423e-05,1045
0.3524103015628439,0.06870154327781447,2.4457651576298423e-05,1046
0.3526793357301832,0.06872600092939075,2.4457651576284545e-05,1047
0.35294836989752243,0.06882383153569595,9.783060630519369e-05,1048
0.3532174040648617,0.06926406926406926,0.0004402377283733161,1049
0.35348643823220094,0.06943527282510334,0.00017120356103407508,1050
0.3537554723995402,0.0695820187345611,0.00014674590945776278,1051
0.35402450656687945,0.0696064763861374,2.4457651576298423e-05,1052
0.3542935407342187,0.0696309340377137,2.4457651576298423e-05,1053
0.35456257490155796,0.06965539168929,2.4457651576298423e-05,1054
0.3548316090688972,0.0696798493408663,2.4457651576298423e-05,1055
0.35510064323623647,0.06970430699244258,2.4457651576284545e-05,1056
0.3553696774035757,0.06972876464401888,2.4457651576298423e-05,1057
0.355638711570915,0.06975322229559518,2.4457651576298423e-05,1058
0.35590774573825423,0.06977767994717148,2.4457651576298423e-05,1059
0.3561767799055935,0.06980213759874777,2.4457651576298423e-05,1060
0.35644581407293274,0.06982659525032406,2.4457651576284545e-05,1061
0.35671484824027194,0.06985105290190036,2.4457651576298423e-05,1062
0.3569838824076112,0.06987551055347666,2.4457651576298423e-05,1063
0.35725291657495045,0.07009562941766331,0.00022011886418665805,1064
0.3575219507422897,0.07012008706923961,2.4457651576298423e-05,1065
0.35779098490962896,0.07021791767554479,9.783060630517981e-05,1066
0.3580600190769682,0.07024237532712109,2.4457651576298423e-05,1067
0.35832905324430747,0.07026683297869739,2.4457651576298423e-05,1068
0.3585980874116467,0.07029129063027369,2.4457651576298423e-05,1069
0.358867121578986,0.07038912123657887,9.783060630517981e-05,1070
0.35913615574632524,0.07041357888815516,2.4457651576298423e-05,1071
0.3594051899136645,0.07043803653973145,2.4457651576284545e-05,1072
0.35967422408100375,0.07046249419130775,2.4457651576298423e-05,1073
0.359943258248343,0.07048695184288405,2.4457651576298423e-05,1074
0.36021229241568226,0.07051140949446034,2.4457651576298423e-05,1075
0.3604813265830215,0.07053586714603664,2.4457651576298423e-05,1076
0.36075036075036077,0.07056032479761293,2.4457651576284545e-05,1077
0.3610193949177,0.07058478244918923,2.4457651576298423e-05,1078
0.3612884290850393,0.0706826130554944,9.783060630517981e-05,1079
0.36155746325237853,0.07102502017756256,0.00034240712206815016,1080
0.3618264974197178,0.07104947782913884,2.4457651576284545e-05,1081
0.362095531587057,0.07109839313229144,4.8915303152596845e-05,1082
0.36236456575439624,0.07112285078386774,2.4457651576298423e-05,1083
0.3626335999217355,0.07117176608702032,4.891530315258297e-05,1084
0.36290263408907475,0.07119622373859662,2.4457651576298423e-05,1085
0.363171668256414,0.0713185119964781,0.00012228825788147824,1086
0.36344070242375326,0.0713429696480544,2.4457651576298423e-05,1087
0.3637097365910925,0.07212561449849586,0.0007826448504414663,1088
0.36397877075843177,0.07215007215007214,2.4457651576284545e-05,1089
0.364247804925771,0.07217452980164844,2.4457651576298423e-05,1090
0.3645168390931103,0.07219898745322474,2.4457651576298423e-05,1091
0.36478587326044953,0.07222344510480104,2.4457651576298423e-05,1092
0.3650549074277888,0.07224790275637734,2.4457651576298423e-05,1093
0.36532394159512804,0.07420451488248099,0.0019566121261036518,1094
0.3655929757624673,0.07422897253405727,2.4457651576284545e-05,1095
0.36586200992980655,0.07425343018563357,2.4457651576298423e-05,1096
0.3661310440971458,0.07427788783720987,2.4457651576298423e-05,1097
0.36640007826448506,0.07430234548878617,2.4457651576298423e-05,1098
0.3666691124318243,0.07432680314036247,2.4457651576298423e-05,1099
0.3669381465991636,0.07435126079193875,2.4457651576284545e-05,1100
0.3672071807665028,0.07440017609509135,4.8915303152596845e-05,1101
0.367476214933842,0.07447354904982023,7.337295472888139e-05,1102
0.3677452491011813,0.07449800670139653,2.4457651576298423e-05,1103
0.36801428326852054,0.07452246435297283,2.4457651576298423e-05,1104
0.3682833174358598,0.07454692200454913,2.4457651576298423e-05,1105
0.36855235160319905,0.07459583730770171,4.891530315258297e-05,1106
0.3688213857705383,0.07462029495927801,2.4457651576298423e-05,1107
0.36909041993787756,0.0746447526108543,2.4457651576298423e-05,1108
0.3693594541052168,0.0746692102624306,2.4457651576298423e-05,1109
0.36962848827255607,0.0746936679140069,2.4457651576298423e-05,1110
0.3698975224398953,0.07476704086873578,7.337295472888139e-05,1111
0.3701665566072346,0.07479149852031208,2.4457651576298423e-05,1112
0.37043559077457383,0.07481595617188838,2.4457651576298423e-05,1113
0.3707046249419131,0.07488932912661726,7.337295472888139e-05,1114
0.37097365910925234,0.07491378677819356,2.4457651576298423e-05,1115
0.3712426932765916,0.07498715973292244,7.337295472888139e-05,1116
0.37151172744393085,0.07567197397705873,0.0006848142441362864,1117
0.3717807616112701,0.07569643162863501,2.4457651576284545e-05,1118
0.37204979577860936,0.07581871988651649,0.00012228825788147824,1119
0.3723188299459486,0.07586763518966909,4.8915303152596845e-05,1120
0.3725878641132878,0.07596546579597427,9.783060630517981e-05,1121
0.37285689828062707,0.07601438109912687,4.8915303152596845e-05,1122
0.3731259324479663,0.07608775405385575,7.337295472888139e-05,1123
0.3733949666153056,0.07684594125272091,0.0007581871988651678,1124
0.37366400078264483,0.07687039890429721,2.4457651576298423e-05,1125
0.3739330349499841,0.07699268716217869,0.00012228825788147824,1126
0.37420206911732334,0.07701714481375499,2.4457651576298423e-05,1127
0.3744711032846626,0.07706606011690757,4.891530315258297e-05,1128
0.37474013745200185,0.07709051776848387,2.4457651576298423e-05,1129
0.3750091716193411,0.07713943307163647,4.8915303152596845e-05,1130
0.37527820578668036,0.07716389072321275,2.4457651576284545e-05,1131
0.3755472399540196,0.07718834837478905,2.4457651576298423e-05,1132
0.3758162741213589,0.07721280602636535,2.4457651576298423e-05,1133
0.37608530828869813,0.07723726367794165,2.4457651576298423e-05,1134
0.3763543424560374,0.07726172132951795,2.4457651576298423e-05,1135
0.37662337662337664,0.07728617898109423,2.4457651576284545e-05,1136
0.3768924107907159,0.1066598185242253,0.029373639543131075,1137
0.37716144495805515,0.1066842761758016,2.4457651576298423e-05,1138
0.3774304791253944,0.10744246337466676,0.000758187198865154,1139
0.37769951329273366,0.10754029398097195,9.783060630519369e-05,1140
0.37796854746007286,0.10756475163254824,2.4457651576284545e-05,1141
0.3782375816274121,0.10761366693570083,4.8915303152596845e-05,1142
0.37850661579475137,0.10763812458727713,2.4457651576298423e-05,1143
0.3787756499620906,0.10773595519358231,9.783060630517981e-05,1144
0.3790446841294299,0.10780932814831119,7.337295472888139e-05,1145
0.37931371829676913,0.10783378579988749,2.4457651576298423e-05,1146
0.3795827524641084,0.10785824345146379,2.4457651576298423e-05,1147
0.37985178663144764,0.10793161640619267,7.337295472888139e-05,1148
0.3801208207987869,0.10805390466407415,0.00012228825788147824,1149
0.38038985496612615,0.10807836231565045,2.4457651576298423e-05,1150
0.3806588891334654,0.10810281996722675,2.4457651576298423e-05,1151
0.38092792330080466,0.10815173527037934,4.8915303152596845e-05,1152
0.3811969574681439,0.10817619292195563,2.4457651576284545e-05,1153
0.38146599163548317,0.10844522708929488,0.0002690341673392549,1154
0.3817350258028224,0.10846968474087118,2.4457651576298423e-05,1155
0.3820040599701617,0.10849414239244748,2.4457651576298423e-05,1156
0.38227309413750094,0.10851860004402378,2.4457651576298423e-05,1157
0.3825421283048402,0.10859197299875266,7.337295472888139e-05,1158
0.38281116247217944,0.10861643065032896,2.4457651576298423e-05,1159
0.3830801966395187,0.10864088830190526,2.4457651576298423e-05,1160
0.3833492308068579,0.10886100716609191,0.00022011886418665805,1161
0.38361826497419715,0.1089343801208208,7.337295472888139e-05,1162
0.3838872991415364,0.10898329542397339,4.8915303152596845e-05,1163
0.38415633330887566,0.10900775307554969,2.4457651576298423e-05,1164
0.3844253674762149,0.10922787193973635,0.00022011886418665805,1165
0.3846944016435542,0.11864406779661017,0.009416195856873824,1166
0.38496343581089343,0.11871744075133905,7.337295472888139e-05,1167
0.3852324699782327,0.11881527135764423,9.783060630517981e-05,1168
0.38550150414557194,0.11886418666079683,4.8915303152596845e-05,1169
0.3857705383129112,0.11905984787340719,0.00019566121261035962,1170
0.38603957248025045,0.11908430552498349,2.4457651576298423e-05,1171
0.3863086066475897,0.11910876317655979,2.4457651576298423e-05,1172
0.38657764081492896,0.11913322082813609,2.4457651576298423e-05,1173
0.3868466749822682,0.11915767847971238,2.4457651576298423e-05,1174
0.38711570914960747,0.11918213613128867,2.4457651576284545e-05,1175
0.3873847433169467,0.11923105143444127,4.8915303152596845e-05,1176
0.387653777484286,0.11930442438917015,7.337295472888139e-05,1177
0.38792281165162523,0.11937779734389904,7.337295472889527e-05,1178
0.3881918458189645,0.11942671264705162,4.891530315258297e-05,1179
0.38846087998630374,0.1195979162080857,0.00017120356103407508,1180
0.38872991415364294,0.11967128916281458,7.337295472888139e-05,1181
0.3889744906694059,0.11969574681439088,2.4457651576298423e-05,1182
0.38921906718516885,0.11981803507227236,0.00012228825788147824,1183
0.38946364370093184,0.11984249272384866,2.4457651576298423e-05,1184
0.38970822021669477,0.11986695037542495,2.4457651576298423e-05,1185
0.38995279673245775,0.11989140802700125,2.4457651576298423e-05,1186
0.3901973732482207,0.1213099518184264,0.001418543791425142,1187
0.39044194976398366,0.12135886712157899,4.8915303152596845e-05,1188
0.3906865262797466,0.12143224007630787,7.337295472888139e-05,1189
0.3909311027955096,0.12148115537946047,4.8915303152596845e-05,1190
0.3911756793112725,0.12153007068261305,4.891530315258297e-05,1191
0.3914202558270355,0.12155452833418935,2.4457651576298423e-05,1192
0.3916648323427984,0.12157898598576565,2.4457651576298423e-05,1193
0.3919094088585614,0.12160344363734195,2.4457651576298423e-05,1194
0.39215398537432433,0.12162790128891823,2.4457651576284545e-05,1195
0.3923985618900873,0.12165235894049453,2.4457651576298423e-05,1196
0.39264313840585024,0.12167681659207083,2.4457651576298423e-05,1197
0.39288771492161323,0.12170127424364713,2.4457651576298423e-05,1198
0.39313229143737616,0.12172573189522343,2.4457651576298423e-05,1199
0.39337686795313914,0.12175018954679971,2.4457651576284545e-05,1200
0.39362144446890207,0.12179910484995231,4.8915303152596845e-05,1201
0.39386602098466506,0.12223934257832562,0.0004402377283733161,1202
0.394110597500428,0.12226380022990192,2.4457651576298423e-05,1203
0.39435517401619097,0.12228825788147822,2.4457651576298423e-05,1204
0.3945997505319539,0.12231271553305452,2.4457651576298423e-05,1205
0.3948443270477169,0.123511140460293,0.001198424927238484,1206
0.3950889035634798,0.1235355981118693,2.4457651576298423e-05,1207
0.3953334800792428,0.12360897106659818,7.337295472888139e-05,1208
0.3955780565950057,0.12363342871817448,2.4457651576298423e-05,1209
0.3958226331107687,0.12365788636975078,2.4457651576298423e-05,1210
0.39606720962653164,0.12375571697605596,9.783060630517981e-05,1211
0.3963117861422946,0.12378017462763226,2.4457651576298423e-05,1212
0.39655636265805755,0.12387800523393744,9.783060630517981e-05,1213
0.39680093917382053,0.12390246288551374,2.4457651576298423e-05,1214
0.39704551568958346,0.12392692053709004,2.4457651576298423e-05,1215
0.39729009220534645,0.12397583584024262,4.891530315258297e-05,1216
0.3975346687211094,0.12544329493482037,0.0014674590945777527,1217
0.39777924523687236,0.12559004084427813,0.00014674590945776278,1218
0.3980238217526353,0.12568787145058333,9.783060630519369e-05,1219
0.39826839826839827,0.1258590750116174,0.0001712035610340612,1220
0.3985129747841612,0.12595690561792255,9.783060630516593e-05,1221
0.3987575512999242,0.12603027857265145,7.337295472889527e-05,1222
0.3990021278156871,0.12612810917895664,9.783060630519369e-05,1223
0.3992467043314501,0.1264216009978722,0.0002934918189155533,1224
0.399491280847213,0.12651943160417736,9.783060630516593e-05,1225
0.399735857362976,0.12656834690732996,4.8915303152596845e-05,1226
0.39998043387873894,0.12659280455890626,2.4457651576298423e-05,1227
0.4002250103945019,0.12661726221048256,2.4457651576298423e-05,1228
0.40046958691026485,0.12666617751363515,4.8915303152596845e-05,1229
0.40071416342602784,0.12669063516521142,2.4457651576270667e-05,1230
0.40095873994179076,0.12671509281678772,2.4457651576298423e-05,1231
0.40120331645755375,0.12673955046836402,2.4457651576298423e-05,1232
0.4014478929733167,0.12681292342309292,7.337295472889527e-05,1233
0.40169246948907966,0.12771785653141585,0.0009049331083229306,1234
0.4019370460048426,0.1280113483503314,0.0002934918189155533,1235
0.4021816225206056,0.1280358060019077,2.4457651576298423e-05,1236
0.4024261990363685,0.128060263653484,2.4457651576298423e-05,1237
0.4026707755521315,0.12835375547239955,0.0002934918189155533,1238
0.4029153520678944,0.12840267077555212,4.891530315256909e-05,1239
0.4031599285836574,0.12847604373028101,7.337295472889527e-05,1240
0.40340450509942033,0.12886736615550176,0.000391322425220747,1241
0.4036490816151833,0.12889182380707803,2.4457651576270667e-05,1242
0.40389365813094624,0.12942989214175654,0.0005380683346785098,1243
0.4041382346467092,0.12947880744490914,4.8915303152596845e-05,1244
0.40438281116247216,0.1296744686575195,0.00019566121261035962,1245
0.40462738767823514,0.1296989263090958,2.4457651576298423e-05,1246
0.40487196419399807,0.12994350282485875,0.00024457651576295647,1247
0.40511654070976105,0.12996796047643505,2.4457651576298423e-05,1248
0.405361117225524,0.13001687577958765,4.8915303152596845e-05,1249
0.40560569374128697,0.13050602881111356,0.0004891530315259129,1250
0.4058502702570499,0.13062831706899503,0.00012228825788146436,1251
0.4060948467728129,0.13067723237214762,4.8915303152596845e-05,1252
0.4063394232885758,0.13070169002372392,2.4457651576298423e-05,1253
0.4065839998043388,0.13167999608677575,0.0009783060630518259,1254
0.4068285763201017,0.13170445373835205,2.4457651576298423e-05,1255
0.4070731528358647,0.13172891138992834,2.4457651576298423e-05,1256
0.40731772935162763,0.13180228434465724,7.337295472889527e-05,1257
0.4075623058673906,0.1319001149509624,9.783060630516593e-05,1258
0.40780688238315355,0.131949030254115,4.8915303152596845e-05,1259
0.40805145889891653,0.1319979455572676,4.8915303152596845e-05,1260
0.40829603541467946,0.1320224032088439,2.4457651576298423e-05,1261
0.40854061193044244,0.1320468608604202,2.4457651576298423e-05,1262
0.40878518844620537,0.13207131851199647,2.4457651576270667e-05,1263
0.40902976496196836,0.13209577616357276,2.4457651576298423e-05,1264
0.4092743414777313,0.13214469146672536,4.8915303152596845e-05,1265
0.40951891799349427,0.13221806442145426,7.337295472889527e-05,1266
0.4097634945092572,0.13256047154352238,0.0003424071220681224,1267
0.4100080710250202,0.13260938684667498,4.8915303152596845e-05,1268
0.4102526475407831,0.13265830214982757,4.8915303152596845e-05,1269
0.4104972240565461,0.13285396336243793,0.00019566121261035962,1270
0.410741800572309,0.13292733631716683,7.337295472889527e-05,1271
0.410986377088072,0.1335876929097268,0.0006603565925599741,1272
0.41123095360383494,0.13380781177391346,0.00022011886418665805,1273
0.4114755301195979,0.13390564238021865,9.783060630519369e-05,1274
0.41172010663536085,0.13395455768337125,4.8915303152596845e-05,1275
0.41196468315112383,0.13400347298652385,4.8915303152596845e-05,1276
0.41220925966688676,0.13407684594125271,7.337295472886751e-05,1277
0.41245383618264975,0.1341257612444053,4.8915303152596845e-05,1278
0.4126984126984127,0.1341502188959816,2.4457651576298423e-05,1279
0.41294298921417566,0.1342480495022868,9.783060630519369e-05,1280
0.4131875657299386,0.13432142245701567,7.337295472886751e-05,1281
0.4134321422457016,0.13437033776016827,4.8915303152596845e-05,1282
0.4136767187614645,0.13441925306332086,4.8915303152596845e-05,1283
0.4139212952772275,0.13451708366962603,9.783060630516593e-05,1284
0.4141658717929904,0.13456599897277863,4.8915303152596845e-05,1285
0.4144104483087534,0.13459045662435493,2.4457651576298423e-05,1286
0.4146550248245163,0.13463937192750752,4.8915303152596845e-05,1287
0.4148996013402793,0.13473720253381272,9.783060630519369e-05,1288
0.41514417785604224,0.13481057548854158,7.337295472886751e-05,1289
0.4153887543718052,0.13490840609484678,9.783060630519369e-05,1290
0.41563333088756815,0.13498177904957567,7.337295472889527e-05,1291
0.41587790740333114,0.13500623670115194,2.4457651576270667e-05,1292
0.41612248391909407,0.13517744026218603,0.00017120356103408896,1293
0.41636706043485705,0.1352752708684912,9.783060630516593e-05,1294
0.41661163695062,0.1352997285200675,2.4457651576298423e-05,1295
0.41685621346638296,0.1353241861716438,2.4457651576298423e-05,1296
0.4171007899821459,0.13556876268740675,0.00024457651576295647,1297
0.4173453664979089,0.13564213564213565,7.337295472889527e-05,1298
0.4175899430136718,0.1357888815515934,0.00014674590945776278,1299
0.4178345195294348,0.1358133392031697,2.4457651576298423e-05,1300
0.4180790960451977,0.13600900041578007,0.00019566121261035962,1301
0.4183236725609607,0.13603345806735637,2.4457651576298423e-05,1302
0.41856824907672363,0.13608237337050896,4.8915303152596845e-05,1303
0.4188128255924866,0.13610683102208526,2.4457651576298423e-05,1304
0.41905740210824954,0.13613128867366156,2.4457651576298423e-05,1305
0.41930197862401253,0.13615574632523786,2.4457651576298423e-05,1306
0.41954655513977546,0.13637586518942452,0.00022011886418665805,1307
0.41979113165553844,0.13640032284100082,2.4457651576298423e-05,1308
0.42003570817130137,0.1364247804925771,2.4457651576298423e-05,1309
0.42028028468706435,0.13659598405361117,0.0001712035610340612,1310
0.4205248612028273,0.13662044170518747,2.4457651576298423e-05,1311
0.42076943771859027,0.13664489935676377,2.4457651576298423e-05,1312
0.4210140142343532,0.13735417125247634,0.000709271895712571,1313
0.4212585907501162,0.13737862890405264,2.4457651576298423e-05,1314
0.4215031672658791,0.13740308655562894,2.4457651576298423e-05,1315
0.4217477437816421,0.1375009171619341,9.783060630516593e-05,1316
0.421992320297405,0.1375253748135104,2.4457651576298423e-05,1317
0.422236896813168,0.1375498324650867,2.4457651576298423e-05,1318
0.42248147332893093,0.1375987477682393,4.8915303152596845e-05,1319
0.4227260498446939,0.1376476630713919,4.8915303152596845e-05,1320
0.42297062636045685,0.13779440898084966,0.00014674590945776278,1321
0.42321520287621983,0.13794115489030742,0.00014674590945776278,1322
0.42345977939198276,0.1380879007997652,0.00014674590945779054,1323
0.42370435590774574,0.1381123584513415,2.4457651576298423e-05,1324
0.4239489324235087,0.13845476557340963,0.0003424071220681224,1325
0.42419350893927166,0.13857705383129112,0.0001222882578814921,1326
0.4244380854550346,0.13865042678602002,7.337295472889527e-05,1327
0.42468266197079757,0.1386748844375963,2.4457651576270667e-05,1328
0.4249272384865605,0.1386993420891726,2.4457651576298423e-05,1329
0.4251718150023235,0.13884608799863038,0.00014674590945779054,1330
0.4254163915180864,0.13887054565020668,2.4457651576298423e-05,1331
0.4256609680338494,0.13889500330178298,2.4457651576298423e-05,1332
0.4259055445496123,0.13891946095335925,2.4457651576270667e-05,1333
0.4261501210653753,0.13899283390808814,7.337295472889527e-05,1334
0.42639469758113824,0.13901729155966444,2.4457651576298423e-05,1335
0.4266392740969012,0.13904174921124074,2.4457651576298423e-05,1336
0.42688385061266415,0.13906620686281704,2.4457651576298423e-05,1337
0.42712842712842713,0.13940861398488516,0.0003424071220681224,1338
0.42737300364419006,0.13943307163646146,2.4457651576298423e-05,1339
0.42761758015995305,0.13945752928803776,2.4457651576298423e-05,1340
0.427862156675716,0.13948198693961406,2.4457651576298423e-05,1341
0.42810673319147896,0.13967764815222442,0.00019566121261035962,1342
0.4283513097072419,0.1397021058038007,2.4457651576298423e-05,1343
0.4285958862230049,0.1397510211069533,4.8915303152596845e-05,1344
0.4288404627387678,0.1397754787585296,2.4457651576298423e-05,1345
0.4290850392545308,0.13997113997113997,0.00019566121261035962,1346
0.4293296157702937,0.13999559762271627,2.4457651576298423e-05,1347
0.4295741922860567,0.14002005527429257,2.4457651576298423e-05,1348
0.42981876880181963,0.14019125883532663,0.0001712035610340612,1349
0.4300633453175826,0.14026463179005552,7.337295472889527e-05,1350
0.43030792183334554,0.14031354709320812,4.8915303152596845e-05,1351
0.4305524983491085,0.1403624623963607,4.891530315256909e-05,1352
0.43079707486487145,0.14053366595739478,0.00017120356103408896,1353
0.43104165138063444,0.14058258126054737,4.8915303152596845e-05,1354
0.43128622789639737,0.14082715777631033,0.00024457651576295647,1355
0.43153080441216035,0.1409005307310392,7.337295472886751e-05,1356
0.4317753809279233,0.1409249883826155,2.4457651576298423e-05,1357
0.43201995744368626,0.14231907452246434,0.0013940861398488436,1358
0.4322645339594492,0.14239244747719323,7.337295472889527e-05,1359
0.4325091104752122,0.14249027808349843,9.783060630519369e-05,1360
0.4327536869909751,0.1425636510382273,7.337295472886751e-05,1361
0.4329982635067381,0.1425881086898036,2.4457651576298423e-05,1362
0.433242840022501,0.14280822755399025,0.00022011886418665805,1363
0.433487416538264,0.14283268520556655,2.4457651576298423e-05,1364
0.43373199305402693,0.14283268520556655,0.0,1365
0.4339765695697899,0.14283268520556655,0.0,1366
0.43422114608555284,0.14283268520556655,0.0,1367
0.43446572260131583,0.14283268520556655,0.0,1368
0.43471029911707876,0.14283268520556655,0.0,1369
0.43495487563284174,0.14283268520556655,0.0,1370
0.43519945214860467,0.14283268520556655,0.0,1371
0.43544402866436765,0.14283268520556655,0.0,1372
0.4356886051801306,0.14283268520556655,0.0,1373
0.43593318169589357,0.14283268520556655,0.0,1374
0.4361777582116565,0.14283268520556655,0.0,1375
0.4364223347274195,0.14283268520556655,0.0,1376
0.4366669112431824,0.14283268520556655,0.0,1377
0.4369114877589454,0.14283268520556655,0.0,1378
0.4371560642747083,0.14283268520556655,0.0,1379
0.4374006407904713,0.14283268520556655,0.0,1380
0.43764521730623424,0.14283268520556655,0.0,1381
0.4378897938219972,0.14283268520556655,0.0,1382
0.43813437033776015,0.14283268520556655,0.0,1383
0.43837894685352313,0.14283268520556655,0.0,1384
0.43862352336928606,0.14283268520556655,0.0,1385
0.43886809988504905,0.14283268520556655,0.0,1386
0.439112676400812,0.14283268520556655,0.0,1387
0.43935725291657496,0.14283268520556655,0.0,1388
0.4396018294323379,0.14283268520556655,0.0,1389
0.43984640594810087,0.14283268520556655,0.0,1390
0.4400909824638638,0.14283268520556655,0.0,1391
0.4403355589796268,0.14283268520556655,0.0,1392
0.4405801354953897,0.14283268520556655,0.0,1393
0.4408247120111527,0.14283268520556655,0.0,1394
0.4410692885269156,0.14283268520556655,0.0,1395
0.4413138650426786,0.14283268520556655,0.0,1396
0.44155844155844154,0.14283268520556655,0.0,1397
0.4418030180742045,0.14283268520556655,0.0,1398
0.44204759458996745,0.14283268520556655,0.0,1399
0.44229217110573044,0.14283268520556655,0.0,1400
0.44253674762149336,0.14283268520556655,0.0,1401
0.44278132413725635,0.14283268520556655,0.0,1402
0.4430259006530193,0.14283268520556655,0.0,1403
0.44327047716878226,0.14283268520556655,0.0,1404
0.4435150536845452,0.14283268520556655,0.0,1405
0.4437596302003082,0.14283268520556655,0.0,1406
0.4440042067160711,0.14283268520556655,0.0,1407
0.4442487832318341,0.14283268520556655,0.0,1408
0.444493359747597,0.14283268520556655,0.0,1409
0.44473793626336,0.14283268520556655,0.0,1410
0.44498251277912293,0.14283268520556655,0.0,1411
0.4452270892948859,0.14283268520556655,0.0,1412
0.44547166581064884,0.14283268520556655,0.0,1413
0.4457162423264118,0.14283268520556655,0.0,1414
0.44596081884217476,0.14283268520556655,0.0,1415
0.44620539535793774,0.14283268520556655,0.0,1416
0.44644997187370067,0.14283268520556655,0.0,1417
0.44669454838946365,0.14283268520556655,0.0,1418
0.4469391249052266,0.14283268520556655,0.0,1419
0.44718370142098957,0.14283268520556655,0.0,1420
0.4474282779367525,0.14283268520556655,0.0,1421
0.4476728544525155,0.14283268520556655,0.0,1422
0.4479174309682784,0.14283268520556655,0.0,1423
0.4481620074840414,0.14283268520556655,0.0,1424
0.4484065839998043,0.14283268520556655,0.0,1425
0.4486511605155673,0.14283268520556655,0.0,1426
0.44889573703133023,0.14283268520556655,0.0,1427
0.4491403135470932,0.14283268520556655,0.0,1428
0.44938489006285615,0.14283268520556655,0.0,1429
0.44962946657861913,0.14283268520556655,0.0,1430
0.44987404309438206,0.14283268520556655,0.0,1431
0.4500941619585687,0.14283268520556655,0.0,1432
0.4503142808227554,0.14283268520556655,0.0,1433
0.45053439968694203,0.14283268520556655,0.0,1434
0.45075451855112875,0.14283268520556655,0.0,1435
0.4509746374153154,0.14283268520556655,0.0,1436
0.45119475627950206,0.14283268520556655,0.0,1437
0.4514148751436887,0.14283268520556655,0.0,1438
0.4516349940078754,0.14283268520556655,0.0,1439
0.45185511287206204,0.14283268520556655,0.0,1440
0.4520752317362487,0.14283268520556655,0.0,1441
0.45229535060043535,0.14283268520556655,0.0,1442
0.452515469464622,0.14283268520556655,0.0,1443
0.45273558832880867,0.14283268520556655,0.0,1444
0.4529557071929953,0.14283268520556655,0.0,1445
0.453175826057182,0.14283268520556655,0.0,1446
0.45339594492136864,0.14283268520556655,0.0,1447
0.4536160637855553,0.14283268520556655,0.0,1448
0.45383618264974196,0.14283268520556655,0.0,1449
0.4540563015139286,0.14283268520556655,0.0,1450
0.4542764203781153,0.14283268520556655,0.0,1451
0.45449653924230193,0.14283268520556655,0.0,1452
0.4547166581064886,0.14283268520556655,0.0,1453
0.45493677697067525,0.14283268520556655,0.0,1454
0.45515689583486196,0.14283268520556655,0.0,1455
0.4553770146990486,0.14283268520556655,0.0,1456
0.4555971335632353,0.14283268520556655,0.0,1457
0.45581725242742194,0.14283268520556655,0.0,1458
0.4560373712916086,0.14283268520556655,0.0,1459
0.45625749015579525,0.14283268520556655,0.0,1460
0.4564776090199819,0.14283268520556655,0.0,1461
0.45669772788416857,0.14283268520556655,0.0,1462
0.4569178467483552,0.14283268520556655,0.0,1463
0.4571379656125419,0.14283268520556655,0.0,1464
0.45735808447672854,0.14283268520556655,0.0,1465
0.4575782033409152,0.14283268520556655,0.0,1466
0.45779832220510186,0.14283268520556655,0.0,1467
0.4580184410692885,0.14283268520556655,0.0,1468
0.4582385599334752,0.14283268520556655,0.0,1469
0.45845867879766183,0.14283268520556655,0.0,1470
0.4586787976618485,0.14283268520556655,0.0,1471
0.45889891652603515,0.14283268520556655,0.0,1472
0.4591190353902218,0.14283268520556655,0.0,1473
0.45933915425440847,0.14283268520556655,0.0,1474
0.4595592731185952,0.14283268520556655,0.0,1475
0.45977939198278184,0.14283268520556655,0.0,1476
0.4599995108469685,0.14283268520556655,0.0,1477
0.46021962971115515,0.14283268520556655,0.0,1478
0.4604397485753418,0.14283268520556655,0.0,1479
0.46065986743952847,0.14283268520556655,0.0,1480
0.46087998630371513,0.14283268520556655,0.0,1481
0.4611001051679018,0.14283268520556655,0.0,1482
0.46132022403208844,0.14283268520556655,0.0,1483
0.4615403428962751,0.14283268520556655,0.0,1484
0.46176046176046176,0.14283268520556655,0.0,1485
0.4619805806246484,0.14283268520556655,0.0,1486
0.4622006994888351,0.14283268520556655,0.0,1487
0.46242081835302173,0.14283268520556655,0.0,1488
0.4626409372172084,0.14283268520556655,0.0,1489
0.46286105608139505,0.14283268520556655,0.0,1490
0.4630811749455817,0.14283268520556655,0.0,1491
0.46330129380976837,0.14283268520556655,0.0,1492
0.463521412673955,0.14283268520556655,0.0,1493
0.4637415315381417,0.14283268520556655,0.0,1494
0.4639616504023284,0.14283268520556655,0.0,1495
0.46418176926651505,0.14283268520556655,0.0,1496
0.4644018881307017,0.14283268520556655,0.0,1497
0.46462200699488837,0.14283268520556655,0.0,1498
0.46484212585907503,0.14283268520556655,0.0,1499
0.4651111600264143,0.14283268520556655,0.0,1500
0.46538019419375354,0.14283268520556655,0.0,1501
0.4656492283610928,0.14283268520556655,0.0,1502
0.465918262528432,0.14283268520556655,0.0,1503
0.46618729669577125,0.14283268520556655,0.0,1504
0.4664563308631105,0.14283268520556655,0.0,1505
0.46672536503044976,0.14283268520556655,0.0,1506
0.466994399197789,0.14283268520556655,0.0,1507
0.46726343336512827,0.14283268520556655,0.0,1508
0.4675324675324675,0.14283268520556655,0.0,1509
0.4678015016998068,0.14283268520556655,0.0,1510
0.46807053586714603,0.14283268520556655,0.0,1511
0.4683395700344853,0.14283268520556655,0.0,1512
0.46860860420182454,0.14283268520556655,0.0,1513
0.4688776383691638,0.14283268520556655,0.0,1514
0.46914667253650305,0.14283268520556655,0.0,1515
0.4694157067038423,0.14283268520556655,0.0,1516
0.46968474087118156,0.14283268520556655,0.0,1517
0.4699537750385208,0.14283268520556655,0.0,1518
0.47022280920586007,0.14283268520556655,0.0,1519
0.4704918433731993,0.14283268520556655,0.0,1520
0.4707608775405386,0.14283268520556655,0.0,1521
0.47102991170787784,0.14283268520556655,0.0,1522
0.47129894587521703,0.14283268520556655,0.0,1523
0.4715679800425563,0.14283268520556655,0.0,1524
0.47183701420989554,0.14283268520556655,0.0,1525
0.4721060483772348,0.14283268520556655,0.0,1526
0.47237508254457405,0.14283268520556655,0.0,1527
0.4726441167119133,0.14283268520556655,0.0,1528
0.47291315087925256,0.14283268520556655,0.0,1529
0.4731821850465918,0.14283268520556655,0.0,1530
0.4734512192139311,0.14283268520556655,0.0,1531
0.47372025338127033,0.14283268520556655,0.0,1532
0.4739892875486096,0.14283268520556655,0.0,1533
0.47425832171594884,0.14283268520556655,0.0,1534
0.4745273558832881,0.14283268520556655,0.0,1535
0.47479639005062735,0.14283268520556655,0.0,1536
0.4750654242179666,0.14283268520556655,0.0,1537
0.47533445838530586,0.14283268520556655,0.0,1538
0.4756034925526451,0.14283268520556655,0.0,1539
0.47587252671998437,0.14283268520556655,0.0,1540
0.4761415608873236,0.14283268520556655,0.0,1541
0.4764105950546629,0.14283268520556655,0.0,1542
0.4766796292220021,0.14283268520556655,0.0,1543
0.47694866338934133,0.14283268520556655,0.0,1544
0.4772176975566806,0.14283268520556655,0.0,1545
0.47748673172401984,0.14283268520556655,0.0,1546
0.4777557658913591,0.14283268520556655,0.0,1547
0.47802480005869835,0.14283268520556655,0.0,1548
0.4782938342260376,0.14283268520556655,0.0,1549
0.47856286839337686,0.14283268520556655,0.0,1550
0.4788319025607161,0.14283268520556655,0.0,1551
0.47910093672805537,0.14283268520556655,0.0,1552
0.4793699708953946,0.14283268520556655,0.0,1553
0.4796390050627339,0.14283268520556655,0.0,1554
0.47990803923007314,0.14283268520556655,0.0,1555
0.4801770733974124,0.14283268520556655,0.0,1556
0.48044610756475165,0.14283268520556655,0.0,1557
0.4807151417320909,0.14283268520556655,0.0,1558
0.48098417589943016,0.14283268520556655,0.0,1559
0.4812532100667694,0.14283268520556655,0.0,1560
0.48152224423410867,0.14283268520556655,0.0,1561
0.4817912784014479,0.14283268520556655,0.0,1562
0.4820603125687871,0.14283268520556655,0.0,1563
0.4823293467361264,0.14283268520556655,0.0,1564
0.48259838090346563,0.14283268520556655,0.0,1565
0.4828674150708049,0.14283268520556655,0.0,1566
0.48313644923814414,0.14283268520556655,0.0,1567
0.4834054834054834,0.14283268520556655,0.0,1568
0.48367451757282265,0.14283268520556655,0.0,1569
0.4839435517401619,0.14283268520556655,0.0,1570
0.48421258590750116,0.14283268520556655,0.0,1571
0.4844816200748404,0.14283268520556655,0.0,1572
0.48475065424217967,0.14283268520556655,0.0,1573
0.4850196884095189,0.14283268520556655,0.0,1574
0.4852887225768582,0.14283268520556655,0.0,1575
0.48555775674419743,0.14283268520556655,0.0,1576
0.4858267909115367,0.14283268520556655,0.0,1577
0.48609582507887594,0.14283268520556655,0.0,1578
0.4863648592462152,0.14283268520556655,0.0,1579
0.48663389341355445,0.14283268520556655,0.0,1580
0.4869029275808937,0.14283268520556655,0.0,1581
0.48717196174823296,0.14283268520556655,0.0,1582
0.48744099591557216,0.14283268520556655,0.0,1583
0.4877100300829114,0.14283268520556655,0.0,1584
0.48797906425025067,0.14283268520556655,0.0,1585
0.4882480984175899,0.14283268520556655,0.0,1586
0.4885171325849292,0.14283268520556655,0.0,1587
0.48878616675226844,0.14283268520556655,0.0,1588
0.4890552009196077,0.14283268520556655,0.0,1589
0.48932423508694695,0.14283268520556655,0.0,1590
0.4895932692542862,0.14283268520556655,0.0,1591
0.48986230342162546,0.14283268520556655,0.0,1592
0.4901313375889647,0.14283268520556655,0.0,1593
0.49040037175630397,0.14283268520556655,0.0,1594
0.4906694059236432,0.14283268520556655,0.0,1595
0.4909384400909825,0.14283268520556655,0.0,1596
0.49120747425832173,0.14283268520556655,0.0,1597
0.491476508425661,0.14283268520556655,0.0,1598
0.49174554259300024,0.14283268520556655,0.0,1599
0.4920145767603395,0.14283268520556655,0.0,1600
0.49228361092767875,0.14283268520556655,0.0,1601
0.49255264509501795,0.14283268520556655,0.0,1602
0.4928216792623572,0.14283268520556655,0.0,1603
0.49309071342969646,0.14283268520556655,0.0,1604
0.4933597475970357,0.14283268520556655,0.0,1605
0.49362878176437497,0.14283268520556655,0.0,1606
0.4938978159317142,0.14283268520556655,0.0,1607
0.4941668500990535,0.14283268520556655,0.0,1608
0.49443588426639273,0.14283268520556655,0.0,1609
0.494704918433732,0.14283268520556655,0.0,1610
0.49497395260107124,0.14283268520556655,0.0,1611
0.4952429867684105,0.14283268520556655,0.0,1612
0.49551202093574975,0.14283268520556655,0.0,1613
0.495781055103089,0.14283268520556655,0.0,1614
0.49605008927042826,0.14283268520556655,0.0,1615
0.4963191234377675,0.14283268520556655,0.0,1616
0.4965881576051068,0.14283268520556655,0.0,1617
0.496857191772446,0.14283268520556655,0.0,1618
0.4971262259397853,0.14283268520556655,0.0,1619
0.49739526010712454,0.14283268520556655,0.0,1620
0.4976642942744638,0.14283268520556655,0.0,1621
0.497933328441803,0.14283268520556655,0.0,1622
0.49820236260914225,0.14283268520556655,0.0,1623
0.4984713967764815,0.14283268520556655,0.0,1624
0.49874043094382076,0.14283268520556655,0.0,1625
0.49900946511116,0.14283268520556655,0.0,1626
0.49927849927849927,0.14283268520556655,0.0,1627
0.4995475334458385,0.14283268520556655,0.0,1628
0.4998165676131778,0.14283268520556655,0.0,1629
0.5000856017805171,0.14283268520556655,0.0,1630
0.5003546359478563,0.14283268520556655,0.0,1631
0.5006236701151955,0.14283268520556655,0.0,1632
0.5008927042825347,0.14283268520556655,0.0,1633
0.501161738449874,0.14283268520556655,0.0,1634
0.5014307726172132,0.14283268520556655,0.0,1635
0.5016998067845525,0.14283268520556655,0.0,1636
0.5019688409518918,0.14283268520556655,0.0,1637
0.502237875119231,0.14283268520556655,0.0,1638
0.5025069092865703,0.14283268520556655,0.0,1639
0.5027759434539095,0.14283268520556655,0.0,1640
0.5030449776212488,0.14283268520556655,0.0,1641
0.503314011788588,0.14283268520556655,0.0,1642
0.5035830459559273,0.14283268520556655,0.0,1643
0.5038520801232665,0.14283268520556655,0.0,1644
0.5041211142906058,0.14283268520556655,0.0,1645
0.504390148457945,0.14283268520556655,0.0,1646
0.5046591826252843,0.14283268520556655,0.0,1647
0.5049282167926236,0.14283268520556655,0.0,1648
0.5051972509599628,0.14283268520556655,0.0,1649
0.5054662851273021,0.14283268520556655,0.0,1650
0.5057353192946413,0.14283268520556655,0.0,1651
0.5060043534619806,0.14283268520556655,0.0,1652
0.5062733876293198,0.14283268520556655,0.0,1653
0.5065424217966591,0.14283268520556655,0.0,1654
0.5068114559639983,0.14283268520556655,0.0,1655
0.5070804901313376,0.14283268520556655,0.0,1656
0.5073495242986769,0.14283268520556655,0.0,1657
0.5076185584660161,0.14283268520556655,0.0,1658
0.5078875926333554,0.14283268520556655,0.0,1659
0.5081566268006946,0.14283268520556655,0.0,1660
0.5084256609680339,0.14283268520556655,0.0,1661
0.5086946951353731,0.14283268520556655,0.0,1662
0.5089637293027124,0.14283268520556655,0.0,1663
0.5092327634700516,0.14283268520556655,0.0,1664
0.5095017976373909,0.14283268520556655,0.0,1665
0.5097708318047302,0.14283268520556655,0.0,1666
0.5100398659720694,0.14283268520556655,0.0,1667
0.5103089001394087,0.14283268520556655,0.0,1668
0.5105779343067479,0.14283268520556655,0.0,1669
0.5108469684740872,0.14283268520556655,0.0,1670
0.5110915449898501,0.14283268520556655,0.0,1671
0.511336121505613,0.14283268520556655,0.0,1672
0.511580698021376,0.14283268520556655,0.0,1673
0.511825274537139,0.14283268520556655,0.0,1674
0.5120698510529019,0.14283268520556655,0.0,1675
0.5123144275686649,0.14283268520556655,0.0,1676
0.5125590040844278,0.14283268520556655,0.0,1677
0.5128035806001908,0.14283268520556655,0.0,1678
0.5130481571159538,0.14283268520556655,0.0,1679
0.5132927336317167,0.14283268520556655,0.0,1680
0.5135373101474796,0.14283268520556655,0.0,1681
0.5137818866632426,0.14283268520556655,0.0,1682
0.5140264631790056,0.14283268520556655,0.0,1683
0.5142710396947685,0.14283268520556655,0.0,1684
0.5145156162105314,0.14283268520556655,0.0,1685
0.5147601927262945,0.14283268520556655,0.0,1686
0.5150047692420574,0.14283268520556655,0.0,1687
0.5152493457578203,0.14283268520556655,0.0,1688
0.5154939222735833,0.14283268520556655,0.0,1689
0.5157384987893463,0.14283268520556655,0.0,1690
0.5159830753051092,0.14283268520556655,0.0,1691
0.5162276518208722,0.14283268520556655,0.0,1692
0.5164722283366351,0.14283268520556655,0.0,1693
0.5167168048523981,0.14283268520556655,0.0,1694
0.516961381368161,0.14283268520556655,0.0,1695
0.517205957883924,0.14283268520556655,0.0,1696
0.5174505343996869,0.14283268520556655,0.0,1697
0.51769511091545,0.14283268520556655,0.0,1698
0.5179396874312129,0.14283268520556655,0.0,1699
0.5181842639469758,0.14283268520556655,0.0,1700
0.5184288404627387,0.14283268520556655,0.0,1701
0.5186734169785018,0.14283268520556655,0.0,1702
0.5189179934942647,0.14283268520556655,0.0,1703
0.5191625700100276,0.14283268520556655,0.0,1704
0.5194071465257906,0.14283268520556655,0.0,1705
0.5196517230415536,0.14283268520556655,0.0,1706
0.5198962995573165,0.14283268520556655,0.0,1707
0.5201408760730795,0.14283268520556655,0.0,1708
0.5203854525888424,0.14283268520556655,0.0,1709
0.5206300291046054,0.14283268520556655,0.0,1710
0.5208746056203684,0.14283268520556655,0.0,1711
0.5211191821361313,0.14283268520556655,0.0,1712
0.5213637586518942,0.14283268520556655,0.0,1713
0.5216083351676573,0.14283268520556655,0.0,1714
0.5218529116834202,0.14283268520556655,0.0,1715
0.5220974881991831,0.14283268520556655,0.0,1716
0.522342064714946,0.14283268520556655,0.0,1717
0.5225866412307091,0.14283268520556655,0.0,1718
0.522831217746472,0.14283268520556655,0.0,1719
0.5230757942622349,0.14283268520556655,0.0,1720
0.5233203707779979,0.14283268520556655,0.0,1721
0.5235649472937609,0.14283268520556655,0.0,1722
0.5238095238095238,0.14283268520556655,0.0,1723
0.5240541003252868,0.14283268520556655,0.0,1724
0.5242986768410497,0.14283268520556655,0.0,1725
0.5245432533568127,0.14283268520556655,0.0,1726
0.5247878298725757,0.14283268520556655,0.0,1727
0.5250324063883386,0.14283268520556655,0.0,1728
0.5252769829041015,0.14283268520556655,0.0,1729
0.5255215594198646,0.14283268520556655,0.0,1730
0.5257661359356275,0.14283268520556655,0.0,1731
0.5260107124513904,0.14283268520556655,0.0,1732
0.5262552889671533,0.14283268520556655,0.0,1733
0.5264998654829164,0.14283268520556655,0.0,1734
0.5267444419986793,0.14283268520556655,0.0,1735
0.5269890185144422,0.14283268520556655,0.0,1736
0.5272335950302052,0.14283268520556655,0.0,1737
0.5274781715459682,0.14283268520556655,0.0,1738
0.5277227480617311,0.14283268520556655,0.0,1739
0.5279673245774941,0.14283268520556655,0.0,1740
0.528211901093257,0.14283268520556655,0.0,1741
0.52845647760902,0.14283268520556655,0.0,1742
0.528701054124783,0.14283268520556655,0.0,1743
0.5289456306405459,0.14283268520556655,0.0,1744
0.5291902071563088,0.14283268520556655,0.0,1745
0.5294347836720719,0.14283268520556655,0.0,1746
0.5296793601878348,0.14283268520556655,0.0,1747
0.5299239367035977,0.14283268520556655,0.0,1748
0.5301685132193606,0.14283268520556655,0.0,1749
0.5304130897351237,0.14283268520556655,0.0,1750
0.5306576662508866,0.14283268520556655,0.0,1751
0.5309022427666495,0.14283268520556655,0.0,1752
0.5311468192824125,0.14283268520556655,0.0,1753
0.5313913957981755,0.14283268520556655,0.0,1754
0.5316359723139384,0.14283268520556655,0.0,1755
0.5318805488297014,0.14283268520556655,0.0,1756
0.5321251253454643,0.14283268520556655,0.0,1757
0.5323697018612273,0.14283268520556655,0.0,1758
0.5326142783769903,0.14283268520556655,0.0,1759
0.5328588548927532,0.14283268520556655,0.0,1760
0.5331034314085161,0.14283268520556655,0.0,1761
0.5333480079242792,0.14283268520556655,0.0,1762
0.5335925844400421,0.14283268520556655,0.0,1763
0.533837160955805,0.14283268520556655,0.0,1764
0.534081737471568,0.14283268520556655,0.0,1765
0.534326313987331,0.14283268520556655,0.0,1766
0.5345708905030939,0.14283268520556655,0.0,1767
0.5348154670188568,0.14283268520556655,0.0,1768
0.5350600435346198,0.14283268520556655,0.0,1769
0.5353046200503827,0.14283268520556655,0.0,1770
0.5355491965661457,0.14283268520556655,0.0,1771
0.5357937730819087,0.14283268520556655,0.0,1772
0.5360383495976716,0.14283268520556655,0.0,1773
0.5362829261134345,0.14283268520556655,0.0,1774
0.5365275026291976,0.14283268520556655,0.0,1775
0.5367720791449605,0.14283268520556655,0.0,1776
0.5370166556607234,0.14283268520556655,0.0,1777
0.5372612321764864,0.14283268520556655,0.0,1778
0.5375058086922494,0.14283268520556655,0.0,1779
0.5377503852080123,0.14283268520556655,0.0,1780
0.5379949617237753,0.14283268520556655,0.0,1781
0.5382395382395382,0.14283268520556655,0.0,1782
0.5384841147553012,0.14283268520556655,0.0,1783
0.5387286912710642,0.14283268520556655,0.0,1784
0.5389732677868271,0.14283268520556655,0.0,1785
0.53921784430259,0.14283268520556655,0.0,1786
0.539462420818353,0.14283268520556655,0.0,1787
0.539706997334116,0.14283268520556655,0.0,1788
0.5399515738498789,0.14283268520556655,0.0,1789
0.5401961503656418,0.14283268520556655,0.0,1790
0.5404407268814049,0.14283268520556655,0.0,1791
0.5406853033971678,0.14283268520556655,0.0,1792
0.5409298799129307,0.14283268520556655,0.0,1793
0.5411744564286937,0.14283268520556655,0.0,1794
0.5414190329444567,0.14283268520556655,0.0,1795
0.5416636094602196,0.14283268520556655,0.0,1796
0.5419081859759826,0.14283268520556655,0.0,1797
0.5421527624917455,0.14283268520556655,0.0,1798
0.5423973390075085,0.14283268520556655,0.0,1799
0.5426419155232715,0.14283268520556655,0.0,1800
0.5428864920390344,0.14283268520556655,0.0,1801
0.5431310685547973,0.14283268520556655,0.0,1802
0.5433756450705604,0.14283268520556655,0.0,1803
0.5436202215863233,0.14283268520556655,0.0,1804
0.5438647981020862,0.14283268520556655,0.0,1805
0.5441093746178491,0.14283268520556655,0.0,1806
0.5443539511336122,0.14283268520556655,0.0,1807
0.5445985276493751,0.14283268520556655,0.0,1808
0.544843104165138,0.14283268520556655,0.0,1809
0.545087680680901,0.14283268520556655,0.0,1810
0.545332257196664,0.14283268520556655,0.0,1811
0.5455768337124269,0.14283268520556655,0.0,1812
0.5458214102281899,0.14283268520556655,0.0,1813
0.5460659867439528,0.14283268520556655,0.0,1814
0.5463105632597158,0.14283268520556655,0.0,1815
0.5465551397754788,0.14283268520556655,0.0,1816
0.5467997162912417,0.14283268520556655,0.0,1817
0.5470442928070046,0.14283268520556655,0.0,1818
0.5472888693227677,0.14283268520556655,0.0,1819
0.5475334458385306,0.14283268520556655,0.0,1820
0.5477780223542935,0.14283268520556655,0.0,1821
0.5480225988700564,0.14283268520556655,0.0,1822
0.5482671753858195,0.14283268520556655,0.0,1823
0.5485117519015824,0.14283268520556655,0.0,1824
0.5487563284173453,0.14283268520556655,0.0,1825
0.5490009049331083,0.14283268520556655,0.0,1826
0.5492454814488713,0.14283268520556655,0.0,1827
0.5494900579646342,0.14283268520556655,0.0,1828
0.5497346344803972,0.14283268520556655,0.0,1829
0.5499792109961601,0.14283268520556655,0.0,1830
0.5502237875119231,0.14283268520556655,0.0,1831
0.5504683640276861,0.14283268520556655,0.0,1832
0.550712940543449,0.14283268520556655,0.0,1833
0.5509575170592119,0.14283268520556655,0.0,1834
0.551202093574975,0.14283268520556655,0.0,1835
0.5514466700907379,0.14283268520556655,0.0,1836
0.5516912466065008,0.14283268520556655,0.0,1837
0.5519358231222637,0.14283268520556655,0.0,1838
0.5521803996380268,0.14283268520556655,0.0,1839
0.5524249761537897,0.14283268520556655,0.0,1840
0.5526695526695526,0.14283268520556655,0.0,1841
0.5529141291853156,0.14283268520556655,0.0,1842
0.5531587057010786,0.14283268520556655,0.0,1843
0.5534032822168415,0.14283268520556655,0.0,1844
0.5536478587326045,0.14283268520556655,0.0,1845
0.5538924352483674,0.14283268520556655,0.0,1846
0.5541370117641304,0.14283268520556655,0.0,1847
0.5543815882798934,0.14283268520556655,0.0,1848
0.5546261647956563,0.14283268520556655,0.0,1849
0.5548707413114192,0.14283268520556655,0.0,1850
0.5551153178271823,0.14283268520556655,0.0,1851
0.5553598943429452,0.14283268520556655,0.0,1852
0.5556044708587081,0.14283268520556655,0.0,1853
0.555849047374471,0.14283268520556655,0.0,1854
0.5560936238902341,0.14283268520556655,0.0,1855
0.556338200405997,0.14283268520556655,0.0,1856
0.55658277692176,0.14283268520556655,0.0,1857
0.5568273534375229,0.14283268520556655,0.0,1858
0.5570719299532859,0.14283268520556655,0.0,1859
0.5573165064690488,0.14283268520556655,0.0,1860
0.5575610829848118,0.14283268520556655,0.0,1861
0.5578056595005747,0.14283268520556655,0.0,1862
0.5580502360163377,0.14283268520556655,0.0,1863
0.5582948125321007,0.14283268520556655,0.0,1864
0.5585393890478636,0.14283268520556655,0.0,1865
0.5587839655636265,0.14283268520556655,0.0,1866
0.5590285420793896,0.14283268520556655,0.0,1867
0.5592731185951525,0.14283268520556655,0.0,1868
0.5595176951109154,0.14283268520556655,0.0,1869
0.5597622716266784,0.14283268520556655,0.0,1870
0.5599823904908651,0.14283268520556655,0.0,1871
0.5602025093550518,0.14283268520556655,0.0,1872
0.5604226282192384,0.14283268520556655,0.0,1873
0.5606427470834251,0.14283268520556655,0.0,1874
0.5608628659476117,0.14283268520556655,0.0,1875
0.5610829848117984,0.14283268520556655,0.0,1876
0.561303103675985,0.14283268520556655,0.0,1877
0.5615232225401717,0.14283268520556655,0.0,1878
0.5617433414043583,0.14283268520556655,0.0,1879
0.561963460268545,0.14283268520556655,0.0,1880
0.5621835791327316,0.14283268520556655,0.0,1881
0.5624036979969184,0.14283268520556655,0.0,1882
0.562623816861105,0.14283268520556655,0.0,1883
0.5628439357252917,0.14283268520556655,0.0,1884
0.5630640545894783,0.14283268520556655,0.0,1885
0.563284173453665,0.14283268520556655,0.0,1886
0.5635042923178516,0.14283268520556655,0.0,1887
0.5637244111820383,0.14283268520556655,0.0,1888
0.5639445300462249,0.14283268520556655,0.0,1889
0.5641646489104116,0.14283268520556655,0.0,1890
0.5643847677745982,0.14283268520556655,0.0,1891
0.5646048866387849,0.14283268520556655,0.0,1892
0.5648250055029717,0.14283268520556655,0.0,1893
0.5650451243671583,0.14283268520556655,0.0,1894
0.565265243231345,0.14283268520556655,0.0,1895
0.5654853620955316,0.14283268520556655,0.0,1896
0.5657054809597183,0.14283268520556655,0.0,1897
0.5659255998239049,0.14283268520556655,0.0,1898
0.5661457186880916,0.14283268520556655,0.0,1899
0.5663658375522782,0.14283268520556655,0.0,1900
0.5665859564164649,0.14283268520556655,0.0,1901
0.5668060752806515,0.14283268520556655,0.0,1902
0.5670261941448382,0.14283268520556655,0.0,1903
0.5672463130090248,0.14283268520556655,0.0,1904
0.5674664318732116,0.14283268520556655,0.0,1905
0.5676865507373982,0.14283268520556655,0.0,1906
0.5679066696015849,0.14283268520556655,0.0,1907
0.5681267884657715,0.14283268520556655,0.0,1908
0.5683469073299582,0.14283268520556655,0.0,1909
0.5685670261941448,0.14283268520556655,0.0,1910
0.5687871450583315,0.14283268520556655,0.0,1911
0.5690072639225182,0.14283268520556655,0.0,1912
0.5692273827867048,0.14283268520556655,0.0,1913
0.5694475016508915,0.14283268520556655,0.0,1914
0.5696676205150781,0.14283268520556655,0.0,1915
0.5698877393792648,0.14283268520556655,0.0,1916
0.5701078582434514,0.14283268520556655,0.0,1917
0.5703279771076382,0.14283268520556655,0.0,1918
0.5705480959718248,0.14283268520556655,0.0,1919
0.5707682148360115,0.14283268520556655,0.0,1920
0.5709883337001981,0.14283268520556655,0.0,1921
0.5712084525643848,0.14283268520556655,0.0,1922
0.5714285714285714,0.14283268520556655,0.0,1923
0.5716486902927581,0.14283268520556655,0.0,1924
0.5718688091569447,0.14283268520556655,0.0,1925
0.5720889280211314,0.14283268520556655,0.0,1926
0.572309046885318,0.14283268520556655,0.0,1927
0.5725291657495047,0.14283268520556655,0.0,1928
0.5727492846136913,0.14283268520556655,0.0,1929
0.5729694034778781,0.14283268520556655,0.0,1930
0.5731895223420647,0.14283268520556655,0.0,1931
0.5734096412062514,0.14283268520556655,0.0,1932
0.5736297600704381,0.14283268520556655,0.0,1933
0.5738498789346247,0.14283268520556655,0.0,1934
0.5740699977988114,0.14283268520556655,0.0,1935
0.574290116662998,0.14283268520556655,0.0,1936
0.5745102355271847,0.14283268520556655,0.0,1937
0.5747303543913713,0.14283268520556655,0.0,1938
0.574950473255558,0.14283268520556655,0.0,1939
0.5751705921197446,0.14283268520556655,0.0,1940
0.5753907109839314,0.14283268520556655,0.0,1941
0.575610829848118,0.14283268520556655,0.0,1942
0.5758309487123047,0.14283268520556655,0.0,1943
0.5760510675764913,0.14283268520556655,0.0,1944
0.576271186440678,0.14283268520556655,0.0,1945
0.5764913053048646,0.14283268520556655,0.0,1946
0.5767114241690513,0.14283268520556655,0.0,1947
0.5769315430332379,0.14283268520556655,0.0,1948
0.5771516618974246,0.14283268520556655,0.0,1949
0.5773717807616112,0.14283268520556655,0.0,1950
0.5775918996257979,0.14283268520556655,0.0,1951
0.5778120184899846,0.14283268520556655,0.0,1952
0.5780321373541712,0.14283268520556655,0.0,1953
0.578252256218358,0.14283268520556655,0.0,1954
0.5784723750825446,0.14283268520556655,0.0,1955
0.5786924939467313,0.14283268520556655,0.0,1956
0.5789126128109179,0.14283268520556655,0.0,1957
0.5791327316751046,0.14283268520556655,0.0,1958
0.5793528505392912,0.14283268520556655,0.0,1959
0.5795729694034779,0.14283268520556655,0.0,1960
0.5797930882676645,0.14283268520556655,0.0,1961
0.5800132071318512,0.14283268520556655,0.0,1962
0.5802333259960378,0.14283268520556655,0.0,1963
0.5804534448602245,0.14283268520556655,0.0,1964
0.5806735637244111,0.14283268520556655,0.0,1965
0.5808936825885979,0.14283268520556655,0.0,1966
0.5811138014527845,0.14283268520556655,0.0,1967
0.5813339203169712,0.14283268520556655,0.0,1968
0.5815540391811578,0.14283268520556655,0.0,1969
0.5817741580453445,0.14283268520556655,0.0,1970
0.5819942769095311,0.14283268520556655,0.0,1971
0.5822143957737178,0.14283268520556655,0.0,1972
0.5824345146379045,0.14283268520556655,0.0,1973
0.5826546335020911,0.14283268520556655,0.0,1974
0.5828747523662778,0.14283268520556655,0.0,1975
0.5830948712304644,0.14283268520556655,0.0,1976
0.5833149900946512,0.14283268520556655,0.0,1977
0.5835351089588378,0.14283268520556655,0.0,1978
0.5837552278230245,0.14283268520556655,0.0,1979
0.5839753466872111,0.14283268520556655,0.0,1980
0.5841954655513978,0.14283268520556655,0.0,1981
0.5844155844155844,0.14283268520556655,0.0,1982
0.5846357032797711,0.14283268520556655,0.0,1983
0.5848558221439577,0.14283268520556655,0.0,1984
0.5850759410081444,0.14283268520556655,0.0,1985
0.585296059872331,0.14283268520556655,0.0,1986
0.5855161787365177,0.14283268520556655,0.0,1987
0.5857362976007043,0.14283268520556655,0.0,1988
0.585956416464891,0.14283268520556655,0.0,1989
0.5861765353290777,0.14283268520556655,0.0,1990
0.5863966541932644,0.14283268520556655,0.0,1991
0.586616773057451,0.14283268520556655,0.0,1992
0.5868368919216377,0.14283268520556655,0.0,1993
0.5870570107858244,0.14283268520556655,0.0,1994
0.587277129650011,0.14283268520556655,0.0,1995
0.5874972485141977,0.14283268520556655,0.0,1996
0.5877173673783843,0.14283268520556655,0.0,1997
0.587937486242571,0.14283268520556655,0.0,1998
0.5881576051067576,0.14283268520556655,0.0,1999
0.5883777239709443,0.14283268520556655,0.0,2000
0.588597842835131,0.14283268520556655,0.0,2001
0.5888179616993177,0.14283268520556655,0.0,2002
0.5890380805635043,0.14283268520556655,0.0,2003
0.589258199427691,0.14283268520556655,0.0,2004
0.5894783182918776,0.14283268520556655,0.0,2005
0.5896984371560643,0.14283268520556655,0.0,2006
0.5899185560202509,0.14283268520556655,0.0,2007
0.5901386748844376,0.14283268520556655,0.0,2008
0.5903587937486242,0.14283268520556655,0.0,2009
0.5905789126128109,0.14283268520556655,0.0,2010
0.5907990314769975,0.14283268520556655,0.0,2011
0.5910191503411842,0.14283268520556655,0.0,2012
0.591239269205371,0.14283268520556655,0.0,2013
0.5914593880695576,0.14283268520556655,0.0,2014
0.5916795069337443,0.14283268520556655,0.0,2015
0.5918996257979309,0.14283268520556655,0.0,2016
0.5921197446621176,0.14283268520556655,0.0,2017
0.5923398635263042,0.14283268520556655,0.0,2018
0.5925599823904909,0.14283268520556655,0.0,2019
0.5927801012546775,0.14283268520556655,0.0,2020
0.5930002201188642,0.14283268520556655,0.0,2021
0.5932203389830508,0.14283268520556655,0.0,2022
0.5934404578472375,0.14283268520556655,0.0,2023
0.5936605767114241,0.14283268520556655,0.0,2024
0.5938806955756109,0.14283268520556655,0.0,2025
0.5941008144397975,0.14283268520556655,0.0,2026
0.5943209333039842,0.14283268520556655,0.0,2027
0.5945410521681708,0.14283268520556655,0.0,2028
0.5947611710323575,0.14283268520556655,0.0,2029
0.5949812898965441,0.14283268520556655,0.0,2030
0.5952014087607308,0.14283268520556655,0.0,2031
0.5954215276249174,0.14283268520556655,0.0,2032
0.5956416464891041,0.14283268520556655,0.0,2033
0.5958617653532908,0.14283268520556655,0.0,2034
0.5960818842174774,0.14283268520556655,0.0,2035
0.5963020030816641,0.14283268520556655,0.0,2036
0.5965221219458507,0.14283268520556655,0.0,2037
0.5967422408100375,0.14283268520556655,0.0,2038
0.5969623596742241,0.14283268520556655,0.0,2039
0.5971824785384108,0.14283268520556655,0.0,2040
0.5974025974025974,0.14283268520556655,0.0,2041
0.5976227162667841,0.14283268520556655,0.0,2042
0.5978428351309707,0.14283268520556655,0.0,2043
0.5980629539951574,0.14283268520556655,0.0,2044
0.598283072859344,0.14283268520556655,0.0,2045
0.5985031917235307,0.14283268520556655,0.0,2046
0.5987233105877173,0.14283268520556655,0.0,2047
0.598943429451904,0.14283268520556655,0.0,2048
0.5991635483160906,0.14283268520556655,0.0,2049
0.5993836671802774,0.14283268520556655,0.0,2050
0.599603786044464,0.14283268520556655,0.0,2051
0.5998239049086507,0.14283268520556655,0.0,2052
0.6000440237728374,0.14283268520556655,0.0,2053
0.600264142637024,0.14283268520556655,0.0,2054
0.6004842615012107,0.14283268520556655,0.0,2055
0.6007043803653973,0.14283268520556655,0.0,2056
0.600924499229584,0.14283268520556655,0.0,2057
0.6011446180937706,0.14283268520556655,0.0,2058
0.6013647369579573,0.14283268520556655,0.0,2059
0.6015848558221439,0.14283268520556655,0.0,2060
0.6018049746863307,0.14283268520556655,0.0,2061
0.6020250935505173,0.14283268520556655,0.0,2062
0.602245212414704,0.14283268520556655,0.0,2063
0.6024653312788906,0.14283268520556655,0.0,2064
0.6026854501430773,0.14283268520556655,0.0,2065
0.6029055690072639,0.14283268520556655,0.0,2066
0.6031256878714506,0.14283268520556655,0.0,2067
0.6033458067356372,0.14283268520556655,0.0,2068
0.6035659255998239,0.14283268520556655,0.0,2069
0.6037860444640105,0.14283268520556655,0.0,2070
0.6040061633281972,0.14283268520556655,0.0,2071
0.6042262821923838,0.14283268520556655,0.0,2072
0.6044464010565705,0.14283268520556655,0.0,2073
0.6046665199207573,0.14283268520556655,0.0,2074
0.6048866387849439,0.14283268520556655,0.0,2075
0.6051067576491306,0.14283268520556655,0.0,2076
0.6053268765133172,0.14283268520556655,0.0,2077
0.6055469953775039,0.14283268520556655,0.0,2078
0.6057671142416905,0.14283268520556655,0.0,2079
0.6059872331058772,0.14283268520556655,0.0,2080
0.6062073519700638,0.14283268520556655,0.0,2081
0.6064274708342505,0.14283268520556655,0.0,2082
0.6066475896984371,0.14283268520556655,0.0,2083
0.6068677085626238,0.14283268520556655,0.0,2084
0.6070878274268104,0.14283268520556655,0.0,2085
0.6073079462909972,0.14283268520556655,0.0,2086
0.6075280651551838,0.14283268520556655,0.0,2087
0.6077481840193705,0.14283268520556655,0.0,2088
0.6079683028835571,0.14283268520556655,0.0,2089
0.6081884217477438,0.14283268520556655,0.0,2090
0.6084085406119304,0.14283268520556655,0.0,2091
0.6086286594761171,0.14283268520556655,0.0,2092
0.6088487783403037,0.14283268520556655,0.0,2093
0.6090444395529141,0.14283268520556655,0.0,2094
0.6092401007655245,0.14283268520556655,0.0,2095
0.6094357619781349,0.14283268520556655,0.0,2096
0.6096314231907453,0.14283268520556655,0.0,2097
0.6098270844033555,0.14283268520556655,0.0,2098
0.6100227456159659,0.14283268520556655,0.0,2099
0.6102184068285763,0.14283268520556655,0.0,2100
0.6104140680411867,0.14283268520556655,0.0,2101
0.6106097292537971,0.14283268520556655,0.0,2102
0.6108053904664074,0.14283268520556655,0.0,2103
0.6110010516790177,0.14283268520556655,0.0,2104
0.6111967128916281,0.14283268520556655,0.0,2105
0.6113923741042385,0.14283268520556655,0.0,2106
0.6115880353168489,0.14283268520556655,0.0,2107
0.6117836965294592,0.14283268520556655,0.0,2108
0.6119793577420696,0.14283268520556655,0.0,2109
0.61217501895468,0.14283268520556655,0.0,2110
0.6123706801672903,0.14283268520556655,0.0,2111
0.6125663413799007,0.14283268520556655,0.0,2112
0.612762002592511,0.14283268520556655,0.0,2113
0.6129576638051214,0.14283268520556655,0.0,2114
0.6131533250177318,0.14283268520556655,0.0,2115
0.6133489862303422,0.14283268520556655,0.0,2116
0.6135446474429526,0.14283268520556655,0.0,2117
0.6137403086555628,0.14283268520556655,0.0,2118
0.6139359698681732,0.14283268520556655,0.0,2119
0.6141316310807836,0.14283268520556655,0.0,2120
0.614327292293394,0.14283268520556655,0.0,2121
0.6145229535060044,0.14283268520556655,0.0,2122
0.6147186147186147,0.14283268520556655,0.0,2123
0.614914275931225,0.14283268520556655,0.0,2124
0.6151099371438354,0.14283268520556655,0.0,2125
0.6151833100985643,0.14283268520556655,0.0,2126
