step,nodes,merges_this_step,cumulative_merges,u,mean_mass
0,24406,0,0,0.0,1.0
1,24396,10,10,0.0007285974499089253,1.00040990326283
2,24386,10,20,0.0014571948998178506,1.0008201427048307
3,24376,10,30,0.002185792349726776,1.001230718739744
4,24366,10,40,0.0029143897996357013,1.0016416317819914
5,24356,10,50,0.0036429872495446266,1.0020528822466743
6,24346,10,60,0.004371584699453552,1.0024644705495769
7,24336,10,70,0.005100182149362477,1.0028763971071664
8,24326,10,80,0.0058287795992714025,1.0032886623365946
9,24316,10,90,0.006557377049180328,1.0037012666557
10,24306,10,100,0.007285974499089253,1.0041142104830083
11,24296,10,110,0.008014571948998178,1.0045274942377347
12,24286,10,120,0.008743169398907104,1.0049411183397843
13,24276,10,130,0.00947176684881603,1.0053550832097544
14,24266,10,140,0.010200364298724954,1.0057693892689359
15,24256,10,150,0.01092896174863388,1.006184036939314
16,24246,10,160,0.011657559198542805,1.00659902664357
17,24236,10,170,0.01238615664845173,1.0070143588050833
18,24226,10,180,0.013114754098360656,1.007430033847932
19,24216,10,190,0.013843351548269581,1.0078460521968946
20,24206,10,200,0.014571948998178506,1.008262414277452
21,24196,10,210,0.015300546448087432,1.0086791205157877
22,24186,10,220,0.016029143897996357,1.009096171338791
23,24176,10,230,0.016757741347905284,1.009513567174057
24,24166,10,240,0.017486338797814208,1.0099313084498882
25,24156,10,250,0.018214936247723135,1.0103493955952971
26,24146,10,260,0.01894353369763206,1.0107678290400066
27,24136,10,270,0.019672131147540985,1.0111866092144515
28,24126,10,280,0.02040072859744991,1.0116057365497804
29,24116,10,290,0.021129326047358836,1.012025211477857
30,24106,10,300,0.02185792349726776,1.0124450344312619
31,24096,10,310,0.022586520947176687,1.0128652058432934
32,24086,10,320,0.02331511839708561,1.0132857261479697
33,24076,10,330,0.024043715846994537,1.01370659578003
34,24066,10,340,0.02477231329690346,1.0141278151749356
35,24056,10,350,0.025500910746812388,1.0145493847688727
36,24046,10,360,0.02622950819672131,1.0149713049987523
37,24036,10,370,0.02695810564663024,1.0153935763022133
38,24026,10,380,0.027686703096539162,1.0158161991176227
39,24016,10,390,0.02841530054644809,1.0162391738840773
40,24006,10,400,0.029143897996357013,1.0166625010414063
41,23996,10,410,0.02987249544626594,1.0170861810301717
42,23986,10,420,0.030601092896174863,1.01751021429167
43,23976,10,430,0.03132969034608379,1.0179346012679347
44,23966,10,440,0.032058287795992714,1.0183593424017359
45,23956,10,450,0.03278688524590164,1.0187844381365838
46,23946,10,460,0.03351548269581057,1.0192098889167294
47,23936,10,470,0.03424408014571949,1.0196356951871657
48,23926,10,480,0.034972677595628415,1.0200618573936304
49,23916,10,490,0.03570127504553734,1.0204883759826058
50,23906,10,500,0.03642987249544627,1.0209152514013218
51,23896,10,510,0.03715846994535519,1.021342484097757
52,23886,10,520,0.03788706739526412,1.0217700745206397
53,23876,10,530,0.038615664845173044,1.0221980231194505
54,23866,10,540,0.03934426229508197,1.022626330344423
55,23856,10,550,0.04007285974499089,1.0230549966465459
56,23846,10,560,0.04080145719489982,1.0234840224775643
57,23836,10,570,0.041530054644808745,1.0239134082899815
58,23826,10,580,0.04225865209471767,1.0243431545370603
59,23816,10,590,0.04298724954462659,1.024773261672825
60,23806,10,600,0.04371584699453552,1.0252037301520625
61,23796,10,610,0.044444444444444446,1.0256345604303245
62,23786,10,620,0.04517304189435337,1.0260657529639283
63,23776,10,630,0.04590163934426229,1.0264973082099595
64,23766,10,640,0.04663023679417122,1.0269292266262728
65,23756,10,650,0.04735883424408015,1.0273615086714936
66,23746,10,660,0.048087431693989074,1.0277941548050198
67,23736,10,670,0.048816029143897995,1.0282271654870239
68,23726,10,680,0.04954462659380692,1.028660541178454
69,23716,10,690,0.05027322404371585,1.0290942823410356
70,23706,10,700,0.051001821493624776,1.0295283894372733
71,23696,10,710,0.051730418943533696,1.0299628629304525
72,23686,10,720,0.05245901639344262,1.0303977032846408
73,23676,10,730,0.05318761384335155,1.0308329109646899
74,23666,10,740,0.05391621129326048,1.0312684864362376
75,23656,10,750,0.0546448087431694,1.0317044301657086
76,23646,10,760,0.055373406193078324,1.0321407426203164
77,23636,10,770,0.05610200364298725,1.0325774242680656
78,23626,10,780,0.05683060109289618,1.0330144755777533
79,23616,10,790,0.0575591985428051,1.0334518970189701
80,23606,10,800,0.058287795992714025,1.0338896890621028
81,23596,10,810,0.05901639344262295,1.0343278521783352
82,23586,10,820,0.05974499089253188,1.0347663868396506
83,23576,10,830,0.0604735883424408,1.0352052935188327
84,23566,10,840,0.06120218579234973,1.0356445726894679
85,23556,10,850,0.061930783242258654,1.0360842248259468
86,23546,10,860,0.06265938069216757,1.0365242504034655
87,23536,10,870,0.0633879781420765,1.0369646498980285
88,23526,10,880,0.06411657559198543,1.037405423786449
89,23516,10,890,0.06484517304189436,1.0378465725463515
90,23506,10,900,0.06557377049180328,1.038288096656173
91,23496,10,910,0.06630236794171221,1.038729996595165
92,23486,10,920,0.06703096539162114,1.039172272843396
93,23476,10,930,0.06775956284153005,1.0396149258817515
94,23466,10,940,0.06848816029143898,1.0400579561919372
95,23456,10,950,0.0692167577413479,1.0405013642564802
96,23446,10,960,0.06994535519125683,1.0409451505587306
97,23436,10,970,0.07067395264116576,1.041389315582864
98,23426,10,980,0.07140255009107468,1.041833859813882
99,23416,10,990,0.07213114754098361,1.0422787837376153
100,23406,10,1000,0.07285974499089254,1.0427240878407247
101,23396,10,1010,0.07358834244080145,1.0431697726107028
102,23386,10,1020,0.07431693989071038,1.0436158385358763
103,23376,10,1030,0.0750455373406193,1.0440622861054072
104,23366,10,1040,0.07577413479052823,1.0445091158092956
105,23356,10,1050,0.07650273224043716,1.0449563281383798
106,23346,10,1060,0.07723132969034609,1.04540392358434
107,23336,10,1070,0.07795992714025501,1.0458519026396984
108,23326,10,1080,0.07868852459016394,1.0463002657978222
109,23316,10,1090,0.07941712204007285,1.046749013552925
110,23306,10,1100,0.08014571948998178,1.0471981464000686
111,23296,10,1110,0.08087431693989071,1.047647664835165
112,23286,10,1120,0.08160291438979964,1.0480975693549772
113,23276,10,1130,0.08233151183970856,1.0485478604571232
114,23266,10,1140,0.08306010928961749,1.0489985386400758
115,23256,10,1150,0.08378870673952642,1.0494496044031647
116,23246,10,1160,0.08451730418943534,1.04990105824658
117,23236,10,1170,0.08524590163934426,1.050352900671372
118,23226,10,1180,0.08597449908925318,1.050805132179454
119,23216,10,1190,0.08670309653916211,1.0512577532736045
120,23206,10,1200,0.08743169398907104,1.051710764457468
121,23196,10,1210,0.08816029143897997,1.0521641662355579
122,23186,10,1220,0.08888888888888889,1.052617959113258
123,23176,10,1230,0.08961748633879782,1.0530721435968242
124,23166,10,1240,0.09034608378870675,1.053526720193387
125,23156,10,1250,0.09107468123861566,1.0539816894109517
126,23146,10,1260,0.09180327868852459,1.0544370517584032
127,23136,10,1270,0.09253187613843351,1.0548928077455049
128,23126,10,1280,0.09326047358834244,1.0553489578829023
129,23116,10,1290,0.09398907103825137,1.055805502682125
130,23106,10,1300,0.0947176684881603,1.0562624426555873
131,23096,10,1310,0.09544626593806922,1.0567197783165916
132,23086,10,1320,0.09617486338797815,1.0571775101793295
133,23076,10,1330,0.09690346083788706,1.0576356387588837
134,23066,10,1340,0.09763205828779599,1.0580941645712303
135,23056,10,1350,0.09836065573770492,1.0585530881332408
136,23046,10,1360,0.09908925318761384,1.0590124099626834
137,23036,10,1370,0.09981785063752277,1.0594721305782253
138,23026,10,1380,0.1005464480874317,1.0599322504994355
139,23016,10,1390,0.10127504553734062,1.0603927702467848
140,23006,10,1400,0.10200364298724955,1.0608536903416501
141,22996,10,1410,0.10273224043715846,1.0613150113063141
142,22986,10,1420,0.10346083788706739,1.0617767336639694
143,22976,10,1430,0.10418943533697632,1.0622388579387188
144,22966,10,1440,0.10491803278688525,1.0627013846555777
145,22956,10,1450,0.10564663023679417,1.0631643143404774
146,22946,10,1460,0.1063752276867031,1.063627647520265
147,22936,10,1470,0.10710382513661203,1.0640913847227067
148,22926,10,1480,0.10783242258652095,1.0645555264764897
149,22916,10,1490,0.10856102003642987,1.0650200733112236
150,22906,10,1500,0.1092896174863388,1.0654850257574435
151,22896,10,1510,0.11001821493624772,1.0659503843466107
152,22886,10,1520,0.11074681238615665,1.066416149611116
153,22876,10,1530,0.11147540983606558,1.0668823220842805
154,22866,10,1540,0.1122040072859745,1.0673489023003586
155,22856,10,1550,0.11293260473588343,1.0678158907945396
156,22846,10,1560,0.11366120218579236,1.0682832881029503
157,22836,10,1570,0.11438979963570127,1.0687510947626555
158,22826,10,1580,0.1151183970856102,1.0692193113116621
159,22816,10,1590,0.11584699453551912,1.06968793828892
160,22806,10,1600,0.11657559198542805,1.0701569762343244
161,22796,10,1610,0.11730418943533698,1.0706264256887172
162,22786,10,1620,0.1180327868852459,1.071096287193891
163,22776,10,1630,0.11876138433515483,1.0715665612925886
164,22766,10,1640,0.11948998178506376,1.0720372485285075
165,22756,10,1650,0.12021857923497267,1.0725083494463
166,22746,10,1660,0.1209471766848816,1.0729798645915765
167,22736,10,1670,0.12167577413479053,1.0734517945109079
168,22726,10,1680,0.12240437158469945,1.0739241397518262
169,22716,10,1690,0.12313296903460838,1.074396900862828
170,22706,10,1700,0.12386156648451731,1.0748700783933762
171,22696,10,1710,0.12459016393442623,1.075343672893902
172,22686,10,1720,0.12531876138433515,1.0758176849158072
173,22676,10,1730,0.1260473588342441,1.076292115011466
174,22666,10,1740,0.126775956284153,1.0767669637342274
175,22656,10,1750,0.12750455373406194,1.077242231638418
176,22646,10,1760,0.12823315118397086,1.077717919279343
177,22636,10,1770,0.12896174863387977,1.0781940272132886
178,22626,10,1780,0.1296903460837887,1.078670555997525
179,22616,10,1790,0.13041894353369762,1.0791475061903077
180,22606,10,1800,0.13114754098360656,1.0796248783508804
181,22596,10,1810,0.13187613843351548,1.080102673039476
182,22586,10,1820,0.13260473588342442,1.0805808908173204
183,22576,10,1830,0.13333333333333333,1.0810595322466336
184,22566,10,1840,0.13406193078324227,1.081538597890632
185,22556,10,1850,0.13479052823315119,1.0820180883135309
186,22546,10,1860,0.1355191256830601,1.0824980040805465
187,22536,10,1870,0.13624772313296904,1.0829783457578985
188,22526,10,1880,0.13697632058287795,1.0834591139128118
189,22516,10,1890,0.1377049180327869,1.0839403091135194
190,22506,10,1900,0.1384335154826958,1.0844219319292634
191,22496,10,1910,0.13916211293260475,1.0849039829302987
192,22487,9,1919,0.13981785063752278,1.0853381954017878
193,22478,9,1928,0.1404735883424408,1.085772755583237
194,22469,9,1937,0.14112932604735884,1.086207663892474
195,22460,9,1946,0.14178506375227687,1.0866429207479964
196,22451,9,1955,0.1424408014571949,1.0870785265689724
197,22442,9,1964,0.14309653916211293,1.087514481775243
198,22433,9,1973,0.14375227686703096,1.0879507867873222
199,22424,9,1982,0.144408014571949,1.0883874420264004
200,22415,9,1991,0.14506375227686702,1.088824447914343
201,22406,9,2000,0.14571948998178508,1.0892618048736946
202,22397,9,2009,0.1463752276867031,1.089699513327678
203,22388,9,2018,0.14703096539162114,1.0901375737001966
204,22379,9,2027,0.14768670309653917,1.0905759864158362
205,22370,9,2036,0.1483424408014572,1.0910147518998659
206,22361,9,2045,0.14899817850637523,1.0914538705782388
207,22352,9,2054,0.14965391621129326,1.0918933428775948
208,22343,9,2063,0.1503096539162113,1.0923331692252607
209,22334,9,2072,0.15096539162112932,1.0927733500492522
210,22325,9,2081,0.15162112932604735,1.0932138857782754
211,22316,9,2090,0.15227686703096538,1.093654776841728
212,22307,9,2099,0.15293260473588344,1.0940960236697002
213,22298,9,2108,0.15358834244080147,1.094537626692977
214,22289,9,2117,0.1542440801457195,1.0949795863430392
215,22280,9,2126,0.15489981785063753,1.0954219030520647
216,22271,9,2135,0.15555555555555556,1.0958645772529299
217,22262,9,2144,0.1562112932604736,1.0963076093792112
218,22253,9,2153,0.15686703096539162,1.0967509998651868
219,22244,9,2162,0.15752276867030965,1.0971947491458371
220,22235,9,2171,0.15817850637522768,1.0976388576568472
221,22226,9,2180,0.1588342440801457,1.098083325834608
222,22217,9,2189,0.15948998178506374,1.0985281541162173
223,22208,9,2198,0.1601457194899818,1.0989733429394812
224,22199,9,2207,0.16080145719489983,1.0994188927429163
225,22190,9,2216,0.16145719489981786,1.0998648039657504
226,22181,9,2225,0.1621129326047359,1.1003110770479239
227,22172,9,2234,0.16276867030965392,1.100757712430092
228,22163,9,2243,0.16342440801457195,1.1012047105536253
229,22154,9,2252,0.16408014571948998,1.101652071860612
230,22145,9,2261,0.164735883424408,1.1020997967938586
231,22136,9,2270,0.16539162112932604,1.102547885796892
232,22127,9,2279,0.16604735883424407,1.1029963393139604
233,22118,9,2288,0.16670309653916213,1.1034451577900353
234,22109,9,2297,0.16735883424408016,1.1038943416708127
235,22100,9,2306,0.1680145719489982,1.1043438914027148
236,22091,9,2315,0.16867030965391622,1.1047938074328911
237,22082,9,2324,0.16932604735883425,1.1052440902092202
238,22073,9,2333,0.16998178506375228,1.1056947401803108
239,22064,9,2342,0.1706375227686703,1.106145757795504
240,22055,9,2351,0.17129326047358834,1.1065971435048743
241,22046,9,2360,0.17194899817850637,1.1070488977592308
242,22037,9,2369,0.1726047358834244,1.1075010210101193
243,22028,9,2378,0.17326047358834243,1.1079535137098238
244,22019,9,2387,0.1739162112932605,1.1084063763113674
245,22010,9,2396,0.17457194899817852,1.1088596092685143
246,22001,9,2405,0.17522768670309655,1.109313213035771
247,21992,9,2414,0.17588342440801458,1.1097671880683886
248,21983,9,2423,0.1765391621129326,1.1102215348223627
249,21974,9,2432,0.17719489981785064,1.110676253754437
250,21965,9,2441,0.17785063752276867,1.1111313453221034
251,21956,9,2450,0.1785063752276867,1.1115868099836035
252,21947,9,2459,0.17916211293260473,1.1120426481979313
253,21938,9,2468,0.17981785063752276,1.1124988604248336
254,21929,9,2477,0.1804735883424408,1.112955447124812
255,21920,9,2486,0.18112932604735885,1.1134124087591242
256,21911,9,2495,0.18178506375227688,1.113869745789786
257,21902,9,2504,0.1824408014571949,1.1143274586795726
258,21893,9,2513,0.18309653916211294,1.1147855478920203
259,21884,9,2522,0.18375227686703097,1.1152440138914275
260,21875,9,2531,0.184408014571949,1.115702857142857
261,21866,9,2540,0.18506375227686703,1.1161620781121375
262,21857,9,2549,0.18571948998178506,1.1166216772658646
263,21848,9,2558,0.1863752276867031,1.1170816550714024
264,21839,9,2567,0.18703096539162112,1.1175420119968864
265,21830,9,2576,0.18768670309653918,1.1180027485112232
266,21821,9,2585,0.1883424408014572,1.1184638650840932
267,21812,9,2594,0.18899817850637524,1.1189253621859527
268,21803,9,2603,0.18965391621129327,1.1193872402880338
269,21794,9,2612,0.1903096539162113,1.1198494998623474
270,21785,9,2621,0.19096539162112933,1.1203121413816846
271,21776,9,2630,0.19162112932604736,1.1207751653196178
272,21767,9,2639,0.1922768670309654,1.1212385721505032
273,21758,9,2648,0.19293260473588342,1.1217023623494806
274,21749,9,2657,0.19358834244080145,1.1221665363924778
275,21740,9,2666,0.19424408014571948,1.1226310947562097
276,21731,9,2675,0.19489981785063754,1.1230960379181814
277,21722,9,2684,0.19555555555555557,1.123561366356689
278,21713,9,2693,0.1962112932604736,1.1240270805508221
279,21704,9,2702,0.19686703096539163,1.1244931809804644
280,21695,9,2711,0.19752276867030966,1.1249596681262963
281,21686,9,2720,0.1981785063752277,1.1254265424697962
282,21677,9,2729,0.19883424408014572,1.1258938044932416
283,21668,9,2738,0.19948998178506375,1.126361454679712
284,21659,9,2747,0.20014571948998178,1.1268294935130891
285,21650,9,2756,0.2008014571948998,1.12729792147806
286,21641,9,2765,0.20145719489981784,1.1277667390601174
287,21632,9,2774,0.2021129326047359,1.128235946745562
288,21623,9,2783,0.20276867030965393,1.1287055450215049
289,21614,9,2792,0.20342440801457196,1.1291755343758676
290,21605,9,2801,0.20408014571948999,1.1296459152973848
291,21596,9,2810,0.20473588342440802,1.1301166882756066
292,21587,9,2819,0.20539162112932605,1.1305878538008987
293,21578,9,2828,0.20604735883424408,1.1310594123644453
294,21569,9,2837,0.2067030965391621,1.1315313644582503
295,21560,9,2846,0.20735883424408014,1.132003710575139
296,21551,9,2855,0.20801457194899817,1.1324764512087606
297,21542,9,2864,0.20867030965391622,1.1329495868535884
298,21533,9,2873,0.20932604735883426,1.1334231180049226
299,21524,9,2882,0.20998178506375229,1.1338970451588923
300,21515,9,2891,0.21063752276867032,1.1343713688124564
301,21506,9,2900,0.21129326047358835,1.1348460894634056
302,21497,9,2909,0.21194899817850638,1.1353212076103643
303,21488,9,2918,0.2126047358834244,1.1357967237527922
304,21479,9,2927,0.21326047358834244,1.1362726383909865
305,21470,9,2936,0.21391621129326047,1.136748952026083
306,21461,9,2945,0.2145719489981785,1.1372256651600579
307,21452,9,2954,0.21522768670309653,1.13770277829573
308,21443,9,2963,0.21588342440801458,1.1381802919367625
309,21434,9,2972,0.21653916211293261,1.1386582065876645
310,21425,9,2981,0.21719489981785065,1.1391365227537924
311,21416,9,2990,0.21785063752276868,1.1396152409413522
312,21407,9,2999,0.2185063752276867,1.1400943616574017
313,21398,9,3008,0.21916211293260474,1.1405738854098515
314,21389,9,3017,0.21981785063752277,1.1410538127074665
315,21380,9,3026,0.2204735883424408,1.141534144059869
316,21371,9,3035,0.22112932604735883,1.1420148799775396
317,21362,9,3044,0.22178506375227686,1.1424960209718191
318,21353,9,3053,0.2224408014571949,1.1429775675549103
319,21344,9,3062,0.22309653916211294,1.14345952023988
320,21335,9,3071,0.22375227686703097,1.1439418795406608
321,21326,9,3080,0.224408014571949,1.1444246459720528
322,21317,9,3089,0.22506375227686704,1.1449078200497256
323,21308,9,3098,0.22571948998178507,1.1453914022902196
324,21299,9,3107,0.2263752276867031,1.145875393210949
325,21290,9,3116,0.22703096539162113,1.1463597933302019
326,21281,9,3125,0.22768670309653916,1.1468446031671444
327,21272,9,3134,0.22834244080145719,1.1473298232418203
328,21263,9,3143,0.22899817850637522,1.147815454075154
329,21254,9,3152,0.22965391621129327,1.1483014961889526
330,21245,9,3161,0.2303096539162113,1.1487879501059073
331,21236,9,3170,0.23096539162112933,1.149274816349595
332,21227,9,3179,0.23162112932604736,1.1497620954444812
333,21218,9,3188,0.2322768670309654,1.1502497879159204
334,21209,9,3197,0.23293260473588343,1.1507378942901598
335,21200,9,3206,0.23358834244080146,1.1512264150943397
336,21191,9,3215,0.23424408014571949,1.1517153508564957
337,21182,9,3224,0.23489981785063752,1.1522047021055613
338,21173,9,3233,0.23555555555555555,1.1526944693713692
339,21164,9,3242,0.23621129326047358,1.1531846531846532
340,21155,9,3251,0.23686703096539163,1.1536752540770503
341,21146,9,3260,0.23752276867030966,1.1541662725811028
342,21137,9,3269,0.2381785063752277,1.1546577092302597
343,21128,9,3278,0.23883424408014572,1.1551495645588792
344,21119,9,3287,0.23948998178506375,1.1556418391022303
345,21110,9,3296,0.24014571948998178,1.1561345333964945
346,21101,9,3305,0.24080145719489982,1.1566276479787687
347,21092,9,3314,0.24145719489981785,1.1571211833870663
348,21083,9,3323,0.24211293260473588,1.1576151401603187
349,21074,9,3332,0.2427686703096539,1.158109518838379
350,21065,9,3341,0.24342440801457194,1.1586043199620224
351,21056,9,3350,0.24408014571949,1.1590995440729484
352,21047,9,3359,0.24473588342440802,1.1595951917137834
353,21038,9,3368,0.24539162112932605,1.1600912634280824
354,21029,9,3377,0.24604735883424408,1.160587759760331
355,21020,9,3386,0.24670309653916211,1.1610846812559468
356,21011,9,3395,0.24735883424408014,1.1615820284612821
357,21002,9,3404,0.24801457194899817,1.1620798019236263
358,20993,9,3413,0.2486703096539162,1.1625780021912067
359,20984,9,3422,0.24932604735883424,1.163076629813191
360,20975,9,3431,0.24998178506375227,1.1635756853396901
361,20966,9,3440,0.2506375227686703,1.164075169321759
362,20957,9,3449,0.25129326047358835,1.1645750823113996
363,20948,9,3458,0.25194899817850636,1.165075424861562
364,20939,9,3467,0.2526047358834244,1.1655761975261474
365,20930,9,3476,0.2532604735883424,1.1660774008600097
366,20921,9,3485,0.2539162112932605,1.1665790354189571
367,20912,9,3494,0.25457194899817853,1.167081101759755
368,20903,9,3503,0.25522768670309653,1.1675836004401283
369,20894,9,3512,0.2558834244080146,1.1680865320187614
370,20885,9,3521,0.2565391621129326,1.1685898970553028
371,20876,9,3530,0.25719489981785065,1.169093696110366
372,20867,9,3539,0.25785063752276866,1.1695979297455312
373,20858,9,3548,0.2585063752276867,1.1701025985233484
374,20849,9,3557,0.2591621129326047,1.1706077030073385
375,20840,9,3566,0.2598178506375228,1.1711132437619962
376,20831,9,3575,0.2604735883424408,1.1716192213527916
377,20822,9,3584,0.26112932604735883,1.1721256363461723
378,20813,9,3593,0.2617850637522769,1.172632489309566
379,20804,9,3602,0.2624408014571949,1.1731397808113824
380,20795,9,3611,0.26309653916211295,1.1736475114210148
381,20786,9,3620,0.26375227686703095,1.1741556817088425
382,20777,9,3629,0.264408014571949,1.1746642922462338
383,20768,9,3638,0.265063752276867,1.175173343605547
384,20759,9,3647,0.2657194899817851,1.175682836360133
385,20750,9,3656,0.2663752276867031,1.1761927710843374
386,20741,9,3665,0.26703096539162113,1.1767031483535026
387,20732,9,3674,0.26768670309653914,1.1772139687439707
388,20723,9,3683,0.2683424408014572,1.177725232833084
389,20714,9,3692,0.26899817850637525,1.1782369411991889
390,20705,9,3701,0.26965391621129325,1.1787490944216372
391,20696,9,3710,0.2703096539162113,1.1792616930807887
392,20687,9,3719,0.2709653916211293,1.1797747377580123
393,20678,9,3728,0.2716211293260474,1.1802882290356902
394,20669,9,3737,0.2722768670309654,1.180802167497218
395,20660,9,3746,0.27293260473588343,1.1813165537270087
396,20651,9,3755,0.27358834244080144,1.1818313883104934
397,20642,9,3764,0.2742440801457195,1.1823466718341247
398,20633,9,3773,0.2748998178506375,1.1828624048853777
399,20624,9,3782,0.27555555555555555,1.183378588052754
400,20615,9,3791,0.2762112932604736,1.1838952219257821
401,20606,9,3800,0.2768670309653916,1.1844123070950208
402,20597,9,3809,0.27752276867030967,1.184929844152061
403,20588,9,3818,0.2781785063752277,1.1854478336895278
404,20579,9,3827,0.27883424408014573,1.1859662763010836
405,20570,9,3836,0.27948998178506373,1.1864851725814292
406,20561,9,3845,0.2801457194899818,1.187004523126307
407,20552,9,3854,0.2808014571948998,1.187524328532503
408,20543,9,3863,0.28145719489981785,1.1880445893978484
409,20534,9,3872,0.2821129326047359,1.1885653063212234
410,20525,9,3881,0.2827686703096539,1.1890864799025578
411,20516,9,3890,0.28342440801457197,1.189608110742835
412,20507,9,3899,0.28408014571949,1.1901301994440923
413,20498,9,3908,0.28473588342440803,1.1906527466094252
414,20489,9,3917,0.28539162112932603,1.191175752842989
415,20480,9,3926,0.2860473588342441,1.19169921875
416,20471,9,3935,0.2867030965391621,1.1922231449367398
417,20462,9,3944,0.28735883424408015,1.192747532010556
418,20453,9,3953,0.28801457194899815,1.193272380579866
419,20444,9,3962,0.2886703096539162,1.1937976912541577
420,20435,9,3971,0.28932604735883427,1.194323464643993
421,20426,9,3980,0.2899817850637523,1.1948497013610104
422,20417,9,3989,0.29063752276867033,1.1953764020179263
423,20408,9,3998,0.29129326047358833,1.1959035672285379
424,20399,9,4007,0.2919489981785064,1.1964311976077258
425,20390,9,4016,0.2926047358834244,1.1969592937714566
426,20381,9,4025,0.29326047358834245,1.1974878563367843
427,20372,9,4034,0.29391621129326045,1.1980168859218536
428,20363,9,4043,0.2945719489981785,1.1985463831459018
429,20354,9,4052,0.2952276867030965,1.1990763486292622
430,20345,9,4061,0.2958834244080146,1.1996067829933645
431,20336,9,4070,0.29653916211293263,1.2001376868607396
432,20327,9,4079,0.29719489981785063,1.2006690608550203
433,20318,9,4088,0.2978506375227687,1.201200905600945
434,20309,9,4097,0.2985063752276867,1.2017332217243586
435,20300,9,4106,0.29916211293260475,1.2022660098522167
436,20291,9,4115,0.29981785063752275,1.202799270612587
437,20282,9,4124,0.3004735883424408,1.2033330046346513
438,20273,9,4133,0.3011293260473588,1.2038672125487102
439,20264,9,4142,0.30178506375227687,1.2044018949861823
440,20255,9,4151,0.3024408014571949,1.20493705257961
441,20246,9,4160,0.30309653916211293,1.2054726859626592
442,20237,9,4169,0.303752276867031,1.206008795770124
443,20228,9,4178,0.304408014571949,1.2065453826379275
444,20219,9,4187,0.30506375227686705,1.2070824472031259
445,20210,9,4196,0.30571948998178505,1.2076199901039089
446,20201,9,4205,0.3063752276867031,1.208158011979605
447,20192,9,4214,0.3070309653916211,1.2086965134706815
448,20183,9,4223,0.30768670309653917,1.2092354952187485
449,20174,9,4232,0.3083424408014572,1.2097749578665609
450,20165,9,4241,0.30899817850637523,1.2103149020580213
451,20156,9,4250,0.30965391621129323,1.2108553284381822
452,20147,9,4259,0.3103096539162113,1.2113962376532486
453,20138,9,4268,0.31096539162112935,1.2119376303505809
454,20129,9,4277,0.31162112932604735,1.2124795071786973
455,20120,9,4286,0.3122768670309654,1.2130218687872762
456,20111,9,4295,0.3129326047358834,1.2135647158271592
457,20102,9,4304,0.31358834244080147,1.2141080489503533
458,20093,9,4313,0.3142440801457195,1.2146518688100334
459,20084,9,4322,0.31489981785063753,1.2151961760605456
460,20075,9,4331,0.31555555555555553,1.2157409713574097
461,20066,9,4340,0.3162112932604736,1.2162862553573208
462,20057,9,4349,0.3168670309653916,1.2168320287181533
463,20048,9,4358,0.31752276867030965,1.2173782920989624
464,20039,9,4367,0.3181785063752277,1.217925046159988
465,20030,9,4376,0.3188342440801457,1.218472291562656
466,20021,9,4385,0.31948998178506377,1.2190200289695818
467,20012,9,4394,0.3201457194899818,1.2195682590445733
468,20003,9,4403,0.32080145719489983,1.2201169824526321
469,19994,9,4412,0.32145719489981783,1.220666199859958
470,19986,8,4420,0.322040072859745,1.221154808365856
471,19978,8,4428,0.3226229508196721,1.221643808189008
472,19970,8,4436,0.32320582877959925,1.2221331997996996
473,19962,8,4444,0.3237887067395264,1.222622983668971
474,19954,8,4452,0.32437158469945354,1.2231131602686178
475,19946,8,4460,0.3249544626593807,1.2236037300711922
476,19938,8,4468,0.32553734061930784,1.224094693550005
477,19930,8,4476,0.32612021857923496,1.2245860511791269
478,19922,8,4484,0.32670309653916213,1.2250778034333902
479,19914,8,4492,0.32728597449908925,1.2255699507883902
480,19906,8,4500,0.32786885245901637,1.2260624937204863
481,19898,8,4508,0.32845173041894354,1.2265554327068047
482,19890,8,4516,0.32903460837887066,1.227048768225239
483,19882,8,4524,0.32961748633879784,1.2275425007544514
484,19874,8,4532,0.33020036429872496,1.2280366307738755
485,19866,8,4540,0.3307832422586521,1.2285311587637169
486,19858,8,4548,0.33136612021857925,1.2290260852049553
487,19850,8,4556,0.33194899817850637,1.229521410579345
488,19842,8,4564,0.3325318761384335,1.2300171353694185
489,19834,8,4572,0.33311475409836067,1.2305132600584854
490,19826,8,4580,0.3336976320582878,1.2310097851306365
491,19818,8,4588,0.33428051001821496,1.2315067110707438
492,19810,8,4596,0.3348633879781421,1.2320040383644624
493,19802,8,4604,0.3354462659380692,1.2325017674982326
494,19794,8,4612,0.3360291438979964,1.2329998989592805
495,19786,8,4620,0.3366120218579235,1.2334984332356211
496,19778,8,4628,0.3371948998178506,1.2339973708160583
497,19770,8,4636,0.3377777777777778,1.234496712190187
498,19762,8,4644,0.3383606557377049,1.2349964578483958
499,19754,8,4652,0.3389435336976321,1.235496608281867
500,19746,8,4660,0.3395264116575592,1.2359971639825786
501,19738,8,4668,0.3401092896174863,1.2364981254433074
502,19730,8,4676,0.3406921675774135,1.236999493157628
503,19722,8,4684,0.3412750455373406,1.2375012676199169
504,19714,8,4692,0.34185792349726773,1.2380034493253524
505,19706,8,4700,0.3424408014571949,1.2385060387699178
506,19698,8,4708,0.34302367941712203,1.239009036450401
507,19690,8,4716,0.3436065573770492,1.2395124428643982
508,19682,8,4724,0.3441894353369763,1.240016258510314
509,19674,8,4732,0.34477231329690344,1.240520483887364
510,19666,8,4740,0.3453551912568306,1.2410251194955761
511,19658,8,4748,0.34593806921675774,1.241530165835792
512,19650,8,4756,0.34652094717668486,1.2420356234096692
513,19642,8,4764,0.34710382513661203,1.2425414927196823
514,19634,8,4772,0.34768670309653915,1.243047774269125
515,19626,8,4780,0.3482695810564663,1.2435544685621114
516,19618,8,4788,0.34885245901639345,1.2440615761035783
517,19610,8,4796,0.34943533697632057,1.244569097399286
518,19602,8,4804,0.35001821493624774,1.2450770329558207
519,19594,8,4812,0.35060109289617486,1.245585383280596
520,19586,8,4820,0.351183970856102,1.2460941488818544
521,19578,8,4828,0.35176684881602915,1.246603330268669
522,19570,8,4836,0.3523497267759563,1.2471129279509454
523,19562,8,4844,0.35293260473588345,1.2476229424394234
524,19554,8,4852,0.35351548269581057,1.2481333742456786
525,19546,8,4860,0.3540983606557377,1.2486442238821243
526,19538,8,4868,0.35468123861566486,1.2491554918620125
527,19530,8,4876,0.355264116575592,1.2496671786994367
528,19522,8,4884,0.3558469945355191,1.2501792849093332
529,19514,8,4892,0.3564298724954463,1.2506918110074818
530,19506,8,4900,0.3570127504553734,1.2512047575105096
531,19498,8,4908,0.35759562841530057,1.2517181249358909
532,19490,8,4916,0.3581785063752277,1.2522319138019498
533,19482,8,4924,0.3587613843351548,1.2527461246278617
534,19474,8,4932,0.359344262295082,1.2532607579336552
535,19466,8,4940,0.3599271402550091,1.2537758142402138
536,19458,8,4948,0.3605100182149362,1.2542912940692774
537,19450,8,4956,0.3610928961748634,1.2548071979434448
538,19442,8,4964,0.3616757741347905,1.2553235263861742
539,19434,8,4972,0.3622586520947177,1.2558402799217865
540,19426,8,4980,0.3628415300546448,1.2563574590754658
541,19418,8,4988,0.36342440801457193,1.256875064373262
542,19410,8,4996,0.3640072859744991,1.2573930963420916
543,19402,8,5004,0.3645901639344262,1.2579115555097413
544,19394,8,5012,0.36517304189435335,1.2584304424048676
545,19386,8,5020,0.3657559198542805,1.258949757557
546,19378,8,5028,0.36633879781420764,1.2594695014965425
547,19370,8,5036,0.3669216757741348,1.2599896747547754
548,19362,8,5044,0.36750455373406193,1.260510277863857
549,19354,8,5052,0.36808743169398905,1.2610313113568254
550,19346,8,5060,0.36867030965391623,1.2615527757676006
551,19338,8,5068,0.36925318761384335,1.2620746716309856
552,19330,8,5076,0.36983606557377047,1.2625969994826693
553,19322,8,5084,0.37041894353369764,1.2631197598592279
554,19314,8,5092,0.37100182149362476,1.2636429532981257
555,19306,8,5100,0.37158469945355194,1.264166580337719
556,19298,8,5108,0.37216757741347906,1.2646906415172556
557,19290,8,5116,0.3727504553734062,1.2652151373768792
558,19282,8,5124,0.37333333333333335,1.265740068457629
559,19274,8,5132,0.37391621129326047,1.2662654353014424
560,19266,8,5140,0.3744990892531876,1.2667912384511575
561,19258,8,5148,0.37508196721311476,1.2673174784505141
562,19250,8,5156,0.3756648451730419,1.2678441558441558
563,19242,8,5164,0.37624772313296906,1.2683712711776323
564,19234,8,5172,0.3768306010928962,1.2688988249974005
565,19226,8,5180,0.3774134790528233,1.269426817850827
566,19218,8,5188,0.3779963570127505,1.26995525028619
567,19210,8,5196,0.3785792349726776,1.2704841228526809
568,19202,8,5204,0.3791621129326047,1.2710134361004062
569,19194,8,5212,0.3797449908925319,1.2715431905803898
570,19186,8,5220,0.380327868852459,1.2720733868445742
571,19178,8,5228,0.3809107468123862,1.2726040254458233
572,19170,8,5236,0.3814936247723133,1.2731351069379238
573,19162,8,5244,0.3820765027322404,1.2736666318755872
574,19154,8,5252,0.3826593806921676,1.2741986008144512
575,19146,8,5260,0.3832422586520947,1.2747310143110833
576,19138,8,5268,0.38382513661202183,1.2752638729229804
577,19130,8,5276,0.384408014571949,1.275797177208573
578,19122,8,5284,0.3849908925318761,1.2763309277272252
579,19114,8,5292,0.3855737704918033,1.2768651250392382
580,19106,8,5300,0.3861566484517304,1.2773997697058517
581,19098,8,5308,0.38673952641165754,1.277934862289245
582,19090,8,5316,0.3873224043715847,1.2784704033525407
583,19082,8,5324,0.38790528233151184,1.279006393459805
584,19074,8,5332,0.38848816029143896,1.2795428331760512
585,19066,8,5340,0.38907103825136613,1.28007972306724
586,19058,8,5348,0.38965391621129325,1.2806170637002834
587,19050,8,5356,0.3902367941712204,1.2811548556430445
588,19042,8,5364,0.39081967213114754,1.281693099464342
589,19034,8,5372,0.39140255009107466,1.2822317957339497
590,19026,8,5380,0.39198542805100184,1.2827709450226006
591,19018,8,5388,0.39256830601092896,1.2833105479019875
592,19010,8,5396,0.3931511839708561,1.283850604944766
593,19002,8,5404,0.39373406193078325,1.2843911167245554
594,18994,8,5412,0.39431693989071037,1.284932083815942
595,18986,8,5420,0.39489981785063755,1.2854735067944802
596,18978,8,5428,0.39548269581056467,1.2860153862366952
597,18970,8,5436,0.3960655737704918,1.2865577227200844
598,18962,8,5444,0.39664845173041896,1.28710051682312
599,18954,8,5452,0.3972313296903461,1.2876437691252507
600,18946,8,5460,0.3978142076502732,1.2881874802069038
601,18938,8,5468,0.3983970856102004,1.2887316506494877
602,18930,8,5476,0.3989799635701275,1.2892762810353935
603,18922,8,5484,0.39956284153005467,1.289821371947997
604,18914,8,5492,0.4001457194899818,1.2903669239716613
605,18906,8,5500,0.4007285974499089,1.290912937691738
606,18898,8,5508,0.4013114754098361,1.291459413694571
607,18890,8,5516,0.4018943533697632,1.292006352567496
608,18882,8,5524,0.4024772313296903,1.2925537548988455
609,18874,8,5532,0.4030601092896175,1.2931016212779485
610,18866,8,5540,0.4036429872495446,1.2936499522951341
611,18858,8,5548,0.4042258652094718,1.294198748541733
612,18850,8,5556,0.4048087431693989,1.2947480106100795
613,18842,8,5564,0.40539162112932603,1.2952977390935145
614,18834,8,5572,0.4059744990892532,1.2958479345863863
615,18826,8,5580,0.4065573770491803,1.296398597684054
616,18818,8,5588,0.40714025500910744,1.2969497289828886
617,18810,8,5596,0.4077231329690346,1.2975013290802764
618,18802,8,5604,0.40830601092896174,1.2980533985746197
619,18794,8,5612,0.4088888888888889,1.29860593806534
620,18786,8,5620,0.40947176684881603,1.2991589481528798
621,18778,8,5628,0.41005464480874315,1.2997124294387048
622,18770,8,5636,0.4106375227686703,1.3002663825253062
623,18762,8,5644,0.41122040072859745,1.300820808016203
624,18754,8,5652,0.41180327868852457,1.3013757065159433
625,18746,8,5660,0.41238615664845174,1.3019310786301077
626,18738,8,5668,0.41296903460837886,1.302486924965311
627,18730,8,5676,0.41355191256830603,1.3030432461292045
628,18722,8,5684,0.41413479052823315,1.3036000427304775
629,18714,8,5692,0.4147176684881603,1.3041573153788608
630,18706,8,5700,0.41530054644808745,1.3047150646851278
631,18698,8,5708,0.41588342440801457,1.3052732912610974
632,18690,8,5716,0.4164663023679417,1.3058319957196363
633,18682,8,5724,0.41704918032786886,1.30639117867466
634,18674,8,5732,0.417632058287796,1.3069508407411374
635,18666,8,5740,0.41821493624772316,1.3075109825350906
636,18658,8,5748,0.4187978142076503,1.3080716046735985
637,18650,8,5756,0.4193806921675774,1.308632707774799
638,18642,8,5764,0.41996357012750457,1.3091942924578908
639,18634,8,5772,0.4205464480874317,1.3097563593431363
640,18626,8,5780,0.4211293260473588,1.310318909051863
641,18618,8,5788,0.421712204007286,1.3108819422064668
642,18610,8,5796,0.4222950819672131,1.3114454594304137
643,18602,8,5804,0.4228779599271403,1.312009461348242
644,18594,8,5812,0.4234608378870674,1.3125739485855652
645,18586,8,5820,0.4240437158469945,1.3131389217690734
646,18578,8,5828,0.4246265938069217,1.3137043815265368
647,18570,8,5836,0.4252094717668488,1.3142703284868067
648,18562,8,5844,0.42579234972677593,1.314836763279819
649,18554,8,5852,0.4263752276867031,1.315403686536596
650,18546,8,5860,0.4269581056466302,1.3159710988892483
651,18538,8,5868,0.4275409836065574,1.3165390009709785
652,18530,8,5876,0.4281238615664845,1.317107393416082
653,18522,8,5884,0.42870673952641164,1.3176762768599504
654,18514,8,5892,0.4292896174863388,1.318245651939073
655,18506,8,5900,0.42987249544626593,1.3188155192910407
656,18498,8,5908,0.43045537340619305,1.3193858795545463
657,18490,8,5916,0.43103825136612023,1.319956733369389
658,18482,8,5924,0.43162112932604735,1.3205280813764744
659,18474,8,5932,0.4322040072859745,1.3210999242178196
660,18466,8,5940,0.43278688524590164,1.3216722625365536
661,18458,8,5948,0.43336976320582876,1.3222450969769206
662,18450,8,5956,0.43395264116575594,1.3228184281842819
663,18442,8,5964,0.43453551912568306,1.3233922568051188
664,18434,8,5972,0.4351183970856102,1.3239665834870349
665,18426,8,5980,0.43570127504553735,1.3245414088787584
666,18418,8,5988,0.43628415300546447,1.3251167336301444
667,18410,8,5996,0.43686703096539165,1.3256925583921781
668,18402,8,6004,0.43744990892531876,1.3262688838169765
669,18394,8,6012,0.4380327868852459,1.3268457105577907
670,18386,8,6020,0.43861566484517306,1.327423039269009
671,18378,8,6028,0.4391985428051002,1.3280008706061595
672,18370,8,6036,0.4397814207650273,1.3285792052259118
673,18362,8,6044,0.4403642987249545,1.32915804378608
674,18354,8,6052,0.4409471766848816,1.3297373869456248
675,18346,8,6060,0.44153005464480877,1.330317235364657
676,18338,8,6068,0.4421129326047359,1.3308975897044388
677,18330,8,6076,0.442695810564663,1.331478450627387
678,18322,8,6084,0.4432786885245902,1.3320598187970745
679,18314,8,6092,0.4438615664845173,1.3326416948782351
680,18306,8,6100,0.4444444444444444,1.3332240795367638
681,18298,8,6108,0.4450273224043716,1.3338069734397202
682,18290,8,6116,0.4456102003642987,1.3343903772553307
683,18282,8,6124,0.4461930783242259,1.334974291652992
684,18274,8,6132,0.446775956284153,1.3355587173032724
685,18266,8,6140,0.44735883424408013,1.3361436548779153
686,18258,8,6148,0.4479417122040073,1.336729105049841
687,18250,8,6156,0.4485245901639344,1.3373150684931507
688,18242,8,6164,0.44910746812386154,1.337901545883127
689,18234,8,6172,0.4496903460837887,1.338488537896238
690,18226,8,6180,0.45027322404371584,1.3390760452101393
691,18218,8,6188,0.450856102003643,1.3396640685036776
692,18210,8,6196,0.45143897996357013,1.3402526084568918
693,18202,8,6204,0.45202185792349725,1.3408416657510163
694,18194,8,6212,0.4526047358834244,1.341431241068484
695,18186,8,6220,0.45318761384335154,1.3420213350929286
696,18178,8,6228,0.45377049180327866,1.342611948509187
697,18170,8,6236,0.45435336976320584,1.343203082003302
698,18162,8,6244,0.45493624772313296,1.3437947362625262
699,18154,8,6252,0.45551912568306013,1.3443869119753222
700,18146,8,6260,0.45610200364298725,1.3449796098313678
701,18138,8,6268,0.45668488160291437,1.3455728305215569
702,18130,8,6276,0.45726775956284155,1.3461665747380034
703,18122,8,6284,0.45785063752276867,1.3467608431740425
704,18114,8,6292,0.4584335154826958,1.3473556365242354
705,18106,8,6300,0.45901639344262296,1.3479509554843698
706,18098,8,6308,0.4595992714025501,1.3485468007514643
707,18090,8,6316,0.46018214936247726,1.34914317302377
708,18082,8,6324,0.4607650273224044,1.3497400730007743
709,18074,8,6332,0.4613479052823315,1.3503375013832024
710,18066,8,6340,0.46193078324225867,1.3509354588730211
711,18058,8,6348,0.4625136612021858,1.351533946173441
712,18050,8,6356,0.4630965391621129,1.3521329639889197
713,18042,8,6364,0.4636794171220401,1.3527325130251635
714,18034,8,6372,0.4642622950819672,1.3533325939891316
715,18026,8,6380,0.4648451730418944,1.353933207589038
716,18018,8,6388,0.4654280510018215,1.3545343545343544
717,18010,8,6396,0.4660109289617486,1.3551360355358135
718,18002,8,6404,0.4665938069216758,1.3557382513054106
719,17994,8,6412,0.4671766848816029,1.3563410025564078
720,17986,8,6420,0.46775956284153003,1.356944290003336
721,17978,8,6428,0.4683424408014572,1.357548114361998
722,17970,8,6436,0.4689253187613843,1.3581524763494714
723,17962,8,6444,0.4695081967213115,1.358757376684111
724,17954,8,6452,0.4700910746812386,1.359362816085552
725,17946,8,6460,0.47067395264116574,1.359968795274713
726,17938,8,6468,0.4712568306010929,1.3605753149737987
727,17930,8,6476,0.47183970856102003,1.3611823759063022
728,17922,8,6484,0.47242258652094715,1.3617899787970094
729,17914,8,6492,0.4730054644808743,1.3623981243719996
730,17906,8,6500,0.47358834244080145,1.3630068133586508
731,17898,8,6508,0.4741712204007286,1.3636160464856408
732,17890,8,6516,0.47475409836065574,1.3642258244829513
733,17882,8,6524,0.47533697632058286,1.36483614808187
734,17874,8,6532,0.47591985428051004,1.3654470180149938
735,17866,8,6540,0.47650273224043715,1.366058435016232
736,17858,8,6548,0.4770856102003643,1.3666703998208085
737,17850,8,6556,0.47766848816029145,1.3672829131652662
738,17842,8,6564,0.47825136612021857,1.3678959757874678
739,17834,8,6572,0.47883424408014574,1.368509588426601
740,17826,8,6580,0.47941712204007286,1.3691237518231796
741,17818,8,6588,0.48,1.3697384667190482
742,17810,8,6596,0.48058287795992716,1.3703537338573835
743,17802,8,6604,0.4811657559198543,1.3709695539826985
744,17794,8,6612,0.4817486338797814,1.3715859278408453
745,17786,8,6620,0.48233151183970857,1.3722028561790172
746,17778,8,6628,0.4829143897996357,1.3728203397457532
747,17770,8,6636,0.48349726775956287,1.3734383792909397
748,17762,8,6644,0.48408014571949,1.3740569755658147
749,17754,8,6652,0.4846630236794171,1.3746761293229695
750,17746,8,6660,0.4852459016393443,1.375295841316353
751,17738,8,6668,0.4858287795992714,1.3759161123012742
752,17730,8,6676,0.4864116575591985,1.376536943034405
753,17722,8,6684,0.4869945355191257,1.377158334273784
754,17714,8,6692,0.4875774134790528,1.377780286778819
755,17706,8,6700,0.48816029143898,1.3784028013102902
756,17698,8,6708,0.4887431693989071,1.3790258786303538
757,17690,8,6716,0.4893260473588342,1.3796495195025438
758,17682,8,6724,0.4899089253187614,1.380273724691777
759,17674,8,6732,0.4904918032786885,1.3808984949643544
760,17666,8,6740,0.49107468123861564,1.3815238310879656
761,17658,8,6748,0.4916575591985428,1.382149733831691
762,17650,8,6756,0.49224043715846993,1.3827762039660056
763,17642,8,6764,0.4928233151183971,1.383403242262782
764,17634,8,6772,0.49340619307832423,1.384030849495293
765,17626,8,6780,0.49398907103825135,1.3846590264382164
766,17618,8,6788,0.4945719489981785,1.3852877738676355
767,17610,8,6796,0.49515482695810564,1.385917092561045
768,17602,8,6804,0.49573770491803276,1.3865469832973525
769,17594,8,6812,0.49632058287795994,1.387177446856883
770,17586,8,6820,0.49690346083788706,1.3878084840213807
771,17578,8,6828,0.49748633879781423,1.388440095574013
772,17570,8,6836,0.49806921675774135,1.389072282299374
773,17562,8,6844,0.49865209471766847,1.3897050449834871
774,17554,8,6852,0.49923497267759565,1.3903383844138089
775,17546,8,6860,0.49981785063752276,1.3909723013792317
776,17538,8,6868,0.5004007285974499,1.3916067966700878
777,17530,8,6876,0.5009836065573771,1.3922418710781517
778,17522,8,6884,0.5015664845173042,1.3928775253966441
779,17514,8,6892,0.5021493624772313,1.3935137604202352
780,17506,8,6900,0.5027322404371585,1.3941505769450475
781,17498,8,6908,0.5033151183970856,1.3947879757686592
782,17491,7,6915,0.5038251366120219,1.3953461780344176
783,17484,7,6922,0.5043351548269581,1.3959048272706474
784,17477,7,6929,0.5048451730418944,1.396463924014419
785,17470,7,6936,0.5053551912568306,1.3970234688036633
786,17463,7,6943,0.5058652094717668,1.3975834621771746
787,17456,7,6950,0.5063752276867031,1.3981439046746105
788,17449,7,6957,0.5068852459016393,1.398704796836495
789,17442,7,6964,0.5073952641165755,1.3992661392042196
790,17435,7,6971,0.5079052823315119,1.399827932320046
791,17428,7,6978,0.5084153005464481,1.4003901767271059
792,17421,7,6985,0.5089253187613844,1.4009528729694047
793,17414,7,6992,0.5094353369763206,1.4015160215918228
794,17407,7,6999,0.5099453551912568,1.402079623140116
795,17400,7,7006,0.5104553734061931,1.4026436781609195
796,17393,7,7013,0.5109653916211293,1.403208187201748
797,17386,7,7020,0.5114754098360655,1.4037731508109974
798,17379,7,7027,0.5119854280510018,1.404338569537948
799,17372,7,7034,0.512495446265938,1.4049044439327654
800,17365,7,7041,0.5130054644808744,1.4054707745465016
801,17358,7,7048,0.5135154826958106,1.406037561931098
802,17351,7,7055,0.5140255009107468,1.4066048066393868
803,17344,7,7062,0.5145355191256831,1.4071725092250922
804,17337,7,7069,0.5150455373406193,1.4077406702428332
805,17330,7,7076,0.5155555555555555,1.4083092902481247
806,17323,7,7083,0.5160655737704918,1.4088783697973792
807,17316,7,7090,0.516575591985428,1.4094479094479095
808,17309,7,7097,0.5170856102003643,1.4100179097579295
809,17302,7,7104,0.5175956284153006,1.4105883712865566
810,17295,7,7111,0.5181056466302368,1.4111592945938132
811,17288,7,7118,0.5186156648451731,1.4117306802406293
812,17281,7,7125,0.5191256830601093,1.4123025287888433
813,17274,7,7132,0.5196357012750455,1.4128748408012042
814,17267,7,7139,0.5201457194899818,1.4134476168413737
815,17260,7,7146,0.520655737704918,1.4140208574739281
816,17253,7,7153,0.5211657559198543,1.4145945632643597
817,17246,7,7160,0.5216757741347905,1.4151687347790791
818,17239,7,7167,0.5221857923497267,1.4157433725854167
819,17232,7,7174,0.5226958105646631,1.4163184772516249
820,17225,7,7181,0.5232058287795993,1.4168940493468796
821,17218,7,7188,0.5237158469945355,1.4174700894412824
822,17211,7,7195,0.5242258652094718,1.4180465981058625
823,17204,7,7202,0.524735883424408,1.4186235759125785
824,17197,7,7209,0.5252459016393443,1.41920102343432
825,17190,7,7216,0.5257559198542805,1.4197789412449098
826,17183,7,7223,0.5262659380692167,1.4203573299191061
827,17176,7,7230,0.526775956284153,1.4209361900326036
828,17169,7,7237,0.5272859744990892,1.4215155221620361
829,17162,7,7244,0.5277959927140256,1.4220953268849785
830,17155,7,7251,0.5283060109289618,1.4226756047799476
831,17148,7,7258,0.528816029143898,1.4232563564264054
832,17141,7,7265,0.5293260473588343,1.4238375824047604
833,17134,7,7272,0.5298360655737705,1.4244192832963698
834,17127,7,7279,0.5303460837887067,1.4250014596835405
835,17120,7,7286,0.530856102003643,1.4255841121495327
836,17113,7,7293,0.5313661202185792,1.4261672412785602
837,17106,7,7300,0.5318761384335154,1.4267508476557933
838,17099,7,7307,0.5323861566484517,1.4273349318673607
839,17092,7,7314,0.532896174863388,1.427919494500351
840,17085,7,7321,0.5334061930783243,1.4285045361428153
841,17078,7,7328,0.5339162112932605,1.4290900573837686
842,17071,7,7335,0.5344262295081967,1.429676058813192
843,17064,7,7342,0.534936247723133,1.4302625410220347
844,17057,7,7349,0.5354462659380692,1.430849504602216
845,17050,7,7356,0.5359562841530054,1.4314369501466275
846,17043,7,7363,0.5364663023679417,1.4320248782491345
847,17036,7,7370,0.5369763205828779,1.4326132895045784
848,17029,7,7377,0.5374863387978142,1.4332021845087792
849,17022,7,7384,0.5379963570127505,1.4337915638585361
850,17015,7,7391,0.5385063752276867,1.434381428151631
851,17008,7,7398,0.539016393442623,1.4349717779868296
852,17001,7,7405,0.5395264116575592,1.4355626139638844
853,16994,7,7412,0.5400364298724954,1.4361539366835354
854,16987,7,7419,0.5405464480874317,1.4367457467475129
855,16980,7,7426,0.5410564663023679,1.4373380447585395
856,16973,7,7433,0.5415664845173042,1.4379308313203323
857,16966,7,7440,0.5420765027322404,1.4385241070376047
858,16959,7,7447,0.5425865209471766,1.4391178725160683
859,16952,7,7454,0.543096539162113,1.439712128362435
860,16945,7,7461,0.5436065573770492,1.4403068751844201
861,16938,7,7468,0.5441165755919855,1.4409021135907427
862,16931,7,7475,0.5446265938069217,1.4414978441911288
863,16924,7,7482,0.5451366120218579,1.442094067596313
864,16917,7,7489,0.5456466302367942,1.442690784418041
865,16910,7,7496,0.5461566484517304,1.4432879952690716
866,16903,7,7503,0.5466666666666666,1.4438857007631782
867,16896,7,7510,0.5471766848816029,1.4444839015151516
868,16889,7,7517,0.5476867030965391,1.4450825981408018
869,16882,7,7524,0.5481967213114755,1.4456817912569602
870,16875,7,7531,0.5487067395264117,1.4462814814814815
871,16868,7,7538,0.5492167577413479,1.4468816694332465
872,16861,7,7545,0.5497267759562842,1.447482355732163
873,16854,7,7552,0.5502367941712204,1.4480835409991692
874,16847,7,7559,0.5507468123861566,1.4486852258562355
875,16840,7,7566,0.5512568306010929,1.4492874109263658
876,16833,7,7573,0.5517668488160291,1.4498900968336006
877,16826,7,7580,0.5522768670309653,1.4504932842030192
878,16819,7,7587,0.5527868852459017,1.4510969736607409
879,16812,7,7594,0.5532969034608379,1.451701165833928
880,16805,7,7601,0.5538069216757742,1.4523058613507884
881,16798,7,7608,0.5543169398907104,1.4529110608405762
882,16791,7,7615,0.5548269581056466,1.4535167649335954
883,16784,7,7622,0.5553369763205829,1.4541229742612012
884,16777,7,7629,0.5558469945355191,1.4547296894558026
885,16770,7,7636,0.5563570127504553,1.4553369111508647
886,16763,7,7643,0.5568670309653916,1.4559446399809104
887,16756,7,7650,0.5573770491803278,1.456552876581523
888,16749,7,7657,0.5578870673952642,1.4571616215893486
889,16742,7,7664,0.5583970856102004,1.4577708756420977
890,16735,7,7671,0.5589071038251366,1.458380639378548
891,16728,7,7678,0.5594171220400729,1.4589909134385461
892,16721,7,7685,0.5599271402550091,1.4596016984630107
893,16714,7,7692,0.5604371584699454,1.4602129950939333
894,16707,7,7699,0.5609471766848816,1.460824803974382
895,16700,7,7706,0.5614571948998178,1.461437125748503
896,16693,7,7713,0.5619672131147541,1.4620499610615227
897,16686,7,7720,0.5624772313296903,1.4626633105597506
898,16679,7,7727,0.5629872495446266,1.463277174890581
899,16672,7,7734,0.5634972677595629,1.463891554702495
900,16665,7,7741,0.5640072859744991,1.4645064506450645
901,16658,7,7748,0.5645173041894354,1.4651218633689518
902,16651,7,7755,0.5650273224043716,1.4657377935259144
903,16644,7,7762,0.5655373406193078,1.4663542417688056
904,16637,7,7769,0.5660473588342441,1.4669712087515778
905,16630,7,7776,0.5665573770491803,1.4675886951292845
906,16623,7,7783,0.5670673952641165,1.4682067015580822
907,16616,7,7790,0.5675774134790528,1.4688252286952335
908,16609,7,7797,0.5680874316939891,1.469444277199109
909,16602,7,7804,0.5685974499089254,1.4700638477291892
910,16595,7,7811,0.5691074681238616,1.4706839409460681
911,16588,7,7818,0.5696174863387978,1.471304557511454
912,16581,7,7825,0.5701275045537341,1.4719256980881732
913,16574,7,7832,0.5706375227686703,1.4725473633401713
914,16567,7,7839,0.5711475409836065,1.4731695539325165
915,16560,7,7846,0.5716575591985428,1.473792270531401
916,16553,7,7853,0.572167577413479,1.4744155138041444
917,16546,7,7860,0.5726775956284152,1.475039284419195
918,16539,7,7867,0.5731876138433516,1.4756635830461333
919,16532,7,7874,0.5736976320582878,1.476288410355674
920,16525,7,7881,0.5742076502732241,1.4769137670196673
921,16518,7,7888,0.5747176684881603,1.477539653711103
922,16511,7,7895,0.5752276867030965,1.4781660711041125
923,16504,7,7902,0.5757377049180328,1.47879301987397
924,16497,7,7909,0.576247723132969,1.4794205006970964
925,16490,7,7916,0.5767577413479053,1.4800485142510613
926,16483,7,7923,0.5772677595628415,1.4806770612145848
927,16476,7,7930,0.5777777777777777,1.4813061422675406
928,16469,7,7937,0.5782877959927141,1.4819357580909587
929,16462,7,7944,0.5787978142076503,1.4825659093670271
930,16455,7,7951,0.5793078324225865,1.4831965967790945
931,16448,7,7958,0.5798178506375228,1.483827821011673
932,16441,7,7965,0.580327868852459,1.484459582750441
933,16434,7,7972,0.5808378870673953,1.4850918826822441
934,16427,7,7979,0.5813479052823315,1.4857247214950995
935,16420,7,7986,0.5818579234972677,1.4863580998781973
936,16413,7,7993,0.582367941712204,1.4869920185219034
937,16406,7,8000,0.5828779599271403,1.4876264781177617
938,16399,7,8007,0.5833879781420765,1.4882614793584974
939,16392,7,8014,0.5838979963570128,1.4888970229380185
940,16385,7,8021,0.584408014571949,1.489533109551419
941,16378,7,8028,0.5849180327868853,1.4901697398949811
942,16371,7,8035,0.5854280510018215,1.490806914666178
943,16364,7,8042,0.5859380692167577,1.4914446345636763
944,16357,7,8049,0.586448087431694,1.4920829002873388
945,16350,7,8056,0.5869581056466302,1.4927217125382264
946,16343,7,8063,0.5874681238615664,1.4933610720186012
947,16336,7,8070,0.5879781420765028,1.4940009794319296
948,16329,7,8077,0.588488160291439,1.4946414354828832
949,16322,7,8084,0.5889981785063753,1.4952824408773435
950,16315,7,8091,0.5895081967213115,1.4959239963224027
951,16308,7,8098,0.5900182149362477,1.4965661025263675
952,16301,7,8105,0.590528233151184,1.4972087601987607
953,16294,7,8112,0.5910382513661202,1.4978519700503252
954,16287,7,8119,0.5915482695810564,1.498495732793025
955,16280,7,8126,0.5920582877959927,1.499140049140049
956,16273,7,8133,0.5925683060109289,1.4997849198058133
957,16266,7,8140,0.5930783242258653,1.5004303455059633
958,16259,7,8147,0.5935883424408015,1.5010763269573775
959,16252,7,8154,0.5940983606557377,1.5017228648781689
960,16245,7,8161,0.594608378870674,1.5023699599876885
961,16238,7,8168,0.5951183970856102,1.5030176130065278
962,16231,7,8175,0.5956284153005464,1.5036658246565215
963,16224,7,8182,0.5961384335154827,1.5043145956607495
964,16217,7,8189,0.5966484517304189,1.5049639267435406
965,16210,7,8196,0.5971584699453552,1.505613818630475
966,16203,7,8203,0.5976684881602914,1.506264272048386
967,16196,7,8210,0.5981785063752277,1.5069152877253642
968,16189,7,8217,0.598688524590164,1.507566866390759
969,16182,7,8224,0.5991985428051002,1.5082190087751823
970,16175,7,8231,0.5997085610200364,1.50887171561051
971,16168,7,8238,0.6002185792349727,1.5095249876298862
972,16161,7,8245,0.6007285974499089,1.5101788255677249
973,16154,7,8252,0.6012386156648452,1.5108332301597127
974,16147,7,8259,0.6017486338797814,1.5114882021428129
975,16140,7,8266,0.6022586520947176,1.5121437422552664
976,16133,7,8273,0.6027686703096539,1.5127998512365959
977,16126,7,8280,0.6032786885245902,1.5134565298276077
978,16119,7,8287,0.6037887067395264,1.514113778770395
979,16112,7,8294,0.6042987249544627,1.5147715988083417
980,16105,7,8301,0.6048087431693989,1.5154299906861224
981,16098,7,8308,0.6053187613843352,1.516088955149708
982,16091,7,8315,0.6058287795992714,1.5167484929463675
983,16084,7,8322,0.6063387978142076,1.5174086048246704
984,16077,7,8329,0.6068488160291439,1.5180692915344902
985,16070,7,8336,0.6073588342440801,1.5187305538270068
986,16063,7,8343,0.6078688524590163,1.5193923924547095
987,16056,7,8350,0.6083788706739527,1.5200548081714
988,16049,7,8357,0.6088888888888889,1.5207178017321952
989,16042,7,8364,0.6093989071038252,1.5213813738935296
990,16035,7,8371,0.6099089253187614,1.5220455254131586
991,16028,7,8378,0.6104189435336976,1.5227102570501623
992,16021,7,8385,0.6109289617486339,1.523375569564946
993,16014,7,8392,0.6114389799635701,1.5240414637192456
994,16007,7,8399,0.6119489981785063,1.5247079402761292
995,16000,7,8406,0.6124590163934426,1.525375
996,15993,7,8413,0.6129690346083788,1.5260426436565997
997,15986,7,8420,0.6134790528233152,1.5267108720130114
998,15979,7,8427,0.6139890710382514,1.527379685837662
999,15972,7,8434,0.6144990892531876,1.5280490859003255
1000,15965,7,8441,0.6150091074681239,1.5287190729721265
1001,15958,7,8448,0.6155191256830601,1.529389647825542
1002,15951,7,8455,0.6160291438979963,1.5300608112344054
1003,15944,7,8462,0.6165391621129326,1.5307325639739087
1004,15937,7,8469,0.6170491803278688,1.5314049068206061
1005,15930,7,8476,0.617559198542805,1.532077840552417
1006,15923,7,8483,0.6180692167577414,1.5327513659486278
1007,15916,7,8490,0.6185792349726776,1.5334254837898968
1008,15909,7,8497,0.6190892531876139,1.5341001948582564
1009,15902,7,8504,0.6195992714025501,1.5347754999371148
1010,15895,7,8511,0.6201092896174863,1.5354513998112613
1011,15888,7,8518,0.6206193078324226,1.536127895266868
1012,15881,7,8525,0.6211293260473588,1.536804987091493
1013,15874,7,8532,0.6216393442622951,1.5374826760740834
1014,15867,7,8539,0.6221493624772313,1.5381609630049788
1015,15860,7,8546,0.6226593806921675,1.5388398486759143
1016,15853,7,8553,0.6231693989071039,1.5395193338800226
1017,15846,7,8560,0.6236794171220401,1.540199419411839
1018,15839,7,8567,0.6241894353369764,1.5408801060673023
1019,15832,7,8574,0.6246994535519126,1.5415613946437594
1020,15825,7,8581,0.6252094717668488,1.5422432859399684
1021,15818,7,8588,0.6257194899817851,1.5429257807561005
1022,15811,7,8595,0.6262295081967213,1.5436088798937448
1023,15804,7,8602,0.6267395264116575,1.5442925841559099
1024,15797,7,8609,0.6272495446265938,1.544976894347028
1025,15790,7,8616,0.62775956284153,1.5456618112729577
1026,15783,7,8623,0.6282695810564664,1.5463473357409872
1027,15776,7,8630,0.6287795992714026,1.5470334685598377
1028,15769,7,8637,0.6292896174863388,1.5477202105396664
1029,15762,7,8644,0.6297996357012751,1.5484075624920695
1030,15755,7,8651,0.6303096539162113,1.5490955252300858
1031,15748,7,8658,0.6308196721311475,1.549784099568199
1032,15741,7,8665,0.6313296903460838,1.550473286322343
1033,15734,7,8672,0.63183970856102,1.5511630863099022
1034,15727,7,8679,0.6323497267759562,1.5518535003497171
1035,15720,7,8686,0.6328597449908925,1.5525445292620865
1036,15713,7,8693,0.6333697632058288,1.553236173868771
1037,15706,7,8700,0.6338797814207651,1.5539284349929963
1038,15699,7,8707,0.6343897996357013,1.554621313459456
1039,15692,7,8714,0.6348998178506375,1.5553148100943155
1040,15685,7,8721,0.6354098360655738,1.5560089257252152
1041,15678,7,8728,0.63591985428051,1.556703661181273
1042,15671,7,8735,0.6364298724954462,1.5573990172930892
1043,15664,7,8742,0.6369398907103825,1.5580949948927476
1044,15657,7,8749,0.6374499089253187,1.5587915948138213
1045,15650,7,8756,0.637959927140255,1.5594888178913737
1046,15643,7,8763,0.6384699453551913,1.5601866649619638
1047,15636,7,8770,0.6389799635701275,1.560885136863648
1048,15629,7,8777,0.6394899817850638,1.5615842344359845
1049,15622,7,8784,0.64,1.5622839585200359
1050,15615,7,8791,0.6405100182149362,1.5629843099583733
1051,15608,7,8798,0.6410200364298725,1.5636852895950795
1052,15601,7,8805,0.6415300546448087,1.5643868982757516
1053,15594,7,8812,0.642040072859745,1.5650891368475055
1054,15587,7,8819,0.6425500910746812,1.5657920061589787
1055,15580,7,8826,0.6430601092896174,1.5664955070603337
1056,15573,7,8833,0.6435701275045538,1.567199640403262
1057,15566,7,8840,0.64408014571949,1.5679044070409867
1058,15559,7,8847,0.6445901639344263,1.5686098078282666
1059,15552,7,8854,0.6451001821493625,1.5693158436213992
1060,15545,7,8861,0.6456102003642987,1.5700225152782246
1061,15538,7,8868,0.646120218579235,1.5707298236581284
1062,15531,7,8875,0.6466302367941712,1.5714377696220463
1063,15524,7,8882,0.6471402550091074,1.5721463540324658
1064,15517,7,8889,0.6476502732240437,1.5728555777534317
1065,15510,7,8896,0.64816029143898,1.573565441650548
1066,15503,7,8903,0.6486703096539163,1.5742759465909824
1067,15496,7,8910,0.6491803278688525,1.5749870934434693
1068,15489,7,8917,0.6496903460837887,1.5756988830783136
1069,15482,7,8924,0.650200364298725,1.5764113163673943
1070,15475,7,8931,0.6507103825136612,1.577124394184168
1071,15468,7,8938,0.6512204007285974,1.5778381174036722
1072,15461,7,8945,0.6517304189435337,1.578552486902529
1073,15454,7,8952,0.6522404371584699,1.5792675035589492
1074,15447,7,8959,0.6527504553734061,1.5799831682527352
1075,15440,7,8966,0.6532604735883425,1.580699481865285
1076,15433,7,8973,0.6537704918032787,1.5814164452795956
1077,15426,7,8980,0.654280510018215,1.582134059380267
1078,15419,7,8987,0.6547905282331512,1.5828523250535054
1079,15412,7,8994,0.6553005464480874,1.583571243187127
1080,15405,7,9001,0.6558105646630237,1.5842908146705614
1081,15398,7,9008,0.6563205828779599,1.5850110403948565
1082,15391,7,9015,0.6568306010928961,1.5857319212526801
1083,15384,7,9022,0.6573406193078324,1.5864534581383256
1084,15377,7,9029,0.6578506375227686,1.587175651947714
1085,15370,7,9036,0.658360655737705,1.5878985035783995
1086,15363,7,9043,0.6588706739526412,1.588622013929571
1087,15356,7,9050,0.6593806921675774,1.5893461839020577
1088,15349,7,9057,0.6598907103825137,1.590071014398332
1089,15342,7,9064,0.6604007285974499,1.5907965063225133
1090,15335,7,9071,0.6609107468123862,1.5915226605803716
1091,15328,7,9078,0.6614207650273224,1.592249478079332
1092,15321,7,9085,0.6619307832422586,1.5929769597284773
1093,15314,7,9092,0.6624408014571949,1.593705106438553
1094,15307,7,9099,0.6629508196721311,1.5944339191219703
1095,15300,7,9106,0.6634608378870674,1.5951633986928104
1096,15293,7,9113,0.6639708561020037,1.595893546066828
1097,15286,7,9120,0.6644808743169399,1.5966243621614549
1098,15279,7,9127,0.6649908925318762,1.5973558478958048
1099,15272,7,9134,0.6655009107468124,1.5980880041906758
1100,15265,7,9141,0.6660109289617486,1.5988208319685555
1101,15258,7,9148,0.6665209471766849,1.5995543321536243
1102,15251,7,9155,0.6670309653916211,1.6002885056717593
1103,15244,7,9162,0.6675409836065573,1.6010233534505378
1104,15237,7,9169,0.6680510018214936,1.6017588764192425
1105,15230,7,9176,0.6685610200364299,1.602495075508864
1106,15223,7,9183,0.6690710382513662,1.6032319516521054
1107,15216,7,9190,0.6695810564663024,1.6039695057833858
1108,15209,7,9197,0.6700910746812386,1.6047077388388453
1109,15202,7,9204,0.6706010928961749,1.605446651756348
1110,15195,7,9211,0.6711111111111111,1.6061862454754854
1111,15188,7,9218,0.6716211293260473,1.6069265209375823
1112,15181,7,9225,0.6721311475409836,1.6076674790856993
1113,15174,7,9232,0.6726411657559198,1.608409120864637
1114,15167,7,9239,0.673151183970856,1.6091514472209403
1115,15160,7,9246,0.6736612021857924,1.6098944591029023
1116,15153,7,9253,0.6741712204007286,1.6106381574605688
1117,15146,7,9260,0.6746812386156649,1.6113825432457414
1118,15139,7,9267,0.6751912568306011,1.6121276174119823
1119,15132,7,9274,0.6757012750455373,1.612873380914618
1120,15125,7,9281,0.6762112932604736,1.6136198347107438
1121,15118,7,9288,0.6767213114754098,1.6143669797592275
1122,15111,7,9295,0.677231329690346,1.6151148170207135
1123,15104,7,9302,0.6777413479052823,1.6158633474576272
1124,15097,7,9309,0.6782513661202185,1.616612572034179
1125,15090,7,9316,0.6787613843351549,1.6173624917163685
1126,15083,7,9323,0.6792714025500911,1.6181131074719883
1127,15076,7,9330,0.6797814207650273,1.6188644202706288
1128,15069,7,9337,0.6802914389799636,1.6196164310836818
1129,15062,7,9344,0.6808014571948998,1.6203691408843448
1130,15055,7,9351,0.681311475409836,1.6211225506476254
1131,15048,7,9358,0.6818214936247723,1.6218766613503455
1132,15041,7,9365,0.6823315118397085,1.6226314739711456
1133,15034,7,9372,0.6828415300546448,1.6233869894904882
1134,15027,7,9379,0.6833515482695811,1.6241432088906635
1135,15020,7,9386,0.6838615664845173,1.6249001331557922
1136,15013,7,9393,0.6843715846994536,1.625657763271831
1137,15006,7,9400,0.6848816029143898,1.626416100226576
1138,14999,7,9407,0.6853916211293261,1.6271751450096672
1139,14993,6,9413,0.6858287795992714,1.6278263189488429
1140,14987,6,9419,0.6862659380692168,1.6284780142790418
1141,14981,6,9425,0.6867030965391621,1.629130231626727
1142,14975,6,9431,0.6871402550091075,1.6297829716193657
1143,14969,6,9437,0.6875774134790528,1.63043623488543
1144,14963,6,9443,0.6880145719489982,1.631090022054401
1145,14957,6,9449,0.6884517304189436,1.6317443337567694
1146,14951,6,9455,0.6888888888888889,1.6323991706240386
1147,14945,6,9461,0.6893260473588343,1.6330545332887254
1148,14939,6,9467,0.6897632058287796,1.633710422384363
1149,14933,6,9473,0.690200364298725,1.6343668385455032
1150,14927,6,9479,0.6906375227686703,1.6350237824077176
1151,14921,6,9485,0.6910746812386157,1.6356812546076
1152,14915,6,9491,0.691511839708561,1.636339255782769
1153,14909,6,9497,0.6919489981785064,1.6369977865718695
1154,14903,6,9503,0.6923861566484517,1.6376568476145743
1155,14897,6,9509,0.6928233151183971,1.6383164395515877
1156,14891,6,9515,0.6932604735883424,1.6389765630246458
1157,14885,6,9521,0.6936976320582878,1.63963721867652
1158,14879,6,9527,0.6941347905282331,1.6402984071510183
1159,14873,6,9533,0.6945719489981785,1.6409601290929874
1160,14867,6,9539,0.6950091074681238,1.6416223851483152
1161,14861,6,9545,0.6954462659380692,1.6422851759639325
1162,14855,6,9551,0.6958834244080145,1.6429485021878156
1163,14849,6,9557,0.69632058287796,1.6436123644689877
1164,14843,6,9563,0.6967577413479052,1.6442767634575222
1165,14837,6,9569,0.6971948998178507,1.6449416998045427
1166,14831,6,9575,0.697632058287796,1.6456071741622278
1167,14825,6,9581,0.6980692167577414,1.6462731871838112
1168,14819,6,9587,0.6985063752276867,1.6469397395235845
1169,14813,6,9593,0.6989435336976321,1.6476068318369
1170,14807,6,9599,0.6993806921675774,1.6482744647801715
1171,14801,6,9605,0.6998178506375228,1.6489426390108777
1172,14795,6,9611,0.7002550091074681,1.6496113551875633
1173,14789,6,9617,0.7006921675774135,1.6502806139698425
1174,14783,6,9623,0.7011293260473588,1.6509504160183994
1175,14777,6,9629,0.7015664845173042,1.6516207619949923
1176,14771,6,9635,0.7020036429872496,1.6522916525624534
1177,14765,6,9641,0.7024408014571949,1.6529630883846935
1178,14759,6,9647,0.7028779599271403,1.6536350701267024
1179,14753,6,9653,0.7033151183970856,1.6543075984545517
1180,14747,6,9659,0.703752276867031,1.654980674035397
1181,14741,6,9665,0.7041894353369763,1.6556542975374804
1182,14735,6,9671,0.7046265938069217,1.6563284696301324
1183,14729,6,9677,0.705063752276867,1.6570031909837735
1184,14723,6,9683,0.7055009107468124,1.6576784622699179
1185,14717,6,9689,0.7059380692167577,1.6583542841611743
1186,14711,6,9695,0.7063752276867031,1.6590306573312488
1187,14705,6,9701,0.7068123861566484,1.6597075824549472
1188,14699,6,9707,0.7072495446265938,1.6603850602081773
1189,14693,6,9713,0.7076867030965391,1.6610630912679507
1190,14687,6,9719,0.7081238615664845,1.6617416763123851
1191,14681,6,9725,0.7085610200364298,1.662420816020707
1192,14675,6,9731,0.7089981785063753,1.6631005110732537
1193,14669,6,9737,0.7094353369763206,1.663780762151476
1194,14663,6,9743,0.709872495446266,1.664461569937939
1195,14657,6,9749,0.7103096539162113,1.6651429351163267
1196,14651,6,9755,0.7107468123861567,1.6658248583714421
1197,14645,6,9761,0.711183970856102,1.6665073403892114
1198,14639,6,9767,0.7116211293260474,1.6671903818566842
1199,14633,6,9773,0.7120582877959927,1.667873983462038
1200,14627,6,9779,0.7124954462659381,1.6685581458945786
1201,14621,6,9785,0.7129326047358834,1.669242869844744
1202,14615,6,9791,0.7133697632058288,1.6699281560041053
1203,14609,6,9797,0.7138069216757741,1.6706140050653706
1204,14603,6,9803,0.7142440801457195,1.6713004177223858
1205,14597,6,9809,0.7146812386156648,1.6719873946701378
1206,14591,6,9815,0.7151183970856102,1.6726749366047564
1207,14585,6,9821,0.7155555555555555,1.6733630442235172
1208,14579,6,9827,0.7159927140255009,1.674051718224844
1209,14573,6,9833,0.7164298724954463,1.6747409593083098
1210,14567,6,9839,0.7168670309653916,1.6754307681746412
1211,14561,6,9845,0.717304189435337,1.6761211455257194
1212,14555,6,9851,0.7177413479052823,1.6768120920645826
1213,14549,6,9857,0.7181785063752277,1.6775036084954293
1214,14543,6,9863,0.718615664845173,1.6781956955236197
1215,14537,6,9869,0.7190528233151184,1.6788883538556787
1216,14531,6,9875,0.7194899817850637,1.679581584199298
1217,14525,6,9881,0.7199271402550091,1.6802753872633391
1218,14519,6,9887,0.7203642987249544,1.6809697637578345
1219,14513,6,9893,0.7208014571948999,1.6816647143939916
1220,14507,6,9899,0.7212386156648452,1.682360239884194
1221,14501,6,9905,0.7216757741347906,1.683056340942004
1222,14495,6,9911,0.7221129326047359,1.6837530182821663
1223,14489,6,9917,0.7225500910746813,1.6844502726206088
1224,14483,6,9923,0.7229872495446266,1.6851481046744459
1225,14477,6,9929,0.723424408014572,1.685846515161981
1226,14471,6,9935,0.7238615664845173,1.686545504802709
1227,14465,6,9941,0.7242987249544627,1.6872450743173177
1228,14459,6,9947,0.724735883424408,1.687945224427692
1229,14453,6,9953,0.7251730418943534,1.6886459558569156
1230,14447,6,9959,0.7256102003642987,1.6893472693292726
1231,14441,6,9965,0.7260473588342441,1.6900491655702514
1232,14435,6,9971,0.7264845173041894,1.6907516453065465
1233,14429,6,9977,0.7269216757741348,1.6914547092660615
1234,14423,6,9983,0.7273588342440801,1.6921583581779103
1235,14417,6,9989,0.7277959927140255,1.6928625927724215
1236,14411,6,9995,0.7282331511839708,1.6935674137811394
1237,14405,6,10001,0.7286703096539162,1.6942728219368275
1238,14399,6,10007,0.7291074681238615,1.6949788179734704
1239,14393,6,10013,0.7295446265938069,1.6956854026262766
1240,14387,6,10019,0.7299817850637523,1.6963925766316814
1241,14381,6,10025,0.7304189435336976,1.6971003407273486
1242,14375,6,10031,0.730856102003643,1.6978086956521738
1243,14369,6,10037,0.7312932604735883,1.698517642146287
1244,14363,6,10043,0.7317304189435337,1.6992271809510548
1245,14357,6,10049,0.732167577413479,1.6999373128090827
1246,14351,6,10055,0.7326047358834245,1.7006480384642184
1247,14345,6,10061,0.7330418943533697,1.7013593586615545
1248,14339,6,10067,0.7334790528233152,1.70207127414743
1249,14333,6,10073,0.7339162112932605,1.7027837856694341
1250,14327,6,10079,0.7343533697632059,1.7034968939764081
1251,14321,6,10085,0.7347905282331512,1.7042105998184485
1252,14315,6,10091,0.7352276867030966,1.7049249039469088
1253,14309,6,10097,0.7356648451730419,1.7056398071144034
1254,14303,6,10103,0.7361020036429873,1.7063553100748095
1255,14297,6,10109,0.7365391621129326,1.7070714135832692
1256,14291,6,10115,0.736976320582878,1.7077881183961934
1257,14285,6,10121,0.7374134790528233,1.7085054252712635
1258,14279,6,10127,0.7378506375227687,1.7092233349674346
1259,14273,6,10133,0.738287795992714,1.709941848244938
1260,14267,6,10139,0.7387249544626594,1.7106609658652836
1261,14261,6,10145,0.7391621129326047,1.7113806885912628
1262,14255,6,10151,0.7395992714025501,1.712101017186952
1263,14249,6,10157,0.7400364298724954,1.7128219524177135
1264,14243,6,10163,0.7404735883424408,1.7135434950502002
1265,14237,6,10169,0.7409107468123861,1.7142656458523566
1266,14231,6,10175,0.7413479052823315,1.7149884055934228
1267,14225,6,10181,0.7417850637522768,1.7157117750439368
1268,14219,6,10187,0.7422222222222222,1.7164357549757367
1269,14213,6,10193,0.7426593806921675,1.7171603461619644
1270,14207,6,10199,0.7430965391621129,1.7178855493770677
1271,14201,6,10205,0.7435336976320582,1.7186113653968031
1272,14195,6,10211,0.7439708561020036,1.719337794998239
1273,14189,6,10217,0.744408014571949,1.7200648389597575
1274,14183,6,10223,0.7448451730418943,1.720792498061059
1275,14177,6,10229,0.7452823315118398,1.7215207730831628
1276,14171,6,10235,0.745719489981785,1.7222496648084116
1277,14165,6,10241,0.7461566484517305,1.722979174020473
1278,14159,6,10247,0.7465938069216758,1.7237093015043434
1279,14153,6,10253,0.7470309653916212,1.7244400480463506
1280,14147,6,10259,0.7474681238615665,1.7251714144341557
1281,14141,6,10265,0.7479052823315119,1.725903401456757
1282,14135,6,10271,0.7483424408014572,1.7266360099044924
1283,14129,6,10277,0.7487795992714026,1.7273692405690424
1284,14123,6,10283,0.7492167577413479,1.7281030942434328
1285,14117,6,10289,0.7496539162112933,1.7288375717220372
1286,14111,6,10295,0.7500910746812386,1.7295726738005812
1287,14105,6,10301,0.750528233151184,1.7303084012761432
1288,14099,6,10307,0.7509653916211293,1.7310447549471595
1289,14093,6,10313,0.7514025500910747,1.731781735613425
1290,14087,6,10319,0.75183970856102,1.7325193440760984
1291,14081,6,10325,0.7522768670309654,1.7332575811377033
1292,14075,6,10331,0.7527140255009107,1.7339964476021315
1293,14069,6,10337,0.7531511839708561,1.7347359442746464
1294,14063,6,10343,0.7535883424408014,1.7354760719618858
1295,14057,6,10349,0.7540255009107468,1.7362168314718645
1296,14051,6,10355,0.7544626593806921,1.7369582236139776
1297,14045,6,10361,0.7548998178506375,1.7377002491990032
1298,14039,6,10367,0.7553369763205828,1.7384429090391054
1299,14033,6,10373,0.7557741347905282,1.7391862039478372
1300,14027,6,10379,0.7562112932604735,1.739930134740144
1301,14021,6,10385,0.756648451730419,1.7406747022323656
1302,14015,6,10391,0.7570856102003642,1.7414199072422405
1303,14009,6,10397,0.7575227686703097,1.7421657505889072
1304,14003,6,10403,0.7579599271402551,1.7429122330929088
1305,13997,6,10409,0.7583970856102004,1.743659355576195
1306,13991,6,10415,0.7588342440801458,1.7444071188621257
1307,13985,6,10421,0.7592714025500911,1.7451555237754737
1308,13979,6,10427,0.7597085610200365,1.745904571142428
1309,13973,6,10433,0.7601457194899818,1.7466542617905962
1310,13967,6,10439,0.7605828779599272,1.7474045965490084
1311,13961,6,10445,0.7610200364298725,1.7481555762481198
1312,13955,6,10451,0.7614571948998179,1.7489072017198137
1313,13949,6,10457,0.7618943533697632,1.749659473797405
1314,13943,6,10463,0.7623315118397086,1.7504123933156424
1315,13937,6,10469,0.7627686703096539,1.7511659611107124
1316,13931,6,10475,0.7632058287795993,1.7519201780202427
1317,13925,6,10481,0.7636429872495446,1.7526750448833035
1318,13919,6,10487,0.76408014571949,1.7534305625404123
1319,13913,6,10493,0.7645173041894353,1.754186731833537
1320,13907,6,10499,0.7649544626593807,1.7549435536060976
1321,13901,6,10505,0.765391621129326,1.755701028702971
1322,13895,6,10511,0.7658287795992714,1.756459157970493
1323,13889,6,10517,0.7662659380692167,1.757217942256462
1324,13883,6,10523,0.7667030965391621,1.757977382410142
1325,13877,6,10529,0.7671402550091074,1.7587374792822656
1326,13871,6,10535,0.7675774134790528,1.7594982337250378
1327,13865,6,10541,0.7680145719489981,1.7602596465921385
1328,13859,6,10547,0.7684517304189435,1.7610217187387258
1329,13853,6,10553,0.7688888888888888,1.7617844510214393
1330,13847,6,10559,0.7693260473588343,1.762547844298404
1331,13841,6,10565,0.7697632058287796,1.763311899429232
1332,13835,6,10571,0.770200364298725,1.764076617275027
1333,13829,6,10577,0.7706375227686703,1.7648419986983874
1334,13823,6,10583,0.7710746812386157,1.7656080445634088
1335,13817,6,10589,0.771511839708561,1.766374755735688
1336,13811,6,10595,0.7719489981785064,1.7671421330823256
1337,13805,6,10601,0.7723861566484518,1.7679101774719304
1338,13799,6,10607,0.7728233151183971,1.7686788897746213
1339,13793,6,10613,0.7732604735883425,1.7694482708620314
1340,13787,6,10619,0.7736976320582878,1.7702183216073113
1341,13781,6,10625,0.7741347905282332,1.7709890428851316
1342,13775,6,10631,0.7745719489981785,1.7717604355716878
1343,13769,6,10637,0.7750091074681239,1.772532500544702
1344,13763,6,10643,0.7754462659380692,1.7733052386834265
1345,13757,6,10649,0.7758834244080146,1.7740786508686488
1346,13751,6,10655,0.7763205828779599,1.7748527379826922
1347,13745,6,10661,0.7767577413479053,1.7756275009094216
1348,13739,6,10667,0.7771948998178506,1.7764029405342456
1349,13733,6,10673,0.777632058287796,1.77717905774412
1350,13727,6,10679,0.7780692167577413,1.7779558534275515
1351,13721,6,10685,0.7785063752276867,1.778733328474601
1352,13715,6,10691,0.778943533697632,1.7795114837768866
1353,13709,6,10697,0.7793806921675774,1.7802903202275877
1354,13703,6,10703,0.7798178506375227,1.7810698387214479
1355,13697,6,10709,0.7802550091074681,1.7818500401547783
1356,13691,6,10715,0.7806921675774134,1.782630925425462
1357,13685,6,10721,0.7811293260473589,1.7834124954329558
1358,13679,6,10727,0.7815664845173041,1.7841947510782952
1359,13673,6,10733,0.7820036429872496,1.784977693264097
1360,13667,6,10739,0.7824408014571949,1.7857613228945635
1361,13661,6,10745,0.7828779599271403,1.786545640875485
1362,13655,6,10751,0.7833151183970856,1.787330648114244
1363,13649,6,10757,0.783752276867031,1.7881163455198184
1364,13643,6,10763,0.7841894353369763,1.7889027340027852
1365,13637,6,10769,0.7846265938069217,1.7896898144753244
1366,13631,6,10775,0.785063752276867,1.7904775878512216
1367,13625,6,10781,0.7855009107468124,1.7912660550458717
1368,13619,6,10787,0.7859380692167578,1.7920552169762831
1369,13613,6,10793,0.7863752276867031,1.7928450745610813
1370,13607,6,10799,0.7868123861566485,1.7936356287205115
1371,13601,6,10805,0.7872495446265938,1.794426880376443
1372,13595,6,10811,0.7876867030965392,1.7952188304523722
1373,13589,6,10817,0.7881238615664845,1.796011479873427
1374,13583,6,10823,0.7885610200364299,1.7968048295663697
1375,13577,6,10829,0.7889981785063752,1.7975988804596008
1376,13571,6,10835,0.7894353369763206,1.7983936334831627
1377,13565,6,10841,0.7898724954462659,1.799189089568743
1378,13559,6,10847,0.7903096539162113,1.799985249649679
1379,13553,6,10853,0.7907468123861566,1.8007821146609606
1380,13547,6,10859,0.791183970856102,1.8015796855392339
1381,13541,6,10865,0.7916211293260473,1.8023779632228047
1382,13535,6,10871,0.7920582877959927,1.8031769486516438
1383,13529,6,10877,0.792495446265938,1.8039766427673887
1384,13523,6,10883,0.7929326047358835,1.8047770465133477
1385,13517,6,10889,0.7933697632058287,1.8055781608345047
1386,13511,6,10895,0.7938069216757742,1.806379986677522
1387,13505,6,10901,0.7942440801457195,1.8071825249907443
1388,13499,6,10907,0.7946812386156649,1.8079857767242018
1389,13493,6,10913,0.7951183970856102,1.8087897428296154
1390,13487,6,10919,0.7955555555555556,1.809594424260399
1391,13481,6,10925,0.7959927140255009,1.8103998219716637
1392,13475,6,10931,0.7964298724954463,1.8112059369202227
1393,13469,6,10937,0.7968670309653916,1.8120127700645927
1394,13463,6,10943,0.797304189435337,1.8128203223650003
1395,13457,6,10949,0.7977413479052823,1.8136285947833841
1396,13451,6,10955,0.7981785063752277,1.814437588283399
1397,13445,6,10961,0.798615664845173,1.8152473038304202
1398,13439,6,10967,0.7990528233151184,1.816057742391547
1399,13433,6,10973,0.7994899817850637,1.8168689049356064
1400,13427,6,10979,0.7999271402550091,1.817680792433157
1401,13421,6,10985,0.8003642987249545,1.8184934058564937
1402,13415,6,10991,0.8008014571948998,1.8193067461796497
1403,13409,6,10997,0.8012386156648452,1.8201208143784027
1404,13403,6,11003,0.8016757741347905,1.8209356114302768
1405,13397,6,11009,0.8021129326047359,1.821751138314548
1406,13391,6,11015,0.8025500910746812,1.822567396012247
1407,13385,6,11021,0.8029872495446266,1.8233843855061636
1408,13379,6,11027,0.8034244080145719,1.8242021077808506
1409,13373,6,11033,0.8038615664845173,1.8250205638226278
1410,13367,6,11039,0.8042987249544626,1.8258397546195855
1411,13361,6,11045,0.804735883424408,1.8266596811615896
1412,13355,6,11051,0.8051730418943533,1.8274803444402845
1413,13349,6,11057,0.8056102003642988,1.8283017454490973
1414,13343,6,11063,0.806047358834244,1.829123885183242
1415,13337,6,11069,0.8064845173041895,1.829946764639724
1416,13331,6,11075,0.8069216757741348,1.830770384817343
1417,13325,6,11081,0.8073588342440802,1.831594746716698
1418,13319,6,11087,0.8077959927140255,1.8324198513401908
1419,13313,6,11093,0.8082331511839709,1.8332456996920303
1420,13307,6,11099,0.8086703096539162,1.834072292778237
1421,13301,6,11105,0.8091074681238616,1.8348996316066462
1422,13295,6,11111,0.8095446265938069,1.8357277171869124
1423,13289,6,11117,0.8099817850637523,1.836556550530514
1424,13283,6,11123,0.8104189435336976,1.8373861326507566
1425,13277,6,11129,0.810856102003643,1.8382164645627777
1426,13271,6,11135,0.8112932604735883,1.8390475472835506
1427,13265,6,11141,0.8117304189435337,1.8398793818318884
1428,13259,6,11147,0.812167577413479,1.8407119692284486
1429,13253,6,11153,0.8126047358834244,1.8415453104957369
1430,13247,6,11159,0.8130418943533697,1.8423794066581112
1431,13241,6,11165,0.8134790528233151,1.8432142587417868
1432,13235,6,11171,0.8139162112932605,1.8440498677748394
1433,13229,6,11177,0.8143533697632058,1.84488623478721
1434,13223,6,11183,0.8147905282331512,1.8457233608107086
1435,13217,6,11189,0.8152276867030965,1.8465612468790193
1436,13211,6,11195,0.8156648451730419,1.847399894027704
1437,13205,6,11201,0.8161020036429872,1.8482393032942068
1438,13199,6,11207,0.8165391621129326,1.8490794757178575
1439,13193,6,11213,0.816976320582878,1.8499204123398771
1440,13187,6,11219,0.8174134790528234,1.850762114203382
1441,13181,6,11225,0.8178506375227687,1.8516045823533875
1442,13175,6,11231,0.8182877959927141,1.8524478178368122
1443,13169,6,11237,0.8187249544626594,1.8532918217024832
1444,13163,6,11243,0.8191621129326048,1.8541365950011395
1445,13157,6,11249,0.8195992714025501,1.8549821387854375
1446,13151,6,11255,0.8200364298724955,1.8558284541099537
1447,13145,6,11261,0.8204735883424408,1.8566755420311907
1448,13139,6,11267,0.8209107468123862,1.8575234036075805
1449,13133,6,11273,0.8213479052823315,1.8583720398994898
1450,13127,6,11279,0.8217850637522769,1.8592214519692238
1451,13121,6,11285,0.8222222222222222,1.8600716408810305
1452,13115,6,11291,0.8226593806921676,1.8609226077011056
1453,13109,6,11297,0.8230965391621129,1.861774353497597
1454,13103,6,11303,0.8235336976320583,1.862626879340609
1455,13097,6,11309,0.8239708561020036,1.8634801863022066
1456,13091,6,11315,0.824408014571949,1.8643342754564205
1457,13085,6,11321,0.8248451730418943,1.865189147879251
1458,13079,6,11327,0.8252823315118397,1.8660448046486735
1459,13073,6,11333,0.825719489981785,1.8669012468446415
1460,13067,6,11339,0.8261566484517304,1.8677584755490932
1461,13061,6,11345,0.8265938069216757,1.8686164918459536
1462,13055,6,11351,0.8270309653916211,1.8694752968211412
1463,13049,6,11357,0.8274681238615664,1.870334891562572
1464,13043,6,11363,0.8279052823315118,1.8711952771601625
1465,13037,6,11369,0.8283424408014572,1.8720564547058371
1466,13031,6,11375,0.8287795992714025,1.872918425293531
1467,13025,6,11381,0.829216757741348,1.8737811900191939
1468,13019,6,11387,0.8296539162112933,1.8746447499807972
1469,13013,6,11393,0.8300910746812387,1.8755091062783371
1470,13007,6,11399,0.830528233151184,1.8763742600138387
1471,13001,6,11405,0.8309653916211294,1.8772402122913623
1472,12995,6,11411,0.8314025500910747,1.8781069642170065
1473,12989,6,11417,0.8318397085610201,1.8789745168989145
1474,12983,6,11423,0.8322768670309654,1.8798428714472772
1475,12977,6,11429,0.8327140255009108,1.8807120289743393
1476,12971,6,11435,0.8331511839708561,1.881581990594403
1477,12965,6,11441,0.8335883424408015,1.8824527574238334
1478,12959,6,11447,0.8340255009107468,1.8833243305810634
1479,12953,6,11453,0.8344626593806922,1.8841967111865976
1480,12947,6,11459,0.8348998178506375,1.8850699003630185
1481,12941,6,11465,0.8353369763205829,1.8859438992349895
1482,12935,6,11471,0.8357741347905282,1.8868187089292616
1483,12929,6,11477,0.8362112932604736,1.8876943305746772
1484,12923,6,11483,0.8366484517304189,1.8885707653021744
1485,12917,6,11489,0.8370856102003643,1.8894480142447936
1486,12911,6,11495,0.8375227686703096,1.890326078537681
1487,12905,6,11501,0.837959927140255,1.8912049593180937
1488,12899,6,11507,0.8383970856102003,1.8920846577254051
1489,12893,6,11513,0.8388342440801457,1.8929651749011092
1490,12887,6,11519,0.839271402550091,1.893846511988826
1491,12881,6,11525,0.8397085610200364,1.8947286701343062
1492,12875,6,11531,0.8401457194899817,1.8956116504854368
1493,12869,6,11537,0.8405828779599271,1.896495454192245
1494,12863,6,11543,0.8410200364298724,1.8973800824069036
1495,12857,6,11549,0.8414571948998179,1.8982655362837364
1496,12851,6,11555,0.8418943533697633,1.8991518169792234
1497,12845,6,11561,0.8423315118397086,1.9000389256520047
1498,12839,6,11567,0.842768670309654,1.9009268634628864
1499,12833,6,11573,0.8432058287795993,1.901815631574846
1500,12827,6,11579,0.8436429872495447,1.9027052311530366
1501,12820,7,11586,0.8441530054644809,1.9037441497659906
1502,12813,7,11593,0.8446630236794171,1.9047842035432763
1503,12806,7,11600,0.8451730418943534,1.9058253943464
1504,12799,7,11607,0.8456830601092896,1.9068677240409406
1505,12792,7,11614,0.8461930783242259,1.9079111944965603
1506,12785,7,11621,0.8467030965391621,1.908955807587016
1507,12778,7,11628,0.8472131147540983,1.9100015651901705
1508,12771,7,11635,0.8477231329690346,1.911048469188004
1509,12764,7,11642,0.8482331511839708,1.9120965214666248
1510,12757,7,11649,0.8487431693989071,1.9131457239162812
1511,12750,7,11656,0.8492531876138434,1.9141960784313725
1512,12743,7,11663,0.8497632058287796,1.9152475869104606
1513,12736,7,11670,0.8502732240437159,1.9163002512562815
1514,12729,7,11677,0.8507832422586521,1.9173540733757561
1515,12722,7,11684,0.8512932604735883,1.918409055180003
1516,12715,7,11691,0.8518032786885246,1.9194651985843492
1517,12708,7,11698,0.8523132969034608,1.9205225055083412
1518,12701,7,11705,0.852823315118397,1.9215809778757578
1519,12694,7,11712,0.8533333333333334,1.9226406176146211
1520,12687,7,11719,0.8538433515482696,1.9237014266572081
1521,12680,7,11726,0.8543533697632059,1.924763406940063
1522,12673,7,11733,0.8548633879781421,1.9258265604040086
1523,12666,7,11740,0.8553734061930783,1.9268908889941576
1524,12659,7,11747,0.8558834244080146,1.9279563946599259
1525,12652,7,11754,0.8563934426229508,1.9290230793550427
1526,12645,7,11761,0.856903460837887,1.9300909450375643
1527,12638,7,11768,0.8574134790528233,1.9311599936698844
1528,12631,7,11775,0.8579234972677595,1.9322302272187475
1529,12624,7,11782,0.8584335154826959,1.9333016476552598
1530,12617,7,11789,0.8589435336976321,1.934374256954902
1531,12610,7,11796,0.8594535519125683,1.9354480570975416
1532,12603,7,11803,0.8599635701275046,1.9365230500674442
1533,12596,7,11810,0.8604735883424408,1.9375992378532867
1534,12589,7,11817,0.860983606557377,1.938676622448169
1535,12582,7,11824,0.8614936247723133,1.9397552058496264
1536,12575,7,11831,0.8620036429872495,1.9408349900596422
1537,12568,7,11838,0.8625136612021858,1.9419159770846595
1538,12561,7,11845,0.863023679417122,1.9429981689355944
1539,12554,7,11852,0.8635336976320583,1.9440815676278478
1540,12547,7,11859,0.8640437158469946,1.9451661751813183
1541,12540,7,11866,0.8645537340619308,1.9462519936204146
1542,12533,7,11873,0.865063752276867,1.9473390249740685
1543,12526,7,11880,0.8655737704918033,1.9484272712757464
1544,12519,7,11887,0.8660837887067395,1.9495167345634636
1545,12512,7,11894,0.8665938069216758,1.9506074168797953
1546,12505,7,11901,0.867103825136612,1.9516993202718913
1547,12498,7,11908,0.8676138433515482,1.9527924467914866
1548,12491,7,11915,0.8681238615664845,1.9538867984949164
1549,12484,7,11922,0.8686338797814208,1.9549823774431272
1550,12477,7,11929,0.869143897996357,1.956079185701691
1551,12470,7,11936,0.8696539162112933,1.957177225340818
1552,12463,7,11943,0.8701639344262295,1.9582764984353687
1553,12456,7,11950,0.8706739526411658,1.9593770070648684
1554,12449,7,11957,0.871183970856102,1.960478753313519
1555,12442,7,11964,0.8716939890710382,1.9615817392702137
1556,12435,7,11971,0.8722040072859745,1.9626859670285484
1557,12428,7,11978,0.8727140255009107,1.9637914386868363
1558,12421,7,11985,0.8732240437158469,1.96489815634812
1559,12414,7,11992,0.8737340619307833,1.966006122120187
1560,12407,7,11999,0.8742440801457195,1.96711533811558
1561,12400,7,12006,0.8747540983606558,1.968225806451613
1562,12393,7,12013,0.875264116575592,1.9693375292503832
1563,12386,7,12020,0.8757741347905282,1.9704505086387858
1564,12379,7,12027,0.8762841530054645,1.9715647467485258
1565,12372,7,12034,0.8767941712204007,1.9726802457161332
1566,12365,7,12041,0.877304189435337,1.973797007682976
1567,12358,7,12048,0.8778142076502732,1.9749150347952744
1568,12351,7,12055,0.8783242258652094,1.976034329204113
1569,12344,7,12062,0.8788342440801458,1.977154893065457
1570,12337,7,12069,0.879344262295082,1.9782767285401637
1571,12330,7,12076,0.8798542805100182,1.9793998377939983
1572,12323,7,12083,0.8803642987249545,1.9805242229976467
1573,12316,7,12090,0.8808743169398907,1.9816498863267296
1574,12309,7,12097,0.881384335154827,1.9827768299618165
1575,12302,7,12104,0.8818943533697632,1.9839050560884408
1576,12295,7,12111,0.8824043715846994,1.9850345668971126
1577,12288,7,12118,0.8829143897996357,1.9861653645833333
1578,12281,7,12125,0.8834244080145719,1.98729745134761
1579,12274,7,12132,0.8839344262295082,1.98843082939547
1580,12267,7,12139,0.8844444444444445,1.9895655009374744
1581,12260,7,12146,0.8849544626593807,1.9907014681892332
1582,12253,7,12153,0.885464480874317,1.9918387333714191
1583,12246,7,12160,0.8859744990892532,1.9929772987097827
1584,12239,7,12167,0.8864845173041894,1.9941171664351662
1585,12232,7,12174,0.8869945355191257,1.9952583387835185
1586,12225,7,12181,0.8875045537340619,1.99640081799591
1587,12218,7,12188,0.8880145719489981,1.9975446063185465
1588,12211,7,12195,0.8885245901639345,1.9986897060027844
1589,12204,7,12202,0.8890346083788707,1.999836119305146
1590,12197,7,12209,0.889544626593807,2.000983848487333
1591,12190,7,12216,0.8900546448087432,2.002132895816243
1592,12183,7,12223,0.8905646630236794,2.003283263563983
1593,12176,7,12230,0.8910746812386157,2.0044349540078845
1594,12169,7,12237,0.8915846994535519,2.00558796943052
1595,12162,7,12244,0.8920947176684881,2.006742312119717
1596,12155,7,12251,0.8926047358834244,2.0078979843685727
1597,12148,7,12258,0.8931147540983606,2.0090549884754694
1598,12141,7,12265,0.893624772313297,2.0102133267440903
1599,12134,7,12272,0.8941347905282332,2.011373001483435
1600,12127,7,12279,0.8946448087431694,2.0125340150078337
1601,12120,7,12286,0.8951548269581057,2.0136963696369636
1602,12113,7,12293,0.8956648451730419,2.014860067695864
1603,12106,7,12300,0.8961748633879781,2.0160251115149515
1604,12099,7,12307,0.8966848816029144,2.0171915034300354
1605,12092,7,12314,0.8971948998178506,2.0183592457823356
1606,12085,7,12321,0.8977049180327868,2.019528340918494
1607,12078,7,12328,0.8982149362477231,2.0206987911905943
1608,12071,7,12335,0.8987249544626594,2.021870598956176
1609,12064,7,12342,0.8992349726775957,2.0230437665782492
1610,12057,7,12349,0.8997449908925319,2.024218296425313
1611,12050,7,12356,0.9002550091074681,2.0253941908713693
1612,12043,7,12363,0.9007650273224044,2.0265714522959395
1613,12036,7,12370,0.9012750455373406,2.027750083084081
1614,12029,7,12377,0.9017850637522768,2.0289300856264028
1615,12022,7,12384,0.9022950819672131,2.030111462319082
1616,12015,7,12391,0.9028051001821493,2.0312942155638787
1617,12008,7,12398,0.9033151183970856,2.0324783477681545
1618,12001,7,12405,0.9038251366120219,2.033663861344888
1619,11994,7,12412,0.9043351548269581,2.0348507587126896
1620,11988,6,12418,0.9047723132969034,2.0358692025358693
1621,11982,6,12424,0.9052094717668488,2.0368886663328327
1622,11976,6,12430,0.9056466302367941,2.0379091516366064
1623,11970,6,12436,0.9060837887067396,2.0389306599832917
1624,11964,6,12442,0.9065209471766849,2.0399531929120696
1625,11958,6,12448,0.9069581056466303,2.0409767519652116
1626,11952,6,12454,0.9073952641165756,2.0420013386880855
1627,11946,6,12460,0.907832422586521,2.0430269546291644
1628,11940,6,12466,0.9082695810564663,2.0440536013400337
1629,11934,6,12472,0.9087067395264117,2.045081280375398
1630,11928,6,12478,0.909143897996357,2.0461099932930917
1631,11922,6,12484,0.9095810564663024,2.047139741654085
1632,11916,6,12490,0.9100182149362477,2.048170527022491
1633,11910,6,12496,0.9104553734061931,2.049202350965575
1634,11904,6,12502,0.9108925318761384,2.0502352150537635
1635,11898,6,12508,0.9113296903460838,2.051269120860649
1636,11892,6,12514,0.9117668488160291,2.052304069963
1637,11886,6,12520,0.9122040072859745,2.053340063940771
1638,11880,6,12526,0.9126411657559198,2.0543771043771044
1639,11874,6,12532,0.9130783242258652,2.055415192858346
1640,11868,6,12538,0.9135154826958105,2.0564543309740477
1641,11862,6,12544,0.9139526411657559,2.0574945203169785
1642,11856,6,12550,0.9143897996357013,2.058535762483131
1643,11850,6,12556,0.9148269581056466,2.05957805907173
1644,11844,6,12562,0.915264116575592,2.0606214116852413
1645,11838,6,12568,0.9157012750455373,2.0616658219293797
1646,11832,6,12574,0.9161384335154827,2.062711291413117
1647,11826,6,12580,0.916575591985428,2.0637578217486894
1648,11820,6,12586,0.9170127504553734,2.0648054145516075
1649,11814,6,12592,0.9174499089253187,2.0658540714406635
1650,11808,6,12598,0.9178870673952642,2.0669037940379402
1651,11802,6,12604,0.9183242258652095,2.067954583968819
1652,11796,6,12610,0.9187613843351549,2.069006442861987
1653,11790,6,12616,0.9191985428051002,2.0700593723494487
1654,11784,6,12622,0.9196357012750456,2.071113374066531
1655,11778,6,12628,0.9200728597449909,2.0721684496518935
1656,11772,6,12634,0.9205100182149363,2.0732246007475363
1657,11766,6,12640,0.9209471766848816,2.07428182899881
1658,11760,6,12646,0.921384335154827,2.0753401360544217
1659,11754,6,12652,0.9218214936247723,2.0763995235664456
1660,11748,6,12658,0.9222586520947177,2.07745999319033
1661,11742,6,12664,0.922695810564663,2.0785215465849087
1662,11736,6,12670,0.9231329690346084,2.0795841854124064
1663,11730,6,12676,0.9235701275045537,2.0806479113384486
1664,11724,6,12682,0.9240072859744991,2.081712726032071
1665,11718,6,12688,0.9244444444444444,2.082778631165728
1666,11712,6,12694,0.9248816029143898,2.0838456284153004
1667,11706,6,12700,0.9253187613843351,2.084913719460106
1668,11700,6,12706,0.9257559198542805,2.085982905982906
1669,11694,6,12712,0.9261930783242258,2.0870531896699163
1670,11688,6,12718,0.9266302367941712,2.0881245722108144
1671,11682,6,12724,0.9270673952641165,2.08919705529875
1672,11676,6,12730,0.9275045537340619,2.090270640630353
1673,11670,6,12736,0.9279417122040073,2.0913453299057414
1674,11664,6,12742,0.9283788706739526,2.0924211248285323
1675,11658,6,12748,0.928816029143898,2.09349802710585
1676,11652,6,12754,0.9292531876138433,2.094576038448335
1677,11646,6,12760,0.9296903460837888,2.095655160570153
1678,11640,6,12766,0.930127504553734,2.0967353951890035
1679,11634,6,12772,0.9305646630236795,2.0978167440261304
1680,11628,6,12778,0.9310018214936248,2.0988992088063294
1681,11622,6,12784,0.9314389799635702,2.099982791257959
1682,11616,6,12790,0.9318761384335155,2.101067493112948
1683,11610,6,12796,0.9323132969034609,2.1021533161068047
1684,11604,6,12802,0.9327504553734062,2.103240261978628
1685,11598,6,12808,0.9331876138433516,2.1043283324711157
1686,11592,6,12814,0.9336247723132969,2.105417529330573
1687,11586,6,12820,0.9340619307832423,2.1065078543069222
1688,11580,6,12826,0.9344990892531876,2.1075993091537133
1689,11574,6,12832,0.934936247723133,2.108691895628132
1690,11568,6,12838,0.9353734061930783,2.1097856154910097
1691,11562,6,12844,0.9358105646630237,2.110880470506833
1692,11556,6,12850,0.936247723132969,2.111976462443752
1693,11550,6,12856,0.9366848816029144,2.113073593073593
1694,11544,6,12862,0.9371220400728597,2.114171864171864
1695,11538,6,12868,0.9375591985428051,2.1152712775177673
1696,11532,6,12874,0.9379963570127504,2.1163718348942075
1697,11526,6,12880,0.9384335154826958,2.1174735380878014
1698,11520,6,12886,0.9388706739526411,2.118576388888889
1699,11514,6,12892,0.9393078324225865,2.1196803890915406
1700,11508,6,12898,0.9397449908925318,2.1207855404935696
1701,11502,6,12904,0.9401821493624772,2.1218918448965396
1702,11496,6,12910,0.9406193078324225,2.1229993041057758
1703,11490,6,12916,0.9410564663023679,2.124107919930374
1704,11484,6,12922,0.9414936247723132,2.1252176941832115
1705,11478,6,12928,0.9419307832422587,2.126328628680955
1706,11472,6,12934,0.9423679417122041,2.1274407252440724
1707,11466,6,12940,0.9428051001821494,2.128553985696843
1708,11460,6,12946,0.9432422586520948,2.1296684118673648
1709,11454,6,12952,0.9436794171220401,2.1307840055875675
1710,11448,6,12958,0.9441165755919855,2.1319007686932214
1711,11442,6,12964,0.9445537340619308,2.133018703023947
1712,11436,6,12970,0.9449908925318762,2.134137810423225
1713,11430,6,12976,0.9454280510018215,2.1352580927384075
1714,11424,6,12982,0.9458652094717669,2.1363795518207285
1715,11418,6,12988,0.9463023679417122,2.137502189525311
1716,11412,6,12994,0.9467395264116576,2.1386260077111814
1717,11406,6,13000,0.9471766848816029,2.1397510082412765
1718,11400,6,13006,0.9476138433515483,2.140877192982456
1719,11394,6,13012,0.9480510018214936,2.1420045638055116
1720,11388,6,13018,0.948488160291439,2.1431331225851773
1721,11382,6,13024,0.9489253187613843,2.1442628712001404
1722,11376,6,13030,0.9493624772313297,2.145393811533052
1723,11370,6,13036,0.949799635701275,2.1465259454705365
1724,11364,6,13042,0.9502367941712204,2.1476592749032033
1725,11358,6,13048,0.9506739526411657,2.148793801725656
1726,11352,6,13054,0.9511111111111111,2.1499295278365045
1727,11346,6,13060,0.9515482695810564,2.1510664551383747
1728,11340,6,13066,0.9519854280510018,2.152204585537919
1729,11334,6,13072,0.9524225865209471,2.1533439209458267
1730,11328,6,13078,0.9528597449908925,2.154484463276836
1731,11322,6,13084,0.9532969034608378,2.155626214449744
1732,11316,6,13090,0.9537340619307833,2.156769176387416
1733,11310,6,13096,0.9541712204007285,2.1579133510167994
1734,11304,6,13102,0.954608378870674,2.1590587402689314
1735,11298,6,13108,0.9550455373406193,2.160205346078952
1736,11292,6,13114,0.9554826958105647,2.161353170386114
1737,11286,6,13120,0.9559198542805101,2.1625022151337943
1738,11280,6,13126,0.9563570127504554,2.1636524822695034
1739,11274,6,13132,0.9567941712204008,2.1648039737449
1740,11268,6,13138,0.9572313296903461,2.165956691515797
1741,11262,6,13144,0.9576684881602915,2.1671106375421774
1742,11256,6,13150,0.9581056466302368,2.168265813788202
1743,11250,6,13156,0.9585428051001822,2.1694222222222224
1744,11244,6,13162,0.9589799635701275,2.170579864816791
1745,11238,6,13168,0.9594171220400729,2.171738743548674
1746,11232,6,13174,0.9598542805100182,2.1728988603988606
1747,11226,6,13180,0.9602914389799636,2.1740602173525745
1748,11220,6,13186,0.9607285974499089,2.175222816399287
1749,11214,6,13192,0.9611657559198543,2.176386659532727
1750,11208,6,13198,0.9616029143897996,2.177551748750892
1751,11202,6,13204,0.962040072859745,2.1787180860560613
1752,11196,6,13210,0.9624772313296903,2.1798856734548053
1753,11190,6,13216,0.9629143897996357,2.1810545129579983
1754,11184,6,13222,0.963351548269581,2.1822246065808297
1755,11178,6,13228,0.9637887067395264,2.183395956342816
1756,11172,6,13234,0.9642258652094717,2.1845685642678125
1757,11166,6,13240,0.9646630236794171,2.185742432384023
1758,11160,6,13246,0.9651001821493624,2.1869175627240143
1759,11154,6,13252,0.9655373406193078,2.1880939573247264
1760,11148,6,13258,0.9659744990892531,2.189271618227485
1761,11142,6,13264,0.9664116575591986,2.190450547478011
1762,11136,6,13270,0.9668488160291439,2.1916307471264367
1763,11130,6,13276,0.9672859744990893,2.1928122192273136
1764,11124,6,13282,0.9677231329690346,2.193994965839626
1765,11118,6,13288,0.96816029143898,2.1951789890268034
1766,11112,6,13294,0.9685974499089253,2.1963642908567316
1767,11106,6,13300,0.9690346083788707,2.197550873401765
1768,11100,6,13306,0.969471766848816,2.1987387387387387
1769,11094,6,13312,0.9699089253187614,2.1999278889489813
1770,11088,6,13318,0.9703460837887068,2.2011183261183263
1771,11082,6,13324,0.9707832422586521,2.2023100523371233
1772,11076,6,13330,0.9712204007285975,2.2035030697002527
1773,11070,6,13336,0.9716575591985428,2.2046973803071364
1774,11064,6,13342,0.9720947176684882,2.20589298626175
1775,11058,6,13348,0.9725318761384335,2.207089889672635
1776,11052,6,13354,0.9729690346083789,2.2082880926529134
1777,11046,6,13360,0.9734061930783242,2.209487597320297
1778,11040,6,13366,0.9738433515482696,2.2106884057971015
1779,11034,6,13372,0.9742805100182149,2.2118905202102592
1780,11028,6,13378,0.9747176684881603,2.213093942691331
1781,11022,6,13384,0.9751548269581056,2.2142986753765195
1782,11016,6,13390,0.975591985428051,2.215504720406681
1783,11010,6,13396,0.9760291438979963,2.2167120799273388
1784,11004,6,13402,0.9764663023679417,2.217920756088695
1785,10998,6,13408,0.976903460837887,2.2191307510456446
1786,10992,6,13414,0.9773406193078324,2.2203420669577874
1787,10986,6,13420,0.9777777777777777,2.221554705989441
1788,10980,6,13426,0.9782149362477232,2.222768670309654
1789,10974,6,13432,0.9786520947176685,2.223983962092218
1790,10968,6,13438,0.9790892531876139,2.225200583515682
1791,10962,6,13444,0.9795264116575592,2.226418536763364
1792,10956,6,13450,0.9799635701275046,2.227637824023366
1793,10950,6,13456,0.9804007285974499,2.2288584474885846
1794,10944,6,13462,0.9808378870673953,2.230080409356725
1795,10938,6,13468,0.9812750455373406,2.2313037118303165
1796,10932,6,13474,0.981712204007286,2.2325283571167214
1797,10926,6,13480,0.9821493624772313,2.233754347428153
1798,10920,6,13486,0.9825865209471767,2.234981684981685
1799,10914,6,13492,0.983023679417122,2.236210371999267
1800,10908,6,13498,0.9834608378870674,2.2374404107077375
1801,10902,6,13504,0.9838979963570128,2.238671803338837
1802,10896,6,13510,0.9843351548269581,2.2399045521292216
1803,10890,6,13516,0.9847723132969035,2.2411386593204776
1804,10884,6,13522,0.9852094717668488,2.242374127159133
1805,10878,6,13528,0.9856466302367942,2.243610957896672
1806,10872,6,13534,0.9860837887067395,2.244849153789551
1807,10866,6,13540,0.9865209471766849,2.2460887170992083
1808,10860,6,13546,0.9869581056466302,2.247329650092081
1809,10854,6,13552,0.9873952641165756,2.248571955039617
1810,10848,6,13558,0.9878324225865209,2.249815634218289
1811,10842,6,13564,0.9882695810564663,2.2510606899096106
1812,10836,6,13570,0.9887067395264116,2.2523071244001476
1813,10830,6,13576,0.989143897996357,2.253554939981533
1814,10824,6,13582,0.9895810564663023,2.2548041389504805
1815,10818,6,13588,0.9900182149362478,2.2560547236088
1816,10812,6,13594,0.990455373406193,2.257306696263411
1817,10806,6,13600,0.9908925318761385,2.258560059226356
1818,10800,6,13606,0.9913296903460838,2.2598148148148147
1819,10794,6,13612,0.9917668488160292,2.261070965351121
1820,10788,6,13618,0.9922040072859745,2.2623285131627733
1821,10782,6,13624,0.9926411657559199,2.2635874605824524
1822,10776,6,13630,0.9930783242258652,2.2648478099480327
1823,10770,6,13636,0.9935154826958106,2.2661095636026
1824,10764,6,13642,0.9939526411657559,2.267372723894463
1825,10758,6,13648,0.9943897996357013,2.2686372931771706
1826,10752,6,13654,0.9948269581056466,2.2699032738095237
1827,10746,6,13660,0.995264116575592,2.2711706681555928
1828,10740,6,13666,0.9957012750455373,2.27243947858473
1829,10734,6,13672,0.9961384335154827,2.2737097074715855
1830,10728,6,13678,0.996575591985428,2.2749813571961224
1831,10722,6,13684,0.9970127504553734,2.27625443014363
1832,10716,6,13690,0.9974499089253187,2.2775289287047404
1833,10710,6,13696,0.9978870673952641,2.2788048552754434
1834,10704,6,13702,0.9983242258652095,2.2800822122571
1835,10698,6,13708,0.9987613843351548,2.281361002056459
1836,10692,6,13714,0.9991985428051002,2.2826412270856715
1837,10686,6,13720,0.9996357012750455,2.2839228897623056
1838,10683,3,13723,0.9998542805100182,2.2845642609753813
1839,10682,1,13724,0.9999271402550091,2.2847781314360605
1840,10681,1,13725,1.0,2.2849920419436383
