u,null_lo,null_median,null_hi
0.0,4.0973531098910105e-05,4.0973531098910105e-05,4.0973531098910105e-05
0.00040973531098910105,8.194706219782021e-05,8.194706219782021e-05,8.194706219782021e-05
0.0008194706219782021,8.194706219782021e-05,8.194706219782021e-05,8.194706219782021e-05
0.0012292059329673032,8.194706219782021e-05,8.194706219782021e-05,8.194706219782021e-05
0.0016389412439564042,8.194706219782021e-05,8.194706219782021e-05,0.00012292059329673032
0.002048676554945505,8.194706219782021e-05,8.194706219782021e-05,0.00012292059329673032
0.0024584118659346063,8.194706219782021e-05,8.194706219782021e-05,0.00012292059329673032
0.002868147176923707,8.194706219782021e-05,8.194706219782021e-05,0.00012292059329673032
0.0032778824879128084,8.194706219782021e-05,8.194706219782021e-05,0.00012292059329673032
0.0036876177989019093,8.194706219782021e-05,8.194706219782021e-05,0.00012292059329673032
0.00409735310989101,8.194706219782021e-05,8.194706219782021e-05,0.00012292059329673032
0.004507088420880111,8.194706219782021e-05,8.194706219782021e-05,0.00012292059329673032
0.004916823731869213,8.194706219782021e-05,8.194706219782021e-05,0.00012292059329673032
0.005326559042858314,8.194706219782021e-05,8.194706219782021e-05,0.00012292059329673032
0.005736294353847414,8.194706219782021e-05,0.00012292059329673032,0.00012292059329673032
0.006146029664836516,8.194706219782021e-05,0.00012292059329673032,0.00012292059329673032
0.006555764975825617,8.194706219782021e-05,0.00012292059329673032,0.00012292059329673032
0.006965500286814717,8.194706219782021e-05,0.00012292059329673032,0.00012292059329673032
0.0073752355978038186,8.194706219782021e-05,0.00012292059329673032,0.00012292059329673032
0.00778497090879292,8.194706219782021e-05,0.00012292059329673032,0.00012292059329673032
0.00819470621978202,8.194706219782021e-05,0.00012292059329673032,0.00012292059329673032
0.008604441530771122,8.194706219782021e-05,0.00012292059329673032,0.00012292059329673032
0.009014176841760223,8.194706219782021e-05,0.00012292059329673032,0.00012292059329673032
0.009423912152749323,8.194706219782021e-05,0.00012292059329673032,0.00012292059329673032
0.009833647463738425,8.194706219782021e-05,0.00012292059329673032,0.00012292059329673032
0.010243382774727526,8.194706219782021e-05,0.00012292059329673032,0.00012292059329673032
0.010653118085716628,8.194706219782021e-05,0.00012292059329673032,0.00012292059329673032
0.011062853396705728,8.194706219782021e-05,0.00012292059329673032,0.00012292059329673032
0.011472588707694829,8.194706219782021e-05,0.00012292059329673032,0.00016389412439564042
0.01188232401868393,8.194706219782021e-05,0.00012292059329673032,0.00016389412439564042
0.012292059329673031,8.194706219782021e-05,0.00012292059329673032,0.00016389412439564042
0.012701794640662132,8.194706219782021e-05,0.00012292059329673032,0.00016389412439564042
0.013111529951651234,0.00012292059329673032,0.00012292059329673032,0.00016389412439564042
0.013521265262640334,0.00012292059329673032,0.00012292059329673032,0.00016389412439564042
0.013931000573629435,0.00012292059329673032,0.00012292059329673032,0.00016389412439564042
0.014340735884618537,0.00012292059329673032,0.00012292059329673032,0.00016389412439564042
0.014750471195607637,0.00012292059329673032,0.00012292059329673032,0.00016389412439564042
0.01516020650659674,0.00012292059329673032,0.00012292059329673032,0.00016389412439564042
0.01556994181758584,0.00012292059329673032,0.00012292059329673032,0.00016389412439564042
0.01597967712857494,0.00012292059329673032,0.00012292059329673032,0.00016389412439564042
0.01638941243956404,0.00012292059329673032,0.00012292059329673032,0.00016389412439564042
0.016799147750553144,0.00012292059329673032,0.00012292059329673032,0.00016389412439564042
0.017208883061542245,0.00012292059329673032,0.00012292059329673032,0.00016389412439564042
0.017618618372531345,0.00012292059329673032,0.00012292059329673032,0.00016389412439564042
0.018028353683520446,0.00012292059329673032,0.00012292059329673032,0.00016389412439564042
0.018438088994509546,0.00012292059329673032,0.00012292059329673032,0.00016389412439564042
0.018847824305498646,0.00012292059329673032,0.00012292059329673032,0.00016389412439564042
0.01925755961648775,0.00012292059329673032,0.00012292059329673032,0.00016389412439564042
0.01966729492747685,0.00012292059329673032,0.00012292059329673032,0.00016389412439564042
0.02007703023846595,0.00012292059329673032,0.00012292059329673032,0.00016389412439564042
0.02048676554945505,0.00012292059329673032,0.00012292059329673032,0.00016389412439564042
0.020896500860444152,0.00012292059329673032,0.00012292059329673032,0.00016389412439564042
0.021306236171433256,0.00012292059329673032,0.00012292059329673032,0.00016389412439564042
0.021715971482422356,0.00012292059329673032,0.00012292059329673032,0.00016389412439564042
0.022125706793411457,0.00012292059329673032,0.00012292059329673032,0.00016389412439564042
0.022535442104400557,0.00012292059329673032,0.00012292059329673032,0.00016389412439564042
0.022945177415389657,0.00012292059329673032,0.00012292059329673032,0.00016389412439564042
0.023354912726378758,0.00012292059329673032,0.00012292059329673032,0.00016389412439564042
0.02376464803736786,0.00012292059329673032,0.00012292059329673032,0.00016389412439564042
0.024174383348356962,0.00012292059329673032,0.00012292059329673032,0.00016389412439564042
0.024584118659346062,0.00012292059329673032,0.00012292059329673032,0.00016389412439564042
0.024993853970335163,0.00012292059329673032,0.00012292059329673032,0.00016389412439564042
0.025403589281324263,0.00012292059329673032,0.00012292059329673032,0.00016389412439564042
0.025813324592313367,0.00012292059329673032,0.00012292059329673032,0.00016389412439564042
0.026223059903302467,0.00012292059329673032,0.00012292059329673032,0.00016389412439564042
0.026632795214291568,0.00012292059329673032,0.00012292059329673032,0.00016389412439564042
0.02704253052528067,0.00012292059329673032,0.00012292059329673032,0.00016389412439564042
0.02745226583626977,0.00012292059329673032,0.00012292059329673032,0.00016389412439564042
0.02786200114725887,0.00012292059329673032,0.00012292059329673032,0.00016389412439564042
0.028271736458247973,0.00012292059329673032,0.00012292059329673032,0.00016389412439564042
0.028681471769237073,0.00012292059329673032,0.00012292059329673032,0.00016389412439564042
0.029091207080226174,0.00012292059329673032,0.00012292059329673032,0.00016389412439564042
0.029500942391215274,0.00012292059329673032,0.00012292059329673032,0.00016389412439564042
0.029910677702204375,0.00012292059329673032,0.00012292059329673032,0.00016389412439564042
0.03032041301319348,0.00012292059329673032,0.00012292059329673032,0.00016389412439564042
0.03073014832418258,0.00012292059329673032,0.00012292059329673032,0.00016389412439564042
0.03113988363517168,0.00012292059329673032,0.00012292059329673032,0.00016389412439564042
0.03154961894616078,0.00012292059329673032,0.00012292059329673032,0.00016389412439564042
0.03195935425714988,0.00012292059329673032,0.00016389412439564042,0.00016389412439564042
0.032369089568138984,0.00012292059329673032,0.00016389412439564042,0.00016389412439564042
0.03277882487912808,0.00012292059329673032,0.00016389412439564042,0.00016389412439564042
0.033188560190117185,0.00012292059329673032,0.00016389412439564042,0.00016491846267311223
0.03359829550110629,0.00012292059329673032,0.00016389412439564042,0.00020486765549455053
0.034008030812095386,0.00012292059329673032,0.00016389412439564042,0.00020486765549455053
0.03441776612308449,0.00012292059329673032,0.00016389412439564042,0.00020486765549455053
0.034827501434073586,0.00012292059329673032,0.00016389412439564042,0.00020486765549455053
0.03523723674506269,0.00012292059329673032,0.00016389412439564042,0.00020486765549455053
0.03564697205605179,0.00012292059329673032,0.00016389412439564042,0.00020486765549455053
0.03605670736704089,0.00012292059329673032,0.00016389412439564042,0.00020486765549455053
0.036466442678029995,0.00012292059329673032,0.00016389412439564042,0.00020486765549455053
0.03687617798901909,0.00012292059329673032,0.00016389412439564042,0.00020486765549455053
0.037285913300008196,0.00012292059329673032,0.00016389412439564042,0.00020486765549455053
0.03769564861099729,0.00012292059329673032,0.00016389412439564042,0.00020486765549455053
0.0381053839219864,0.00012292059329673032,0.00016389412439564042,0.00020486765549455053
0.0385151192329755,0.00012292059329673032,0.00016389412439564042,0.00020486765549455053
0.0389248545439646,0.00012292059329673032,0.00016389412439564042,0.00020486765549455053
0.0393345898549537,0.00012292059329673032,0.00016389412439564042,0.00020486765549455053
0.0397443251659428,0.00012292059329673032,0.00016389412439564042,0.00020486765549455053
0.0401540604769319,0.00012292059329673032,0.00016389412439564042,0.00020486765549455053
0.040563795787921006,0.00012292059329673032,0.00016389412439564042,0.00020486765549455053
0.0409735310989101,0.00012292059329673032,0.00016389412439564042,0.00020486765549455053
0.04138326640989921,0.00012292059329673032,0.00016389412439564042,0.00020486765549455053
0.041793001720888304,0.00012292059329673032,0.00016389412439564042,0.00020486765549455053
0.04220273703187741,0.00012292059329673032,0.00016389412439564042,0.00020486765549455053
0.04261247234286651,0.00012292059329673032,0.00016389412439564042,0.00020486765549455053
0.04302220765385561,0.00012292059329673032,0.00016389412439564042,0.00020486765549455053
0.04343194296484471,0.00012292059329673032,0.00016389412439564042,0.00020486765549455053
0.04384167827583381,0.00012292059329673032,0.00016389412439564042,0.00020486765549455053
0.04425141358682291,0.00012292059329673032,0.00016389412439564042,0.00020486765549455053
0.04466114889781201,0.00012292059329673032,0.00016389412439564042,0.00020486765549455053
0.045070884208801114,0.00012292059329673032,0.00016389412439564042,0.00020486765549455053
0.04548061951979022,0.00012292059329673032,0.00016389412439564042,0.00020486765549455053
0.045890354830779315,0.00012292059329673032,0.00016389412439564042,0.00020486765549455053
0.04630009014176842,0.00012292059329673032,0.00016389412439564042,0.00020486765549455053
0.046709825452757515,0.00012292059329673032,0.00016389412439564042,0.00020486765549455053
0.04711956076374662,0.00012292059329673032,0.00016389412439564042,0.00020486765549455053
0.04752929607473572,0.00012292059329673032,0.00016389412439564042,0.00020486765549455053
0.04793903138572482,0.00012292059329673032,0.00016389412439564042,0.00020486765549455053
0.048348766696713924,0.00012292059329673032,0.00016389412439564042,0.00020486765549455053
0.04875850200770302,0.00012292059329673032,0.00016389412439564042,0.00020486765549455053
0.049168237318692125,0.00012292059329673032,0.00016389412439564042,0.00020486765549455053
0.04957797262968123,0.00012292059329673032,0.00016389412439564042,0.00020486765549455053
0.049987707940670326,0.00012292059329673032,0.00016389412439564042,0.00020486765549455053
0.05039744325165943,0.00012292059329673032,0.00016389412439564042,0.00020486765549455053
0.050807178562648526,0.00012292059329673032,0.00016389412439564042,0.00020486765549455053
0.05121691387363763,0.00012292059329673032,0.00016389412439564042,0.00020486765549455053
0.051626649184626734,0.00012292059329673032,0.00016389412439564042,0.00020486765549455053
0.05203638449561583,0.00012292059329673032,0.00016389412439564042,0.00020486765549455053
0.052446119806604935,0.00012292059329673032,0.00016389412439564042,0.00020486765549455053
0.05285585511759403,0.00012292059329673032,0.00016389412439564042,0.00020486765549455053
0.053265590428583136,0.00012292059329673032,0.00016389412439564042,0.00020486765549455053
0.05367532573957224,0.00012292059329673032,0.00016389412439564042,0.00020486765549455053
0.05408506105056134,0.00012292059329673032,0.00016389412439564042,0.00020486765549455053
0.05449479636155044,0.00012292059329673032,0.00016389412439564042,0.00020486765549455053
0.05490453167253954,0.00016389412439564042,0.00016389412439564042,0.00020486765549455053
0.05531426698352864,0.00016389412439564042,0.00016389412439564042,0.00020486765549455053
0.05572400229451774,0.00016389412439564042,0.00016389412439564042,0.00020486765549455053
0.05613373760550684,0.00016389412439564042,0.00016389412439564042,0.00020486765549455053
0.056543472916495946,0.00016389412439564042,0.00016389412439564042,0.00020486765549455053
0.05695320822748504,0.00016389412439564042,0.00016389412439564042,0.00020486765549455053
0.05736294353847415,0.00016389412439564042,0.00016389412439564042,0.00020486765549455053
0.057772678849463244,0.00016389412439564042,0.00016389412439564042,0.00020486765549455053
0.05818241416045235,0.00016389412439564042,0.00016389412439564042,0.00020486765549455053
0.05859214947144145,0.00016389412439564042,0.00016389412439564042,0.00020486765549455053
0.05900188478243055,0.00016389412439564042,0.00016389412439564042,0.00020486765549455053
0.05941162009341965,0.00016389412439564042,0.00016389412439564042,0.00020486765549455053
0.05982135540440875,0.00016389412439564042,0.00016389412439564042,0.00020486765549455053
0.06023109071539785,0.00016389412439564042,0.00016389412439564042,0.00020486765549455053
0.06064082602638696,0.00016389412439564042,0.00016389412439564042,0.00020486765549455053
0.061050561337376054,0.00016389412439564042,0.00016389412439564042,0.00020486765549455053
0.06146029664836516,0.00016389412439564042,0.00016389412439564042,0.00020589199377202234
0.061870031959354255,0.00016389412439564042,0.00016389412439564042,0.00020589199377202234
0.06227976727034336,0.00016389412439564042,0.00016389412439564042,0.00020589199377202234
0.06268950258133246,0.00016389412439564042,0.00016389412439564042,0.00020589199377202234
0.06309923789232157,0.00016389412439564042,0.00016389412439564042,0.00020589199377202234
0.06350897320331066,0.00016389412439564042,0.00016389412439564042,0.00020589199377202234
0.06391870851429976,0.00016389412439564042,0.00016389412439564042,0.00020589199377202234
0.06432844382528886,0.00016389412439564042,0.00016389412439564042,0.00020589199377202234
0.06473817913627797,0.00016389412439564042,0.00016389412439564042,0.00020589199377202234
0.06514791444726707,0.00016389412439564042,0.00016389412439564042,0.00020589199377202234
0.06555764975825616,0.00016389412439564042,0.00016389412439564042,0.00024584118659346063
0.06596738506924527,0.00016389412439564042,0.00016389412439564042,0.00024584118659346063
0.06637712038023437,0.00016389412439564042,0.00016389412439564042,0.00024584118659346063
0.06678685569122347,0.00016389412439564042,0.00016389412439564042,0.00024584118659346063
0.06719659100221258,0.00016389412439564042,0.00016389412439564042,0.00024584118659346063
0.06760632631320167,0.00016389412439564042,0.00016389412439564042,0.00024584118659346063
0.06801606162419077,0.00016389412439564042,0.00016389412439564042,0.00024584118659346063
0.06842579693517988,0.00016389412439564042,0.00016389412439564042,0.00024584118659346063
0.06883553224616898,0.00016389412439564042,0.00016389412439564042,0.00024584118659346063
0.06924526755715808,0.00016389412439564042,0.00016389412439564042,0.00024584118659346063
0.06965500286814717,0.00016389412439564042,0.00016389412439564042,0.00024584118659346063
0.07006473817913628,0.00016389412439564042,0.00016389412439564042,0.00024584118659346063
0.07047447349012538,0.00016389412439564042,0.00016389412439564042,0.00024584118659346063
0.07088420880111448,0.00016389412439564042,0.00016389412439564042,0.00024584118659346063
0.07129394411210357,0.00016389412439564042,0.00016389412439564042,0.00024584118659346063
0.07170367942309268,0.00016389412439564042,0.00016389412439564042,0.00024584118659346063
0.07211341473408178,0.00016389412439564042,0.00016389412439564042,0.00024584118659346063
0.07252315004507089,0.00016389412439564042,0.00016389412439564042,0.00024584118659346063
0.07293288535605999,0.00016389412439564042,0.00016389412439564042,0.00024584118659346063
0.07334262066704908,0.00016389412439564042,0.00016389412439564042,0.00024584118659346063
0.07375235597803818,0.00016389412439564042,0.00016389412439564042,0.00024584118659346063
0.07416209128902729,0.00016389412439564042,0.00016389412439564042,0.00024584118659346063
0.07457182660001639,0.00016389412439564042,0.00016389412439564042,0.00024584118659346063
0.0749815619110055,0.00016389412439564042,0.00016389412439564042,0.00024584118659346063
0.07539129722199459,0.00016389412439564042,0.00016389412439564042,0.00024584118659346063
0.07580103253298369,0.00016389412439564042,0.00020486765549455053,0.00024584118659346063
0.0762107678439728,0.00016389412439564042,0.00020486765549455053,0.00024584118659346063
0.0766205031549619,0.00016389412439564042,0.00020486765549455053,0.00024584118659346063
0.077030238465951,0.00016389412439564042,0.00020486765549455053,0.00024584118659346063
0.07743997377694009,0.00016389412439564042,0.00020486765549455053,0.00024584118659346063
0.0778497090879292,0.00016389412439564042,0.00020486765549455053,0.00024584118659346063
0.0782594443989183,0.00016389412439564042,0.00020486765549455053,0.00024584118659346063
0.07862820617880849,0.00016389412439564042,0.00020486765549455053,0.00024584118659346063
0.07899696795869868,0.00016389412439564042,0.00020486765549455053,0.00024584118659346063
0.07936572973858887,0.00016389412439564042,0.00020486765549455053,0.00024584118659346063
0.07973449151847906,0.00016389412439564042,0.00020486765549455053,0.00024584118659346063
0.08010325329836926,0.00016389412439564042,0.00020486765549455053,0.00024584118659346063
0.08047201507825945,0.00016389412439564042,0.00020486765549455053,0.00024584118659346063
0.08084077685814964,0.00016389412439564042,0.00020486765549455053,0.00024584118659346063
0.08120953863803983,0.00016389412439564042,0.00020486765549455053,0.00024584118659346063
0.08157830041793002,0.00016389412439564042,0.00020486765549455053,0.00024584118659346063
0.0819470621978202,0.00016389412439564042,0.00020486765549455053,0.00024584118659346063
0.0823158239777104,0.00016389412439564042,0.00020486765549455053,0.00024584118659346063
0.08268458575760058,0.00016389412439564042,0.00020486765549455053,0.00024584118659346063
0.08305334753749079,0.00016389412439564042,0.00020486765549455053,0.00024584118659346063
0.08342210931738098,0.00016389412439564042,0.00020486765549455053,0.00024584118659346063
0.08379087109727117,0.00016389412439564042,0.00020486765549455053,0.00024584118659346063
0.08415963287716136,0.00016389412439564042,0.00020486765549455053,0.00024584118659346063
0.08452839465705154,0.00016389412439564042,0.00020486765549455053,0.00024584118659346063
0.08489715643694173,0.00016389412439564042,0.00020486765549455053,0.00024584118659346063
0.08526591821683192,0.00016389412439564042,0.00020486765549455053,0.00024584118659346063
0.08563467999672211,0.00016389412439564042,0.00020486765549455053,0.00024584118659346063
0.0860034417766123,0.00016389412439564042,0.00020486765549455053,0.00024584118659346063
0.0863722035565025,0.00016389412439564042,0.00020486765549455053,0.00024584118659346063
0.0867409653363927,0.00016389412439564042,0.00020486765549455053,0.00024584118659346063
0.08710972711628288,0.00016389412439564042,0.00020486765549455053,0.00024584118659346063
0.08747848889617307,0.00016389412439564042,0.00020486765549455053,0.00024584118659346063
0.08784725067606326,0.00016389412439564042,0.00020486765549455053,0.00024584118659346063
0.08821601245595345,0.00016389412439564042,0.00020486765549455053,0.00024584118659346063
0.08858477423584364,0.00016389412439564042,0.00020486765549455053,0.00024584118659346063
0.08895353601573383,0.00016389412439564042,0.00020486765549455053,0.00024584118659346063
0.08932229779562402,0.00016389412439564042,0.00020486765549455053,0.00024584118659346063
0.08969105957551422,0.00016389412439564042,0.00020486765549455053,0.00024584118659346063
0.09005982135540441,0.00016389412439564042,0.00020486765549455053,0.00024584118659346063
0.0904285831352946,0.00016389412439564042,0.00020486765549455053,0.00024584118659346063
0.09079734491518479,0.00016389412439564042,0.00020486765549455053,0.00024584118659346063
0.09116610669507498,0.00016389412439564042,0.00020486765549455053,0.00024584118659346063
0.09153486847496517,0.00016389412439564042,0.00020486765549455053,0.00024584118659346063
0.09190363025485536,0.00016389412439564042,0.00020486765549455053,0.00024584118659346063
0.09227239203474555,0.00016389412439564042,0.00020486765549455053,0.00024584118659346063
0.09264115381463575,0.00016389412439564042,0.00020486765549455053,0.00024584118659346063
0.09300991559452594,0.00016389412439564042,0.00020486765549455053,0.00024584118659346063
0.09337867737441613,0.00016389412439564042,0.00020486765549455053,0.00024584118659346063
0.09374743915430632,0.00016389412439564042,0.00020486765549455053,0.00024584118659346063
0.09411620093419651,0.00016389412439564042,0.00020486765549455053,0.00024584118659346063
0.0944849627140867,0.00016389412439564042,0.00020486765549455053,0.00024584118659346063
0.09485372449397689,0.00016389412439564042,0.00020486765549455053,0.00024584118659346063
0.09522248627386708,0.00016389412439564042,0.00020486765549455053,0.00024584118659346063
0.09559124805375727,0.00016389412439564042,0.00020486765549455053,0.00024584118659346063
0.09596000983364747,0.00016389412439564042,0.00020486765549455053,0.00024584118659346063
0.09632877161353766,0.00016389412439564042,0.00020486765549455053,0.00024584118659346063
0.09669753339342785,0.00016389412439564042,0.00020486765549455053,0.00024584118659346063
0.09706629517331804,0.00016389412439564042,0.00020486765549455053,0.00024584118659346063
0.09743505695320823,0.00016389412439564042,0.00020486765549455053,0.00024584118659346063
0.09780381873309842,0.00016389412439564042,0.00020486765549455053,0.00024584118659346063
0.0981725805129886,0.00016389412439564042,0.00020486765549455053,0.00024584118659346063
0.0985413422928788,0.00016389412439564042,0.00020486765549455053,0.00024584118659346063
0.098910104072769,0.00016389412439564042,0.00020486765549455053,0.00024584118659346063
0.09927886585265919,0.00016389412439564042,0.00020486765549455053,0.00024584118659346063
0.09964762763254938,0.00016389412439564042,0.00020486765549455053,0.00024584118659346063
0.10001638941243957,0.00016389412439564042,0.00020486765549455053,0.00024584118659346063
0.10038515119232976,0.00016389412439564042,0.00020486765549455053,0.00024584118659346063
0.10075391297221994,0.00016389412439564042,0.00020486765549455053,0.00024584118659346063
0.10112267475211013,0.00016389412439564042,0.00020486765549455053,0.00024584118659346063
0.10149143653200032,0.00016389412439564042,0.00020486765549455053,0.00024584118659346063
0.10186019831189051,0.00016389412439564042,0.00020486765549455053,0.00024584118659346063
0.10222896009178072,0.00016389412439564042,0.00020486765549455053,0.00024584118659346063
0.1025977218716709,0.00016389412439564042,0.00020486765549455053,0.00024584118659346063
0.1029664836515611,0.00016389412439564042,0.00020486765549455053,0.00024584118659346063
0.10333524543145128,0.00016389412439564042,0.00020486765549455053,0.00024584118659346063
0.10370400721134147,0.00016389412439564042,0.00020486765549455053,0.00024584118659346063
0.10407276899123166,0.00016389412439564042,0.00020486765549455053,0.00024584118659346063
0.10444153077112185,0.00016389412439564042,0.00020486765549455053,0.00024584118659346063
0.10481029255101204,0.00016389412439564042,0.00020486765549455053,0.00024584118659346063
0.10517905433090223,0.00016389412439564042,0.00020486765549455053,0.00024584118659346063
0.10554781611079243,0.00016389412439564042,0.00020486765549455053,0.00024584118659346063
0.10591657789068262,0.00016389412439564042,0.00020486765549455053,0.00024686552487093244
0.10628533967057281,0.00016389412439564042,0.00020486765549455053,0.00024686552487093244
0.106654101450463,0.00016389412439564042,0.00020486765549455053,0.00028681471769237074
0.10702286323035319,0.00016389412439564042,0.00020486765549455053,0.00028681471769237074
0.10739162501024338,0.00016389412439564042,0.00020486765549455053,0.00028681471769237074
0.10776038679013357,0.00016389412439564042,0.00020486765549455053,0.00028681471769237074
0.10812914857002376,0.00016389412439564042,0.00020486765549455053,0.00028681471769237074
0.10849791034991396,0.00016389412439564042,0.00020486765549455053,0.00028681471769237074
0.10886667212980415,0.00016389412439564042,0.00020486765549455053,0.00028681471769237074
0.10923543390969434,0.00016389412439564042,0.00020486765549455053,0.00028681471769237074
0.10960419568958453,0.00016389412439564042,0.00020486765549455053,0.00028681471769237074
0.10997295746947472,0.00016389412439564042,0.00020486765549455053,0.00028681471769237074
0.11034171924936491,0.00016389412439564042,0.00020486765549455053,0.00028681471769237074
0.1107104810292551,0.00016389412439564042,0.00020486765549455053,0.00028681471769237074
0.11107924280914529,0.00016389412439564042,0.00020486765549455053,0.00028681471769237074
0.11144800458903548,0.00020486765549455053,0.00020486765549455053,0.00028681471769237074
0.11181676636892568,0.00020486765549455053,0.00020486765549455053,0.00028681471769237074
0.11218552814881587,0.00020486765549455053,0.00020486765549455053,0.00028681471769237074
0.11255428992870606,0.00020486765549455053,0.00020486765549455053,0.00028681471769237074
0.11292305170859625,0.00020486765549455053,0.00020486765549455053,0.00028681471769237074
0.11329181348848644,0.00020486765549455053,0.00020486765549455053,0.00028681471769237074
0.11366057526837663,0.00020486765549455053,0.00020486765549455053,0.00028681471769237074
0.11402933704826682,0.00020486765549455053,0.00020486765549455053,0.00028681471769237074
0.114398098828157,0.00020486765549455053,0.00020486765549455053,0.00028681471769237074
0.11476686060804721,0.00020486765549455053,0.00020486765549455053,0.00028681471769237074
0.1151356223879374,0.00020486765549455053,0.00020486765549455053,0.00028681471769237074
0.11550438416782759,0.00020486765549455053,0.00020486765549455053,0.00028681471769237074
0.11587314594771778,0.00020486765549455053,0.00020486765549455053,0.00028681471769237074
0.11624190772760797,0.00020486765549455053,0.00020486765549455053,0.00028681471769237074
0.11661066950749815,0.00020486765549455053,0.00020486765549455053,0.00028681471769237074
0.11697943128738834,0.00020486765549455053,0.00020486765549455053,0.00028681471769237074
0.11734819306727853,0.00020486765549455053,0.00020486765549455053,0.00028681471769237074
0.11771695484716872,0.00020486765549455053,0.00020486765549455053,0.00028681471769237074
0.11808571662705893,0.00020486765549455053,0.00020486765549455053,0.00028681471769237074
0.11845447840694912,0.00020486765549455053,0.00020486765549455053,0.00028681471769237074
0.1188232401868393,0.00020486765549455053,0.00020486765549455053,0.00028681471769237074
0.1191920019667295,0.00020486765549455053,0.00020486765549455053,0.00028681471769237074
0.11956076374661968,0.00020486765549455053,0.00020486765549455053,0.00028681471769237074
0.11992952552650987,0.00020486765549455053,0.00020486765549455053,0.00028681471769237074
0.12029828730640006,0.00020486765549455053,0.00020486765549455053,0.00028681471769237074
0.12066704908629025,0.00020486765549455053,0.00020486765549455053,0.00028681471769237074
0.12103581086618044,0.00020486765549455053,0.00020486765549455053,0.00028681471769237074
0.12140457264607064,0.00020486765549455053,0.00020486765549455053,0.00028681471769237074
0.12177333442596083,0.00020486765549455053,0.00020486765549455053,0.00028681471769237074
0.12214209620585102,0.00020486765549455053,0.00020486765549455053,0.00028681471769237074
0.12251085798574121,0.00020486765549455053,0.00020486765549455053,0.00028681471769237074
0.1228796197656314,0.00020486765549455053,0.00020486765549455053,0.00028681471769237074
0.12324838154552159,0.00020486765549455053,0.00020486765549455053,0.00028681471769237074
0.12361714332541178,0.00020486765549455053,0.00020486765549455053,0.00028681471769237074
0.12398590510530197,0.00020486765549455053,0.00020486765549455053,0.00028681471769237074
0.12435466688519217,0.00020486765549455053,0.00020486765549455053,0.00028681471769237074
0.12472342866508236,0.00020486765549455053,0.00020486765549455053,0.00028681471769237074
0.12509219044497255,0.00020486765549455053,0.00020486765549455053,0.00028681471769237074
0.12546095222486273,0.00020486765549455053,0.00020486765549455053,0.00028681471769237074
0.12582971400475293,0.00020486765549455053,0.00020486765549455053,0.00028681471769237074
0.12619847578464313,0.00020486765549455053,0.00020486765549455053,0.00028681471769237074
0.1265672375645333,0.00020486765549455053,0.00020486765549455053,0.00028681471769237074
0.1269359993444235,0.00020486765549455053,0.00020486765549455053,0.00028681471769237074
0.1273047611243137,0.00020486765549455053,0.00020486765549455053,0.00028681471769237074
0.1276735229042039,0.00020486765549455053,0.00020486765549455053,0.00028681471769237074
0.12804228468409407,0.00020486765549455053,0.00020486765549455053,0.00028681471769237074
0.12841104646398427,0.00020486765549455053,0.00020486765549455053,0.00028681471769237074
0.12877980824387444,0.00020486765549455053,0.00024584118659346063,0.00028681471769237074
0.12914857002376465,0.00020486765549455053,0.00024584118659346063,0.00028681471769237074
0.12951733180365485,0.00020486765549455053,0.00024584118659346063,0.00028681471769237074
0.12988609358354503,0.00020486765549455053,0.00024584118659346063,0.00028681471769237074
0.13025485536343523,0.00020486765549455053,0.00024584118659346063,0.00028681471769237074
0.1306236171433254,0.00020486765549455053,0.00024584118659346063,0.00028681471769237074
0.1309923789232156,0.00020486765549455053,0.00024584118659346063,0.00028681471769237074
0.13136114070310578,0.00020486765549455053,0.00024584118659346063,0.00028681471769237074
0.131729902482996,0.00020486765549455053,0.00024584118659346063,0.00028681471769237074
0.13209866426288616,0.00020486765549455053,0.00024584118659346063,0.00028681471769237074
0.13246742604277637,0.00020486765549455053,0.00024584118659346063,0.00028681471769237074
0.13283618782266657,0.00020486765549455053,0.00024584118659346063,0.00028681471769237074
0.13320494960255674,0.00020486765549455053,0.00024584118659346063,0.00028681471769237074
0.13357371138244695,0.00020486765549455053,0.00024584118659346063,0.00028681471769237074
0.13394247316233712,0.00020486765549455053,0.00024584118659346063,0.00028681471769237074
0.13431123494222733,0.00020486765549455053,0.00024584118659346063,0.00028681471769237074
0.1346799967221175,0.00020486765549455053,0.00024584118659346063,0.00028681471769237074
0.1350487585020077,0.00020486765549455053,0.00024584118659346063,0.00028681471769237074
0.1354175202818979,0.00020486765549455053,0.00024584118659346063,0.00028681471769237074
0.13578628206178808,0.00020486765549455053,0.00024584118659346063,0.00028681471769237074
0.13615504384167829,0.00020486765549455053,0.00024584118659346063,0.00028681471769237074
0.13652380562156846,0.00020486765549455053,0.00024584118659346063,0.00028681471769237074
0.13689256740145866,0.00020486765549455053,0.00024584118659346063,0.00028681471769237074
0.13726132918134884,0.00020486765549455053,0.00024584118659346063,0.00028681471769237074
0.13763009096123904,0.00020486765549455053,0.00024584118659346063,0.00028681471769237074
0.13799885274112922,0.00020486765549455053,0.00024584118659346063,0.00028681471769237074
0.13836761452101942,0.00020486765549455053,0.00024584118659346063,0.00028681471769237074
0.13873637630090963,0.00020486765549455053,0.00024584118659346063,0.00028681471769237074
0.1391051380807998,0.00020486765549455053,0.00024584118659346063,0.00028681471769237074
0.13947389986069,0.00020486765549455053,0.00024584118659346063,0.00028681471769237074
0.13984266164058018,0.00020486765549455053,0.00024584118659346063,0.00028681471769237074
0.14021142342047038,0.00020486765549455053,0.00024584118659346063,0.00028681471769237074
0.14058018520036056,0.00020486765549455053,0.00024584118659346063,0.00028681471769237074
0.14094894698025076,0.00020486765549455053,0.00024584118659346063,0.00028681471769237074
0.14131770876014094,0.00020486765549455053,0.00024584118659346063,0.00028681471769237074
0.14168647054003114,0.00020486765549455053,0.00024584118659346063,0.00028681471769237074
0.14205523231992134,0.00020486765549455053,0.00024584118659346063,0.00028681471769237074
0.14242399409981152,0.00020486765549455053,0.00024584118659346063,0.00028681471769237074
0.14279275587970172,0.00020486765549455053,0.00024584118659346063,0.00028681471769237074
0.1431615176595919,0.00020486765549455053,0.00024584118659346063,0.00028681471769237074
0.1435302794394821,0.00020486765549455053,0.00024584118659346063,0.00028681471769237074
0.14389904121937228,0.00020486765549455053,0.00024584118659346063,0.00028681471769237074
0.14426780299926248,0.00020486765549455053,0.00024584118659346063,0.00028681471769237074
0.14463656477915265,0.00020486765549455053,0.00024584118659346063,0.00028681471769237074
0.14500532655904286,0.00020486765549455053,0.00024584118659346063,0.00028681471769237074
0.14537408833893306,0.00020486765549455053,0.00024584118659346063,0.00028681471769237074
0.14574285011882324,0.00020486765549455053,0.00024584118659346063,0.00028681471769237074
0.14611161189871344,0.00020486765549455053,0.00024584118659346063,0.00028681471769237074
0.14648037367860361,0.00020486765549455053,0.00024584118659346063,0.00028681471769237074
0.14684913545849382,0.00020486765549455053,0.00024584118659346063,0.00028681471769237074
0.147217897238384,0.00020486765549455053,0.00024584118659346063,0.00028681471769237074
0.1475866590182742,0.00020486765549455053,0.00024584118659346063,0.00028783905596984255
0.14795542079816437,0.00020486765549455053,0.00024584118659346063,0.00028783905596984255
0.14832418257805458,0.00020486765549455053,0.00024584118659346063,0.00028783905596984255
0.14869294435794478,0.00020486765549455053,0.00024584118659346063,0.00032778824879128084
0.14906170613783495,0.00020486765549455053,0.00024584118659346063,0.00032778824879128084
0.14943046791772516,0.00020486765549455053,0.00024584118659346063,0.00032778824879128084
0.14979922969761533,0.00020486765549455053,0.00024584118659346063,0.00032778824879128084
0.15016799147750554,0.00020486765549455053,0.00024584118659346063,0.00032778824879128084
0.1505367532573957,0.00020486765549455053,0.00024584118659346063,0.00032778824879128084
0.15090551503728591,0.00020486765549455053,0.00024584118659346063,0.00032778824879128084
0.15127427681717612,0.00020486765549455053,0.00024584118659346063,0.00032778824879128084
0.1516430385970663,0.00020486765549455053,0.00024584118659346063,0.00032778824879128084
0.1520118003769565,0.00020486765549455053,0.00024584118659346063,0.00032778824879128084
0.15238056215684667,0.00020486765549455053,0.00024584118659346063,0.00032778824879128084
0.15274932393673687,0.00020486765549455053,0.00024584118659346063,0.00032778824879128084
0.15311808571662705,0.00020486765549455053,0.00024584118659346063,0.00032778824879128084
0.15348684749651725,0.00020486765549455053,0.00024584118659346063,0.00032778824879128084
0.15385560927640743,0.00020486765549455053,0.00024584118659346063,0.00032778824879128084
0.15422437105629763,0.00020486765549455053,0.00024584118659346063,0.00032778824879128084
0.15459313283618784,0.00020486765549455053,0.00024584118659346063,0.00032778824879128084
0.154961894616078,0.00020486765549455053,0.00024584118659346063,0.00032778824879128084
0.15533065639596821,0.00020486765549455053,0.00024584118659346063,0.00032778824879128084
0.1556994181758584,0.00020486765549455053,0.00024584118659346063,0.00032778824879128084
0.1560681799557486,0.00020486765549455053,0.00024584118659346063,0.00032778824879128084
0.15643694173563877,0.00020486765549455053,0.00024584118659346063,0.00032778824879128084
0.15680570351552897,0.00020486765549455053,0.00024584118659346063,0.00032778824879128084
0.15717446529541915,0.00020486765549455053,0.00024584118659346063,0.00032778824879128084
0.15754322707530935,0.00020486765549455053,0.00024584118659346063,0.00032778824879128084
0.15791198885519955,0.00020486765549455053,0.00024584118659346063,0.00032778824879128084
0.15828075063508973,0.00020486765549455053,0.00024584118659346063,0.00032778824879128084
0.15864951241497993,0.00020486765549455053,0.00024584118659346063,0.00032778824879128084
0.1590182741948701,0.00020486765549455053,0.00024584118659346063,0.00032778824879128084
0.1593870359747603,0.00020486765549455053,0.00024584118659346063,0.00032778824879128084
0.15975579775465049,0.00020486765549455053,0.00024584118659346063,0.00032778824879128084
0.1601245595345407,0.00020486765549455053,0.00024584118659346063,0.00032778824879128084
0.16049332131443086,0.00020486765549455053,0.00024584118659346063,0.00032778824879128084
0.16086208309432107,0.00020486765549455053,0.00024584118659346063,0.00032778824879128084
0.16123084487421127,0.00020486765549455053,0.00024584118659346063,0.00032778824879128084
0.16159960665410145,0.00020486765549455053,0.00024584118659346063,0.00032778824879128084
0.16196836843399165,0.00020486765549455053,0.00024584118659346063,0.00032778824879128084
0.16233713021388183,0.00020486765549455053,0.00024584118659346063,0.00032778824879128084
0.16270589199377203,0.00020486765549455053,0.00024584118659346063,0.00032778824879128084
0.1630746537736622,0.00020486765549455053,0.00024584118659346063,0.00032778824879128084
0.1634434155535524,0.00020486765549455053,0.00024584118659346063,0.00032778824879128084
0.16381217733344258,0.00020486765549455053,0.00024584118659346063,0.00032778824879128084
0.16418093911333279,0.00020486765549455053,0.00024584118659346063,0.00032778824879128084
0.164549700893223,0.00020486765549455053,0.00024584118659346063,0.00032778824879128084
0.16491846267311316,0.00020486765549455053,0.00024584118659346063,0.00032778824879128084
0.16528722445300337,0.00020486765549455053,0.00024584118659346063,0.00032778824879128084
0.16565598623289354,0.00020486765549455053,0.00024584118659346063,0.00032778824879128084
0.16602474801278375,0.00020486765549455053,0.00024584118659346063,0.00032778824879128084
0.16639350979267392,0.00020486765549455053,0.00024584118659346063,0.00032778824879128084
0.16676227157256412,0.00020486765549455053,0.00024584118659346063,0.00032778824879128084
0.16713103335245433,0.00020486765549455053,0.00024584118659346063,0.00032778824879128084
0.1674997951323445,0.00020486765549455053,0.00024584118659346063,0.00032778824879128084
0.1678685569122347,0.00020486765549455053,0.00024584118659346063,0.00032778824879128084
0.16823731869212488,0.00020486765549455053,0.00024584118659346063,0.00032778824879128084
0.16860608047201509,0.00020486765549455053,0.00024584118659346063,0.00032778824879128084
0.16897484225190526,0.00020486765549455053,0.00024584118659346063,0.00032778824879128084
0.16934360403179546,0.00020486765549455053,0.00024584118659346063,0.00032778824879128084
0.16971236581168564,0.00020486765549455053,0.00024584118659346063,0.00032778824879128084
0.17008112759157584,0.00020486765549455053,0.00024584118659346063,0.00032778824879128084
0.17044988937146605,0.00020486765549455053,0.00024584118659346063,0.00032778824879128084
0.17081865115135622,0.00020486765549455053,0.00024584118659346063,0.00032778824879128084
0.17118741293124642,0.00020486765549455053,0.00024584118659346063,0.00032778824879128084
0.1715561747111366,0.00020486765549455053,0.00024584118659346063,0.00032778824879128084
0.1719249364910268,0.00020486765549455053,0.00024584118659346063,0.00032778824879128084
0.17229369827091698,0.00020486765549455053,0.00024584118659346063,0.00032778824879128084
0.17266246005080718,0.00020486765549455053,0.00024584118659346063,0.00032778824879128084
0.17303122183069736,0.00020486765549455053,0.00024584118659346063,0.00032778824879128084
0.17339998361058756,0.00020486765549455053,0.00024584118659346063,0.00032778824879128084
0.17376874539047776,0.00020486765549455053,0.00024584118659346063,0.00032778824879128084
0.17413750717036794,0.00020486765549455053,0.00024584118659346063,0.00032778824879128084
0.17450626895025814,0.00020486765549455053,0.00024584118659346063,0.00032778824879128084
0.17487503073014832,0.00020486765549455053,0.00024584118659346063,0.00032778824879128084
0.17524379251003852,0.00020486765549455053,0.00024584118659346063,0.00032778824879128084
0.1756125542899287,0.00020486765549455053,0.00024584118659346063,0.00032778824879128084
0.1759813160698189,0.00020486765549455053,0.00024584118659346063,0.00032778824879128084
0.17635007784970907,0.00024481684831598795,0.00024584118659346063,0.00032778824879128084
0.17671883962959928,0.00024584118659346063,0.00024584118659346063,0.00032778824879128084
0.17708760140948948,0.00024584118659346063,0.00024584118659346063,0.00032778824879128084
0.17745636318937966,0.00024584118659346063,0.00024584118659346063,0.00032778824879128084
0.17782512496926986,0.00024584118659346063,0.00024584118659346063,0.00032778824879128084
0.17819388674916004,0.00024584118659346063,0.00024584118659346063,0.00032778824879128084
0.17856264852905024,0.00024584118659346063,0.00024584118659346063,0.00032778824879128084
0.17893141030894041,0.00024584118659346063,0.00024584118659346063,0.00032778824879128084
0.17930017208883062,0.00024584118659346063,0.00028681471769237074,0.00032778824879128084
0.1796689338687208,0.00024584118659346063,0.00028681471769237074,0.00032778824879128084
0.180037695648611,0.00024584118659346063,0.00028681471769237074,0.00032778824879128084
0.1804064574285012,0.00024584118659346063,0.00028681471769237074,0.00032778824879128084
0.18077521920839137,0.00024584118659346063,0.00028681471769237074,0.00032778824879128084
0.18110300745718266,0.00024584118659346063,0.00028681471769237074,0.00032778824879128084
0.18143079570597395,0.00024584118659346063,0.00028681471769237074,0.00032778824879128084
0.1817585839547652,0.00024584118659346063,0.00028681471769237074,0.00032778824879128084
0.1820863722035565,0.00024584118659346063,0.00028681471769237074,0.00032778824879128084
0.1824141604523478,0.00024584118659346063,0.00028681471769237074,0.00032778824879128084
0.18274194870113905,0.00024584118659346063,0.00028681471769237074,0.00032778824879128084
0.18306973694993034,0.00024584118659346063,0.00028681471769237074,0.00032778824879128084
0.18339752519872163,0.00024584118659346063,0.00028681471769237074,0.00032778824879128084
0.18372531344751292,0.00024584118659346063,0.00028681471769237074,0.00032778824879128084
0.18405310169630418,0.00024584118659346063,0.00028681471769237074,0.00032778824879128084
0.18438088994509547,0.00024584118659346063,0.00028681471769237074,0.00032778824879128084
0.18470867819388676,0.00024584118659346063,0.00028681471769237074,0.00032778824879128084
0.18503646644267804,0.00024584118659346063,0.00028681471769237074,0.00032778824879128084
0.1853642546914693,0.00024584118659346063,0.00028681471769237074,0.00032778824879128084
0.1856920429402606,0.00024584118659346063,0.00028681471769237074,0.00032778824879128084
0.18601983118905188,0.00024584118659346063,0.00028681471769237074,0.00032881258706875266
0.18634761943784314,0.00024584118659346063,0.00028681471769237074,0.00032881258706875266
0.18667540768663443,0.00024584118659346063,0.00028681471769237074,0.00032881258706875266
0.18700319593542572,0.00024584118659346063,0.00028681471769237074,0.00032881258706875266
0.187330984184217,0.00024584118659346063,0.00028681471769237074,0.00032881258706875266
0.18765877243300827,0.00024584118659346063,0.00028681471769237074,0.00032881258706875266
0.18798656068179956,0.00024584118659346063,0.00028681471769237074,0.00032881258706875266
0.18831434893059085,0.00024584118659346063,0.00028681471769237074,0.00036876177989019095
0.1886421371793821,0.00024584118659346063,0.00028681471769237074,0.00036876177989019095
0.1889699254281734,0.00024584118659346063,0.00028681471769237074,0.00036876177989019095
0.18929771367696469,0.00024584118659346063,0.00028681471769237074,0.00036876177989019095
0.18962550192575597,0.00024584118659346063,0.00028681471769237074,0.00036876177989019095
0.18995329017454723,0.00024584118659346063,0.00028681471769237074,0.00036876177989019095
0.19028107842333852,0.00024584118659346063,0.00028681471769237074,0.00036876177989019095
0.1906088666721298,0.00024584118659346063,0.00028681471769237074,0.00036876177989019095
0.19093665492092107,0.00024584118659346063,0.00028681471769237074,0.00036876177989019095
0.19126444316971236,0.00024584118659346063,0.00028681471769237074,0.00036876177989019095
0.19159223141850365,0.00024584118659346063,0.00028681471769237074,0.00036876177989019095
0.19192001966729494,0.00024584118659346063,0.00028681471769237074,0.00036876177989019095
0.1922478079160862,0.00024584118659346063,0.00028681471769237074,0.00036876177989019095
0.1925755961648775,0.00024584118659346063,0.00028681471769237074,0.00036876177989019095
0.19290338441366878,0.00024584118659346063,0.00028681471769237074,0.00036876177989019095
0.19323117266246004,0.00024584118659346063,0.00028681471769237074,0.00036876177989019095
0.19355896091125133,0.00024584118659346063,0.00028681471769237074,0.00036876177989019095
0.19388674916004262,0.00024584118659346063,0.00028681471769237074,0.00036876177989019095
0.1942145374088339,0.00024584118659346063,0.00028681471769237074,0.00036876177989019095
0.19454232565762516,0.00024584118659346063,0.00028681471769237074,0.00036876177989019095
0.19487011390641645,0.00024584118659346063,0.00028681471769237074,0.00036876177989019095
0.19519790215520774,0.00024584118659346063,0.00028681471769237074,0.00036876177989019095
0.195525690403999,0.00024584118659346063,0.00028681471769237074,0.00036876177989019095
0.1958534786527903,0.00024584118659346063,0.00028681471769237074,0.00036876177989019095
0.19618126690158158,0.00024584118659346063,0.00028681471769237074,0.00036876177989019095
0.19650905515037287,0.00024584118659346063,0.00028681471769237074,0.00036876177989019095
0.19683684339916413,0.00024584118659346063,0.00028681471769237074,0.00036876177989019095
0.19716463164795542,0.00024584118659346063,0.00028681471769237074,0.00036876177989019095
0.1974924198967467,0.00024584118659346063,0.00028681471769237074,0.00036876177989019095
0.197820208145538,0.00024584118659346063,0.00028681471769237074,0.00036876177989019095
0.19814799639432926,0.00024584118659346063,0.00028681471769237074,0.00036876177989019095
0.19847578464312055,0.00024584118659346063,0.00028681471769237074,0.00036876177989019095
0.19880357289191183,0.00024584118659346063,0.00028681471769237074,0.00036876177989019095
0.1991313611407031,0.00024584118659346063,0.00028681471769237074,0.00036876177989019095
0.19945914938949438,0.00024584118659346063,0.00028681471769237074,0.00036876177989019095
0.19978693763828567,0.00024584118659346063,0.00028681471769237074,0.00036876177989019095
0.20011472588707696,0.00024584118659346063,0.00028681471769237074,0.00036876177989019095
0.20044251413586822,0.00024584118659346063,0.00028681471769237074,0.00036876177989019095
0.2007703023846595,0.00024584118659346063,0.00028681471769237074,0.00036876177989019095
0.2010980906334508,0.00024584118659346063,0.00028681471769237074,0.00036876177989019095
0.20142587888224206,0.00024584118659346063,0.00028681471769237074,0.00036876177989019095
0.20175366713103335,0.00024584118659346063,0.00028681471769237074,0.00036876177989019095
0.20208145537982464,0.00024584118659346063,0.00028681471769237074,0.00036876177989019095
0.20240924362861593,0.00024584118659346063,0.00028681471769237074,0.00036876177989019095
0.2027370318774072,0.00024584118659346063,0.00028681471769237074,0.00036876177989019095
0.20306482012619848,0.00024584118659346063,0.00028681471769237074,0.00036876177989019095
0.20339260837498976,0.00024584118659346063,0.00028681471769237074,0.00036876177989019095
0.20372039662378102,0.00024584118659346063,0.00028681471769237074,0.00036876177989019095
0.2040481848725723,0.00024584118659346063,0.00028681471769237074,0.00036876177989019095
0.2043759731213636,0.00024584118659346063,0.00028681471769237074,0.00036876177989019095
0.2047037613701549,0.00024584118659346063,0.00028681471769237074,0.00036876177989019095
0.20503154961894615,0.00024584118659346063,0.00028681471769237074,0.00036876177989019095
0.20535933786773744,0.00024584118659346063,0.00028681471769237074,0.00036876177989019095
0.20568712611652873,0.00024584118659346063,0.00028681471769237074,0.00036876177989019095
0.20601491436532,0.00024584118659346063,0.00028681471769237074,0.00036876177989019095
0.20634270261411128,0.00024584118659346063,0.00028681471769237074,0.00036876177989019095
0.20667049086290257,0.00024584118659346063,0.00028681471769237074,0.00036876177989019095
0.20699827911169386,0.00024584118659346063,0.00028681471769237074,0.00036876177989019095
0.20732606736048512,0.00024584118659346063,0.00028681471769237074,0.00036876177989019095
0.2076538556092764,0.00024584118659346063,0.00028681471769237074,0.00036876177989019095
0.2079816438580677,0.00024584118659346063,0.00028681471769237074,0.00036876177989019095
0.20830943210685898,0.00024584118659346063,0.00028681471769237074,0.00036876177989019095
0.20863722035565024,0.00024584118659346063,0.00028681471769237074,0.00036876177989019095
0.20896500860444153,0.00024584118659346063,0.00028681471769237074,0.00036876177989019095
0.20929279685323282,0.00024584118659346063,0.00028681471769237074,0.00036876177989019095
0.20962058510202408,0.00024584118659346063,0.00028681471769237074,0.00036876177989019095
0.20994837335081537,0.00024584118659346063,0.00028681471769237074,0.00036876177989019095
0.21027616159960666,0.00024584118659346063,0.00028681471769237074,0.00036876177989019095
0.21060394984839795,0.00024584118659346063,0.00028681471769237074,0.00036876177989019095
0.2109317380971892,0.00024584118659346063,0.00028681471769237074,0.00036876177989019095
0.2112595263459805,0.00024584118659346063,0.00028681471769237074,0.00036876177989019095
0.21158731459477179,0.00024584118659346063,0.00028681471769237074,0.00036876177989019095
0.21191510284356305,0.00024584118659346063,0.00028681471769237074,0.00036876177989019095
0.21224289109235434,0.00024584118659346063,0.00028681471769237074,0.00036876177989019095
0.21257067934114562,0.00024584118659346063,0.00028681471769237074,0.00036876177989019095
0.2128984675899369,0.00024584118659346063,0.00028681471769237074,0.00036876177989019095
0.21322625583872817,0.00024584118659346063,0.00028681471769237074,0.00036876177989019095
0.21355404408751946,0.00024584118659346063,0.00028681471769237074,0.00036876177989019095
0.21388183233631075,0.00024584118659346063,0.00028681471769237074,0.00036876177989019095
0.214209620585102,0.00024584118659346063,0.00028681471769237074,0.00036876177989019095
0.2145374088338933,0.00024584118659346063,0.00028681471769237074,0.00036876177989019095
0.2148651970826846,0.00024584118659346063,0.00028681471769237074,0.00036876177989019095
0.21519298533147588,0.00024584118659346063,0.00028681471769237074,0.00036876177989019095
0.21552077358026714,0.00024584118659346063,0.00028681471769237074,0.00036876177989019095
0.21584856182905843,0.00024584118659346063,0.00028681471769237074,0.00036876177989019095
0.21617635007784972,0.00024584118659346063,0.00028681471769237074,0.00036876177989019095
0.21650413832664098,0.00024584118659346063,0.00028681471769237074,0.00036876177989019095
0.21683192657543227,0.00024584118659346063,0.00028681471769237074,0.00036876177989019095
0.21715971482422355,0.00024584118659346063,0.00028681471769237074,0.00036876177989019095
0.21748750307301484,0.00024584118659346063,0.00028681471769237074,0.00036876177989019095
0.2178152913218061,0.00024584118659346063,0.00028681471769237074,0.00036876177989019095
0.2181430795705974,0.00024584118659346063,0.00028681471769237074,0.00036876177989019095
0.21847086781938868,0.00024584118659346063,0.00028681471769237074,0.00036876177989019095
0.21879865606817994,0.00024584118659346063,0.00028681471769237074,0.00036876177989019095
0.21912644431697123,0.00024584118659346063,0.00028681471769237074,0.00036876177989019095
0.21945423256576252,0.00024584118659346063,0.00028681471769237074,0.00036876177989019095
0.2197820208145538,0.00024584118659346063,0.00028681471769237074,0.00036876177989019095
0.22010980906334507,0.00024584118659346063,0.00028681471769237074,0.00036978611816766276
0.22043759731213636,0.00024584118659346063,0.00028681471769237074,0.00036978611816766276
0.22076538556092765,0.00024584118659346063,0.00028681471769237074,0.00040973531098910105
0.22109317380971893,0.00024584118659346063,0.00028681471769237074,0.00040973531098910105
0.2214209620585102,0.00024584118659346063,0.00028681471769237074,0.00040973531098910105
0.22174875030730148,0.00024584118659346063,0.00028681471769237074,0.00040973531098910105
0.22207653855609277,0.00024584118659346063,0.00028681471769237074,0.00040973531098910105
0.22240432680488403,0.00024584118659346063,0.00028681471769237074,0.00040973531098910105
0.22273211505367532,0.00024584118659346063,0.00028681471769237074,0.00040973531098910105
0.2230599033024666,0.00024584118659346063,0.00028681471769237074,0.00040973531098910105
0.2233876915512579,0.00024584118659346063,0.00028681471769237074,0.00040973531098910105
0.22371547980004916,0.00024584118659346063,0.00028681471769237074,0.00040973531098910105
0.22404326804884045,0.00024584118659346063,0.00028681471769237074,0.00040973531098910105
0.22437105629763174,0.00024584118659346063,0.00028681471769237074,0.00040973531098910105
0.224698844546423,0.00024584118659346063,0.00028681471769237074,0.00040973531098910105
0.2250266327952143,0.00024584118659346063,0.00028681471769237074,0.00040973531098910105
0.22535442104400558,0.00024584118659346063,0.00028681471769237074,0.00040973531098910105
0.22568220929279686,0.00024584118659346063,0.00028681471769237074,0.00040973531098910105
0.22600999754158813,0.00024584118659346063,0.00028681471769237074,0.00040973531098910105
0.22633778579037941,0.00024584118659346063,0.00028681471769237074,0.00040973531098910105
0.2266655740391707,0.00024584118659346063,0.00028681471769237074,0.00040973531098910105
0.22699336228796196,0.00024584118659346063,0.00028681471769237074,0.00040973531098910105
0.22732115053675325,0.00024584118659346063,0.00028681471769237074,0.00040973531098910105
0.22764893878554454,0.00024584118659346063,0.00028681471769237074,0.00040973531098910105
0.22797672703433583,0.00024584118659346063,0.00028681471769237074,0.00040973531098910105
0.2283045152831271,0.00024584118659346063,0.00028681471769237074,0.00040973531098910105
0.22863230353191838,0.00024584118659346063,0.00028681471769237074,0.00040973531098910105
0.22896009178070967,0.00024584118659346063,0.00028681471769237074,0.00040973531098910105
0.22928788002950093,0.00024584118659346063,0.00028681471769237074,0.00040973531098910105
0.22961566827829222,0.00024584118659346063,0.00028681471769237074,0.00040973531098910105
0.2299434565270835,0.00024584118659346063,0.00028681471769237074,0.00040973531098910105
0.2302712447758748,0.00024584118659346063,0.00028681471769237074,0.00040973531098910105
0.23059903302466606,0.00024584118659346063,0.00028681471769237074,0.00040973531098910105
0.23092682127345734,0.00024584118659346063,0.00028681471769237074,0.00040973531098910105
0.23125460952224863,0.00024584118659346063,0.00028681471769237074,0.00040973531098910105
0.23158239777103992,0.00024584118659346063,0.00028681471769237074,0.00040973531098910105
0.23191018601983118,0.00024584118659346063,0.00028681471769237074,0.00040973531098910105
0.23223797426862247,0.00024584118659346063,0.00028681471769237074,0.00040973531098910105
0.23256576251741376,0.00024584118659346063,0.00028681471769237074,0.00040973531098910105
0.23289355076620502,0.00024584118659346063,0.00028681471769237074,0.00040973531098910105
0.2332213390149963,0.00024584118659346063,0.00028681471769237074,0.00040973531098910105
0.2335491272637876,0.00024584118659346063,0.00028681471769237074,0.00040973531098910105
0.2338769155125789,0.00024584118659346063,0.00028681471769237074,0.00040973531098910105
0.23420470376137015,0.00024584118659346063,0.00028681471769237074,0.00040973531098910105
0.23453249201016144,0.00024584118659346063,0.0003073014832418258,0.00040973531098910105
0.23486028025895272,0.00024584118659346063,0.00032778824879128084,0.00040973531098910105
0.23518806850774399,0.00024584118659346063,0.00032778824879128084,0.00040973531098910105
0.23551585675653527,0.00024584118659346063,0.00032778824879128084,0.00040973531098910105
0.23584364500532656,0.00024584118659346063,0.00032778824879128084,0.00040973531098910105
0.23617143325411785,0.00024584118659346063,0.00032778824879128084,0.00040973531098910105
0.2364992215029091,0.00024584118659346063,0.00032778824879128084,0.00040973531098910105
0.2368270097517004,0.00024584118659346063,0.00032778824879128084,0.00040973531098910105
0.2371547980004917,0.00024584118659346063,0.00032778824879128084,0.00040973531098910105
0.23748258624928295,0.00024584118659346063,0.00032778824879128084,0.00040973531098910105
0.23781037449807424,0.00024584118659346063,0.00032778824879128084,0.00040973531098910105
0.23813816274686553,0.00024584118659346063,0.00032778824879128084,0.00040973531098910105
0.23846595099565682,0.00024584118659346063,0.00032778824879128084,0.00040973531098910105
0.23879373924444808,0.00024584118659346063,0.00032778824879128084,0.00040973531098910105
0.23912152749323937,0.00024584118659346063,0.00032778824879128084,0.00040973531098910105
0.23944931574203066,0.00024584118659346063,0.00032778824879128084,0.00040973531098910105
0.23977710399082192,0.00024584118659346063,0.00032778824879128084,0.00040973531098910105
0.2401048922396132,0.00024584118659346063,0.00032778824879128084,0.00040973531098910105
0.2404326804884045,0.00024584118659346063,0.00032778824879128084,0.00040973531098910105
0.24076046873719578,0.00024584118659346063,0.00032778824879128084,0.00040973531098910105
0.24108825698598704,0.00024584118659346063,0.00032778824879128084,0.00040973531098910105
0.24141604523477833,0.00024584118659346063,0.00032778824879128084,0.00040973531098910105
0.24174383348356962,0.00024584118659346063,0.00032778824879128084,0.00040973531098910105
0.24207162173236088,0.00024584118659346063,0.00032778824879128084,0.00040973531098910105
0.24239940998115217,0.00028579037941489806,0.00032778824879128084,0.00040973531098910105
0.24272719822994346,0.00028579037941489806,0.00032778824879128084,0.00040973531098910105
0.24305498647873475,0.00028681471769237074,0.00032778824879128084,0.00040973531098910105
0.243382774727526,0.00028681471769237074,0.00032778824879128084,0.00040973531098910105
0.2437105629763173,0.00028681471769237074,0.00032778824879128084,0.00040973531098910105
0.24403835122510859,0.00028681471769237074,0.00032778824879128084,0.00040973531098910105
0.24436613947389987,0.00028681471769237074,0.00032778824879128084,0.00040973531098910105
0.24469392772269113,0.00028681471769237074,0.00032778824879128084,0.00040973531098910105
0.24502171597148242,0.00028681471769237074,0.00032778824879128084,0.00040973531098910105
0.2453495042202737,0.00028681471769237074,0.00032778824879128084,0.00040973531098910105
0.24567729246906497,0.00028681471769237074,0.00032778824879128084,0.00040973531098910105
0.24600508071785626,0.00028681471769237074,0.00032778824879128084,0.00040973531098910105
0.24633286896664755,0.00028681471769237074,0.00032778824879128084,0.00040973531098910105
0.24666065721543884,0.00028681471769237074,0.00032778824879128084,0.00040973531098910105
0.2469884454642301,0.00028681471769237074,0.00032778824879128084,0.00040973531098910105
0.2473162337130214,0.00028681471769237074,0.00032778824879128084,0.00040973531098910105
0.24764402196181268,0.00028681471769237074,0.00032778824879128084,0.00040973531098910105
0.24797181021060394,0.00028681471769237074,0.00032778824879128084,0.00040973531098910105
0.24829959845939523,0.00028681471769237074,0.00032778824879128084,0.00040973531098910105
0.24862738670818652,0.00028681471769237074,0.00032778824879128084,0.00040973531098910105
0.2489551749569778,0.00028681471769237074,0.00032778824879128084,0.00040973531098910105
0.24928296320576906,0.00028681471769237074,0.00032778824879128084,0.00040973531098910105
0.24961075145456035,0.00028681471769237074,0.00032778824879128084,0.00040973531098910105
0.24993853970335164,0.00028681471769237074,0.00032778824879128084,0.00040973531098910105
0.25026632795214293,0.00028681471769237074,0.00032778824879128084,0.00040973531098910105
0.2505941162009342,0.00028681471769237074,0.00032778824879128084,0.00040973531098910105
0.25092190444972545,0.00028681471769237074,0.00032778824879128084,0.00040973531098910105
0.25124969269851677,0.00028681471769237074,0.00032778824879128084,0.00040973531098910105
0.25157748094730803,0.00028681471769237074,0.00032778824879128084,0.00040973531098910105
0.25190526919609935,0.00028681471769237074,0.00032778824879128084,0.00040973531098910105
0.2522330574448906,0.00028681471769237074,0.00032778824879128084,0.00041075964926657287
0.25256084569368187,0.00028681471769237074,0.00032778824879128084,0.00041075964926657287
0.2528886339424732,0.00028681471769237074,0.00032778824879128084,0.00041075964926657287
0.25321642219126445,0.00028681471769237074,0.00032778824879128084,0.00041075964926657287
0.2535442104400557,0.00028681471769237074,0.00032778824879128084,0.00041075964926657287
0.253871998688847,0.00028681471769237074,0.00032778824879128084,0.00041075964926657287
0.2541997869376383,0.00028681471769237074,0.00032778824879128084,0.00045070884208801116
0.25452757518642954,0.00028681471769237074,0.00032778824879128084,0.00045070884208801116
0.25485536343522086,0.00028681471769237074,0.00032778824879128084,0.00045070884208801116
0.2551831516840121,0.00028681471769237074,0.00032778824879128084,0.00045070884208801116
0.2555109399328034,0.00028681471769237074,0.00032778824879128084,0.00045070884208801116
0.2558387281815947,0.00028681471769237074,0.00032778824879128084,0.00045070884208801116
0.25616651643038596,0.00028681471769237074,0.00032778824879128084,0.00045070884208801116
0.2564943046791773,0.00028681471769237074,0.00032778824879128084,0.00045070884208801116
0.25682209292796854,0.00028681471769237074,0.00032778824879128084,0.00045070884208801116
0.2571498811767598,0.00028681471769237074,0.00032778824879128084,0.00045070884208801116
0.2574776694255511,0.00028681471769237074,0.00032778824879128084,0.00045070884208801116
0.2578054576743424,0.00028681471769237074,0.00032778824879128084,0.00045070884208801116
0.25813324592313364,0.00028681471769237074,0.00032778824879128084,0.00045070884208801116
0.25846103417192495,0.00028681471769237074,0.00032778824879128084,0.00045070884208801116
0.2587888224207162,0.00028681471769237074,0.00032778824879128084,0.00045070884208801116
0.2591166106695075,0.00028681471769237074,0.00032778824879128084,0.00045070884208801116
0.2594443989182988,0.00028681471769237074,0.00032778824879128084,0.00045070884208801116
0.25977218716709005,0.00028681471769237074,0.00032778824879128084,0.00045070884208801116
0.26009997541588137,0.00028681471769237074,0.00032778824879128084,0.00045070884208801116
0.26042776366467263,0.00028681471769237074,0.00032778824879128084,0.00045070884208801116
0.2607555519134639,0.00028681471769237074,0.00032778824879128084,0.00045070884208801116
0.2610833401622552,0.00028681471769237074,0.00032778824879128084,0.00045070884208801116
0.26141112841104647,0.00028681471769237074,0.00032778824879128084,0.00045070884208801116
0.26173891665983773,0.00028681471769237074,0.00032778824879128084,0.00045070884208801116
0.26206670490862904,0.00028681471769237074,0.00032778824879128084,0.00045070884208801116
0.2623944931574203,0.00028681471769237074,0.00032778824879128084,0.00045070884208801116
0.26272228140621157,0.00028681471769237074,0.00032778824879128084,0.00045070884208801116
0.2630500696550029,0.00028681471769237074,0.00032778824879128084,0.00045070884208801116
0.26337785790379414,0.00028681471769237074,0.00032778824879128084,0.00045070884208801116
0.2637056461525854,0.00028681471769237074,0.00032778824879128084,0.00045070884208801116
0.2640334344013767,0.00028681471769237074,0.00032778824879128084,0.00045070884208801116
0.264361222650168,0.00028681471769237074,0.00032778824879128084,0.00045070884208801116
0.2646890108989593,0.00028681471769237074,0.00032778824879128084,0.00045070884208801116
0.26501679914775056,0.00028681471769237074,0.00032778824879128084,0.00045070884208801116
0.2653445873965418,0.00028681471769237074,0.00032778824879128084,0.00045070884208801116
0.26567237564533314,0.00028681471769237074,0.00032778824879128084,0.00045070884208801116
0.2660001638941244,0.00028681471769237074,0.00032778824879128084,0.00045070884208801116
0.26632795214291566,0.00028681471769237074,0.00032778824879128084,0.00045070884208801116
0.266655740391707,0.00028681471769237074,0.00032778824879128084,0.00045070884208801116
0.26698352864049824,0.00028681471769237074,0.00032778824879128084,0.00045070884208801116
0.2673113168892895,0.00028681471769237074,0.00032778824879128084,0.00045070884208801116
0.2676391051380808,0.00028681471769237074,0.00032778824879128084,0.00045070884208801116
0.2679668933868721,0.00028681471769237074,0.00032778824879128084,0.00045070884208801116
0.26829468163566333,0.00028681471769237074,0.00032778824879128084,0.00045070884208801116
0.26862246988445465,0.00028681471769237074,0.00032778824879128084,0.00045070884208801116
0.2689502581332459,0.00028681471769237074,0.00032778824879128084,0.00045070884208801116
0.26927804638203723,0.00028681471769237074,0.00032778824879128084,0.00045070884208801116
0.2696058346308285,0.00028681471769237074,0.00032778824879128084,0.00045070884208801116
0.26993362287961975,0.00028681471769237074,0.00032778824879128084,0.00045070884208801116
0.27026141112841107,0.00028681471769237074,0.00032778824879128084,0.00045070884208801116
0.2705891993772023,0.00028681471769237074,0.00032778824879128084,0.00045070884208801116
0.2709169876259936,0.00028681471769237074,0.00032778824879128084,0.00045070884208801116
0.2712447758747849,0.00028681471769237074,0.00032778824879128084,0.00045070884208801116
0.27157256412357617,0.00028681471769237074,0.00032778824879128084,0.00045070884208801116
0.2719003523723674,0.00028681471769237074,0.00032778824879128084,0.00045070884208801116
0.27222814062115874,0.00028681471769237074,0.00032778824879128084,0.00045070884208801116
0.27255592886995,0.00028681471769237074,0.00032778824879128084,0.00045070884208801116
0.2728837171187413,0.00028681471769237074,0.00032778824879128084,0.00045070884208801116
0.2732115053675326,0.00028681471769237074,0.00032778824879128084,0.00045070884208801116
0.27353929361632384,0.00028681471769237074,0.00032778824879128084,0.00045070884208801116
0.27386708186511516,0.00028681471769237074,0.00032778824879128084,0.00045070884208801116
0.2741948701139064,0.00028681471769237074,0.00032778824879128084,0.00045070884208801116
0.2745226583626977,0.00028681471769237074,0.00032778824879128084,0.00045070884208801116
0.274850446611489,0.00028681471769237074,0.00032778824879128084,0.00045070884208801116
0.27517823486028026,0.00028681471769237074,0.00032778824879128084,0.00045070884208801116
0.2755060231090715,0.00028681471769237074,0.00032778824879128084,0.00045070884208801116
0.27583381135786283,0.00028681471769237074,0.00032778824879128084,0.00045070884208801116
0.2761615996066541,0.00028681471769237074,0.00032778824879128084,0.00045070884208801116
0.27648938785544536,0.00028681471769237074,0.00032778824879128084,0.00045070884208801116
0.2768171761042367,0.00028681471769237074,0.00032778824879128084,0.00045070884208801116
0.27714496435302793,0.00028681471769237074,0.00032778824879128084,0.00045070884208801116
0.27747275260181925,0.00028681471769237074,0.00032778824879128084,0.00045070884208801116
0.2778005408506105,0.00028681471769237074,0.00032778824879128084,0.00045070884208801116
0.27812832909940177,0.00028681471769237074,0.00032778824879128084,0.00045070884208801116
0.2784561173481931,0.00028681471769237074,0.00032778824879128084,0.00045070884208801116
0.27878390559698435,0.00028681471769237074,0.00032778824879128084,0.00045070884208801116
0.2791116938457756,0.00028681471769237074,0.00032778824879128084,0.00045070884208801116
0.2794394820945669,0.00028681471769237074,0.00032778824879128084,0.00045070884208801116
0.2797672703433582,0.00028681471769237074,0.00032778824879128084,0.00045070884208801116
0.28009505859214945,0.00028681471769237074,0.00032778824879128084,0.00045070884208801116
0.28042284684094076,0.00028681471769237074,0.00032778824879128084,0.00045070884208801116
0.280750635089732,0.00028681471769237074,0.00032778824879128084,0.00045070884208801116
0.2810784233385233,0.00028681471769237074,0.00032778824879128084,0.00045070884208801116
0.2814062115873146,0.00028681471769237074,0.00032778824879128084,0.00045070884208801116
0.28173399983610586,0.00028681471769237074,0.00032778824879128084,0.00045070884208801116
0.2820617880848972,0.00028681471769237074,0.00032778824879128084,0.00045070884208801116
0.28238957633368844,0.00028681471769237074,0.00032778824879128084,0.00045070884208801116
0.2827173645824797,0.00028681471769237074,0.00032778824879128084,0.00045070884208801116
0.283045152831271,0.00028681471769237074,0.00036876177989019095,0.00045070884208801116
0.2833319675489634,0.00028681471769237074,0.00036876177989019095,0.00045070884208801116
0.28361878226665577,0.00028681471769237074,0.00036876177989019095,0.00045070884208801116
0.2839055969843481,0.00028681471769237074,0.00036876177989019095,0.00045070884208801116
0.28419241170204046,0.00028681471769237074,0.00036876177989019095,0.00045070884208801116
0.28447922641973283,0.00028681471769237074,0.00036876177989019095,0.00045070884208801116
0.2847660411374252,0.00028681471769237074,0.00036876177989019095,0.00045070884208801116
0.2850528558551176,0.00028681471769237074,0.00036876177989019095,0.00045070884208801116
0.28533967057280996,0.00028681471769237074,0.00036876177989019095,0.00045070884208801116
0.28562648529050233,0.00028681471769237074,0.00036876177989019095,0.00045070884208801116
0.2859133000081947,0.00028681471769237074,0.00036876177989019095,0.00045070884208801116
0.2862001147258871,0.00028681471769237074,0.00036876177989019095,0.00045070884208801116
0.28648692944357945,0.00028681471769237074,0.00036876177989019095,0.00045070884208801116
0.2867737441612718,0.00028681471769237074,0.00036876177989019095,0.00045070884208801116
0.2870605588789642,0.00028681471769237074,0.00036876177989019095,0.00045070884208801116
0.2873473735966566,0.00028681471769237074,0.00036876177989019095,0.00045070884208801116
0.28763418831434895,0.00028681471769237074,0.00036876177989019095,0.00045070884208801116
0.2879210030320413,0.00028681471769237074,0.00036876177989019095,0.00045070884208801116
0.2882078177497337,0.00028681471769237074,0.00036876177989019095,0.00045070884208801116
0.288494632467426,0.00028681471769237074,0.00036876177989019095,0.00045070884208801116
0.2887814471851184,0.00028681471769237074,0.00036876177989019095,0.00045070884208801116
0.28906826190281076,0.00028681471769237074,0.00036876177989019095,0.00045070884208801116
0.28935507662050314,0.00028681471769237074,0.00036876177989019095,0.00045070884208801116
0.2896418913381955,0.00028681471769237074,0.00036876177989019095,0.00045070884208801116
0.2899287060558879,0.00028681471769237074,0.00036876177989019095,0.00045070884208801116
0.29021552077358026,0.00028681471769237074,0.00036876177989019095,0.00045070884208801116
0.29050233549127263,0.00028681471769237074,0.00036876177989019095,0.00045070884208801116
0.290789150208965,0.00028681471769237074,0.00036876177989019095,0.00045070884208801116
0.2910759649266574,0.00028681471769237074,0.00036876177989019095,0.00045070884208801116
0.29136277964434976,0.00028681471769237074,0.00036876177989019095,0.00045070884208801116
0.29164959436204213,0.00028681471769237074,0.00036876177989019095,0.00045070884208801116
0.2919364090797345,0.00028681471769237074,0.00036876177989019095,0.00045070884208801116
0.2922232237974269,0.00028681471769237074,0.00036876177989019095,0.00045070884208801116
0.29251003851511925,0.00028681471769237074,0.00036876177989019095,0.00045070884208801116
0.2927968532328116,0.00028681471769237074,0.00036876177989019095,0.00045070884208801116
0.293083667950504,0.00028681471769237074,0.00036876177989019095,0.00045070884208801116
0.2933704826681963,0.00028681471769237074,0.00036876177989019095,0.00045070884208801116
0.2936572973858887,0.00028681471769237074,0.00036876177989019095,0.00045070884208801116
0.29394411210358107,0.00028681471769237074,0.00036876177989019095,0.00045070884208801116
0.29423092682127344,0.00028681471769237074,0.00036876177989019095,0.00045173318036548297
0.2945177415389658,0.00028681471769237074,0.00036876177989019095,0.00045173318036548297
0.2948045562566582,0.00028681471769237074,0.00036876177989019095,0.0004916823731869213
0.29509137097435056,0.00028681471769237074,0.00036876177989019095,0.0004916823731869213
0.29537818569204294,0.00028681471769237074,0.00036876177989019095,0.0004916823731869213
0.2956650004097353,0.00028681471769237074,0.00036876177989019095,0.0004916823731869213
0.2959518151274277,0.00028681471769237074,0.00036876177989019095,0.0004916823731869213
0.29623862984512006,0.00028681471769237074,0.00036876177989019095,0.0004916823731869213
0.29652544456281243,0.00028681471769237074,0.00036876177989019095,0.0004916823731869213
0.2968122592805048,0.00028681471769237074,0.00036876177989019095,0.0004916823731869213
0.2970990739981972,0.00028681471769237074,0.00036876177989019095,0.0004916823731869213
0.29738588871588956,0.00028681471769237074,0.00036876177989019095,0.0004916823731869213
0.29767270343358193,0.00028681471769237074,0.00036876177989019095,0.0004916823731869213
0.29795951815127425,0.00028681471769237074,0.00036876177989019095,0.0004916823731869213
0.2982463328689666,0.00028681471769237074,0.00036876177989019095,0.0004916823731869213
0.298533147586659,0.00028681471769237074,0.00036876177989019095,0.0004916823731869213
0.29881996230435137,0.00028681471769237074,0.00036876177989019095,0.0004916823731869213
0.29910677702204375,0.00028681471769237074,0.00036876177989019095,0.0004916823731869213
0.2993935917397361,0.00028681471769237074,0.00036876177989019095,0.0004916823731869213
0.2996804064574285,0.00028681471769237074,0.00036876177989019095,0.0004916823731869213
0.29996722117512087,0.00028681471769237074,0.00036876177989019095,0.0004916823731869213
0.30025403589281324,0.00028681471769237074,0.00036876177989019095,0.0004916823731869213
0.3005408506105056,0.00028681471769237074,0.00036876177989019095,0.0004916823731869213
0.300827665328198,0.00028681471769237074,0.00036876177989019095,0.0004916823731869213
0.30111448004589036,0.00028681471769237074,0.00036876177989019095,0.0004916823731869213
0.30140129476358274,0.00028681471769237074,0.00036876177989019095,0.0004916823731869213
0.3016881094812751,0.00028681471769237074,0.00036876177989019095,0.0004916823731869213
0.3019749241989675,0.00028681471769237074,0.00036876177989019095,0.0004916823731869213
0.30226173891665986,0.00032676391051380816,0.00036876177989019095,0.0004916823731869213
0.30254855363435224,0.00032676391051380816,0.00036876177989019095,0.0004916823731869213
0.30283536835204455,0.00032778824879128084,0.00036876177989019095,0.0004916823731869213
0.30312218306973693,0.00032778824879128084,0.00036876177989019095,0.0004916823731869213
0.3034089977874293,0.00032778824879128084,0.00036876177989019095,0.0004916823731869213
0.3036958125051217,0.00032778824879128084,0.00036876177989019095,0.0004916823731869213
0.30398262722281405,0.00032778824879128084,0.00036876177989019095,0.0004916823731869213
0.3042694419405064,0.00032778824879128084,0.00036876177989019095,0.0004916823731869213
0.3045562566581988,0.00032778824879128084,0.00036876177989019095,0.0004916823731869213
0.3048430713758912,0.00032778824879128084,0.00036876177989019095,0.0004916823731869213
0.30512988609358355,0.00032778824879128084,0.00036876177989019095,0.0004916823731869213
0.3054167008112759,0.00032778824879128084,0.00036876177989019095,0.0004916823731869213
0.3057035155289683,0.00032778824879128084,0.00036876177989019095,0.0004916823731869213
0.30599033024666067,0.00032778824879128084,0.00036876177989019095,0.0004916823731869213
0.30627714496435304,0.00032778824879128084,0.00036876177989019095,0.0004916823731869213
0.3065639596820454,0.00032778824879128084,0.00036876177989019095,0.0004916823731869213
0.3068507743997378,0.00032778824879128084,0.00036876177989019095,0.0004916823731869213
0.30713758911743017,0.00032778824879128084,0.00036876177989019095,0.0004916823731869213
0.3074244038351225,0.00032778824879128084,0.00036876177989019095,0.0004916823731869213
0.30771121855281486,0.00032778824879128084,0.00036876177989019095,0.0004916823731869213
0.30799803327050723,0.00032778824879128084,0.00036876177989019095,0.0004916823731869213
0.3082848479881996,0.00032778824879128084,0.00036876177989019095,0.0004916823731869213
0.308571662705892,0.00032778824879128084,0.00036876177989019095,0.0004916823731869213
0.30885847742358435,0.00032778824879128084,0.00036876177989019095,0.0004916823731869213
0.30914529214127673,0.00032778824879128084,0.00036876177989019095,0.0004916823731869213
0.3094321068589691,0.00032778824879128084,0.00036876177989019095,0.0004916823731869213
0.3097189215766615,0.00032778824879128084,0.00036876177989019095,0.0004916823731869213
0.31000573629435385,0.00032778824879128084,0.00036876177989019095,0.0004916823731869213
0.3102925510120462,0.00032778824879128084,0.00036876177989019095,0.0004916823731869213
0.3105793657297386,0.00032778824879128084,0.00036876177989019095,0.0004916823731869213
0.310866180447431,0.00032778824879128084,0.00036876177989019095,0.0004916823731869213
0.31115299516512335,0.00032778824879128084,0.00036876177989019095,0.0004916823731869213
0.3114398098828157,0.00032778824879128084,0.00036876177989019095,0.0004916823731869213
0.3117266246005081,0.00032778824879128084,0.00036876177989019095,0.0004916823731869213
0.31201343931820047,0.00032778824879128084,0.00036876177989019095,0.0004916823731869213
0.3123002540358928,0.00032778824879128084,0.00036876177989019095,0.0004916823731869213
0.31258706875358516,0.00032778824879128084,0.00036876177989019095,0.0004916823731869213
0.31287388347127754,0.00032778824879128084,0.00036876177989019095,0.0004916823731869213
0.3131606981889699,0.00032778824879128084,0.00036876177989019095,0.0004916823731869213
0.3134475129066623,0.00032778824879128084,0.00036876177989019095,0.0004916823731869213
0.31373432762435466,0.00032778824879128084,0.00036876177989019095,0.0004916823731869213
0.31402114234204703,0.00032778824879128084,0.00036876177989019095,0.0004916823731869213
0.3143079570597394,0.00032778824879128084,0.00036876177989019095,0.0004916823731869213
0.3145947717774318,0.00032778824879128084,0.00036876177989019095,0.0004916823731869213
0.31488158649512415,0.00032778824879128084,0.00036876177989019095,0.0004916823731869213
0.31516840121281653,0.00032778824879128084,0.00036876177989019095,0.0004916823731869213
0.3154552159305089,0.00032778824879128084,0.00036876177989019095,0.0004916823731869213
0.3157420306482013,0.00032778824879128084,0.00036876177989019095,0.0004916823731869213
0.31602884536589365,0.00032778824879128084,0.00036876177989019095,0.0004916823731869213
0.316315660083586,0.00032778824879128084,0.00036876177989019095,0.0004916823731869213
0.3166024748012784,0.00032778824879128084,0.00036876177989019095,0.0004916823731869213
0.3168892895189707,0.00032778824879128084,0.00036876177989019095,0.0004916823731869213
0.3171761042366631,0.00032778824879128084,0.00036876177989019095,0.0004916823731869213
0.31746291895435547,0.00032778824879128084,0.00036876177989019095,0.0004916823731869213
0.31774973367204784,0.00032778824879128084,0.00036876177989019095,0.0004916823731869213
0.3180365483897402,0.00032778824879128084,0.00036876177989019095,0.0004916823731869213
0.3183233631074326,0.00032778824879128084,0.00036876177989019095,0.0004916823731869213
0.31861017782512496,0.00032778824879128084,0.00036876177989019095,0.0004916823731869213
0.31889699254281734,0.00032778824879128084,0.00036876177989019095,0.0004916823731869213
0.3191838072605097,0.00032778824879128084,0.00036876177989019095,0.0004916823731869213
0.3194706219782021,0.00032778824879128084,0.00036876177989019095,0.0004916823731869213
0.31975743669589446,0.00032778824879128084,0.00036876177989019095,0.0004916823731869213
0.32004425141358683,0.00032778824879128084,0.00036876177989019095,0.0004916823731869213
0.3203310661312792,0.00032778824879128084,0.00036876177989019095,0.0004916823731869213
0.3206178808489716,0.00032778824879128084,0.00036876177989019095,0.0004916823731869213
0.32090469556666396,0.00032778824879128084,0.00036876177989019095,0.0004916823731869213
0.32119151028435633,0.00032778824879128084,0.00036876177989019095,0.0004916823731869213
0.3214783250020487,0.00032778824879128084,0.00036876177989019095,0.0004916823731869213
0.321765139719741,0.00032778824879128084,0.00036876177989019095,0.0004916823731869213
0.3220519544374334,0.00032778824879128084,0.00036876177989019095,0.0004916823731869213
0.32233876915512577,0.00032778824879128084,0.00036876177989019095,0.0004916823731869213
0.32262558387281814,0.00032778824879128084,0.00036876177989019095,0.0004916823731869213
0.3229123985905105,0.00032778824879128084,0.00036876177989019095,0.0004916823731869213
0.3231992133082029,0.00032778824879128084,0.00036876177989019095,0.0004916823731869213
0.32348602802589527,0.00032778824879128084,0.00036876177989019095,0.0004916823731869213
0.32377284274358764,0.00032778824879128084,0.00036876177989019095,0.0004916823731869213
0.32405965746128,0.00032778824879128084,0.00036876177989019095,0.0004916823731869213
0.3243464721789724,0.00032778824879128084,0.00036876177989019095,0.0004916823731869213
0.32463328689666476,0.00032778824879128084,0.00036876177989019095,0.0004916823731869213
0.32492010161435714,0.00032778824879128084,0.00036876177989019095,0.0004916823731869213
0.3252069163320495,0.00032778824879128084,0.00036876177989019095,0.0004916823731869213
0.3254937310497419,0.00032778824879128084,0.00036876177989019095,0.0004916823731869213
0.32578054576743426,0.00032778824879128084,0.00036876177989019095,0.0004916823731869213
0.32606736048512663,0.00032778824879128084,0.00036876177989019095,0.0004916823731869213
0.32635417520281895,0.00032778824879128084,0.00036876177989019095,0.0004916823731869213
0.3266409899205113,0.00032778824879128084,0.00036876177989019095,0.0004916823731869213
0.3269278046382037,0.00032778824879128084,0.00036876177989019095,0.0004916823731869213
0.3272146193558961,0.00032778824879128084,0.00036876177989019095,0.0004916823731869213
0.32750143407358845,0.00032778824879128084,0.00036876177989019095,0.0004916823731869213
0.3277882487912808,0.00032778824879128084,0.00040973531098910105,0.0004916823731869213
0.3280750635089732,0.00032778824879128084,0.00040973531098910105,0.0004916823731869213
0.32836187822666557,0.00032778824879128084,0.00040973531098910105,0.0004916823731869213
0.32864869294435795,0.00032778824879128084,0.00040973531098910105,0.0004916823731869213
0.3289355076620503,0.00032778824879128084,0.00040973531098910105,0.0004916823731869213
0.3292223223797427,0.00032778824879128084,0.00040973531098910105,0.0004916823731869213
0.32950913709743507,0.00032778824879128084,0.00040973531098910105,0.0004916823731869213
0.32979595181512744,0.00032778824879128084,0.00040973531098910105,0.0004916823731869213
0.3300827665328198,0.00032778824879128084,0.00040973531098910105,0.0004916823731869213
0.3303695812505122,0.00032778824879128084,0.00040973531098910105,0.0004916823731869213
0.33065639596820456,0.00032778824879128084,0.00040973531098910105,0.0004916823731869213
0.33094321068589694,0.00032778824879128084,0.00040973531098910105,0.0004916823731869213
0.33123002540358926,0.00032778824879128084,0.00040973531098910105,0.0004916823731869213
0.33151684012128163,0.00032778824879128084,0.00040973531098910105,0.0004916823731869213
0.331803654838974,0.00032778824879128084,0.00040973531098910105,0.0004916823731869213
0.3320904695566664,0.00032778824879128084,0.00040973531098910105,0.0004916823731869213
0.33237728427435875,0.00032778824879128084,0.00040973531098910105,0.0004916823731869213
0.3326640989920511,0.00032778824879128084,0.00040973531098910105,0.0004916823731869213
0.3329509137097435,0.00032778824879128084,0.00040973531098910105,0.0004916823731869213
0.3332377284274359,0.00032778824879128084,0.00040973531098910105,0.0004916823731869213
0.33352454314512825,0.00032778824879128084,0.00040973531098910105,0.0004916823731869213
0.3338113578628206,0.00032778824879128084,0.00040973531098910105,0.0004916823731869213
0.334098172580513,0.00032778824879128084,0.00040973531098910105,0.0004927067114643931
0.33438498729820537,0.00032778824879128084,0.00040973531098910105,0.0004927067114643931
0.33467180201589775,0.00032778824879128084,0.00040973531098910105,0.0004927067114643931
0.3349586167335901,0.00032778824879128084,0.00040973531098910105,0.0005326559042858314
0.3352454314512825,0.00032778824879128084,0.00040973531098910105,0.0005326559042858314
0.33553224616897487,0.00032778824879128084,0.00040973531098910105,0.0005326559042858314
0.3358190608866672,0.00032778824879128084,0.00040973531098910105,0.0005326559042858314
0.33610587560435956,0.00032778824879128084,0.00040973531098910105,0.0005326559042858314
0.33639269032205193,0.00032778824879128084,0.00040973531098910105,0.0005326559042858314
0.3366795050397443,0.00032778824879128084,0.00040973531098910105,0.0005326559042858314
0.3369663197574367,0.00032778824879128084,0.00040973531098910105,0.0005326559042858314
0.33725313447512906,0.00032778824879128084,0.00040973531098910105,0.0005326559042858314
0.33753994919282143,0.00032778824879128084,0.00040973531098910105,0.0005326559042858314
0.3378267639105138,0.00032778824879128084,0.00040973531098910105,0.0005326559042858314
0.3381135786282062,0.00032778824879128084,0.00040973531098910105,0.0005326559042858314
0.33840039334589855,0.00032778824879128084,0.00040973531098910105,0.0005326559042858314
0.3386872080635909,0.00032778824879128084,0.00040973531098910105,0.0005326559042858314
0.3389740227812833,0.00032778824879128084,0.00040973531098910105,0.0005326559042858314
0.3392608374989757,0.00032778824879128084,0.00040973531098910105,0.0005326559042858314
0.33954765221666805,0.00032778824879128084,0.00040973531098910105,0.0005326559042858314
0.3398344669343604,0.00032778824879128084,0.00040973531098910105,0.0005326559042858314
0.3401212816520528,0.00032778824879128084,0.00040973531098910105,0.0005326559042858314
0.3404080963697452,0.00032778824879128084,0.00040973531098910105,0.0005326559042858314
0.3406949110874375,0.00032778824879128084,0.00040973531098910105,0.0005326559042858314
0.34098172580512986,0.00032778824879128084,0.00040973531098910105,0.0005326559042858314
0.34126854052282224,0.00032778824879128084,0.00040973531098910105,0.0005326559042858314
0.3415553552405146,0.00032778824879128084,0.00040973531098910105,0.0005326559042858314
0.341842169958207,0.00032778824879128084,0.00040973531098910105,0.0005326559042858314
0.34212898467589936,0.00032778824879128084,0.00040973531098910105,0.0005326559042858314
0.34241579939359174,0.00032778824879128084,0.00040973531098910105,0.0005326559042858314
0.3427026141112841,0.00032778824879128084,0.00040973531098910105,0.0005326559042858314
0.3429894288289765,0.00032778824879128084,0.00040973531098910105,0.0005326559042858314
0.34327624354666886,0.00032778824879128084,0.00040973531098910105,0.0005326559042858314
0.34356305826436123,0.00032778824879128084,0.00040973531098910105,0.0005326559042858314
0.3438498729820536,0.00032778824879128084,0.00040973531098910105,0.0005326559042858314
0.344136687699746,0.00032778824879128084,0.00040973531098910105,0.0005326559042858314
0.34442350241743835,0.00032778824879128084,0.00040973531098910105,0.0005326559042858314
0.34471031713513073,0.00032778824879128084,0.00040973531098910105,0.0005326559042858314
0.3449971318528231,0.00032778824879128084,0.00040973531098910105,0.0005326559042858314
0.3452839465705154,0.00032778824879128084,0.00040973531098910105,0.0005326559042858314
0.3455707612882078,0.00032778824879128084,0.00040973531098910105,0.0005326559042858314
0.34585757600590017,0.00032778824879128084,0.00040973531098910105,0.0005326559042858314
0.34614439072359254,0.00032778824879128084,0.00040973531098910105,0.0005326559042858314
0.3464312054412849,0.00032778824879128084,0.00040973531098910105,0.0005326559042858314
0.3467180201589773,0.00032778824879128084,0.00040973531098910105,0.0005326559042858314
0.34700483487666967,0.00032778824879128084,0.00040973531098910105,0.0005326559042858314
0.34729164959436204,0.00032778824879128084,0.00040973531098910105,0.0005326559042858314
0.3475784643120544,0.00032778824879128084,0.00040973531098910105,0.0005326559042858314
0.3478652790297468,0.00032778824879128084,0.00040973531098910105,0.0005326559042858314
0.34815209374743916,0.00036773744161271827,0.00040973531098910105,0.0005326559042858314
0.34843890846513154,0.00036773744161271827,0.00040973531098910105,0.0005326559042858314
0.3487257231828239,0.00036773744161271827,0.00040973531098910105,0.0005326559042858314
0.3490125379005163,0.00036773744161271827,0.00040973531098910105,0.0005326559042858314
0.34929935261820866,0.00036876177989019095,0.00040973531098910105,0.0005326559042858314
0.34958616733590103,0.00036876177989019095,0.00040973531098910105,0.0005326559042858314
0.34987298205359335,0.00036876177989019095,0.00040973531098910105,0.0005326559042858314
0.3501597967712857,0.00036876177989019095,0.00040973531098910105,0.0005326559042858314
0.3504466114889781,0.00036876177989019095,0.00040973531098910105,0.0005326559042858314
0.3507334262066705,0.00036876177989019095,0.00040973531098910105,0.0005326559042858314
0.35102024092436285,0.00036876177989019095,0.00040973531098910105,0.0005326559042858314
0.3513070556420552,0.00036876177989019095,0.00040973531098910105,0.0005326559042858314
0.3515938703597476,0.00036876177989019095,0.00040973531098910105,0.0005326559042858314
0.35188068507743997,0.00036876177989019095,0.00040973531098910105,0.0005326559042858314
0.35216749979513234,0.00036876177989019095,0.00040973531098910105,0.0005326559042858314
0.3524543145128247,0.00036876177989019095,0.00040973531098910105,0.0005326559042858314
0.3527411292305171,0.00036876177989019095,0.00040973531098910105,0.0005326559042858314
0.35302794394820947,0.00036876177989019095,0.00040973531098910105,0.0005326559042858314
0.35331475866590184,0.00036876177989019095,0.00040973531098910105,0.0005326559042858314
0.3536015733835942,0.00036876177989019095,0.00040973531098910105,0.0005326559042858314
0.3538883881012866,0.00036876177989019095,0.00040973531098910105,0.0005326559042858314
0.35417520281897896,0.00036876177989019095,0.00040973531098910105,0.0005326559042858314
0.35446201753667134,0.00036876177989019095,0.00040973531098910105,0.0005326559042858314
0.35474883225436366,0.00036876177989019095,0.00040973531098910105,0.0005326559042858314
0.35503564697205603,0.00036876177989019095,0.00040973531098910105,0.0005326559042858314
0.3553224616897484,0.00036876177989019095,0.00040973531098910105,0.0005326559042858314
0.3556092764074408,0.00036876177989019095,0.00040973531098910105,0.0005326559042858314
0.35589609112513315,0.00036876177989019095,0.00040973531098910105,0.0005326559042858314
0.3561829058428255,0.00036876177989019095,0.00040973531098910105,0.0005326559042858314
0.3564697205605179,0.00036876177989019095,0.00040973531098910105,0.0005326559042858314
0.3567565352782103,0.00036876177989019095,0.00040973531098910105,0.0005326559042858314
0.35704334999590265,0.00036876177989019095,0.00040973531098910105,0.0005326559042858314
0.357330164713595,0.00036876177989019095,0.00040973531098910105,0.0005326559042858314
0.3576169794312874,0.00036876177989019095,0.00040973531098910105,0.0005326559042858314
0.35790379414897977,0.00036876177989019095,0.00040973531098910105,0.0005326559042858314
0.35819060886667214,0.00036876177989019095,0.00040973531098910105,0.0005326559042858314
0.3584774235843645,0.00036876177989019095,0.00040973531098910105,0.0005326559042858314
0.3587642383020569,0.00036876177989019095,0.00040973531098910105,0.0005326559042858314
0.35905105301974927,0.00036876177989019095,0.00040973531098910105,0.0005326559042858314
0.3593378677374416,0.00036876177989019095,0.00040973531098910105,0.0005326559042858314
0.35962468245513396,0.00036876177989019095,0.00040973531098910105,0.0005326559042858314
0.35991149717282633,0.00036876177989019095,0.00040973531098910105,0.0005326559042858314
0.3601983118905187,0.00036876177989019095,0.00040973531098910105,0.0005326559042858314
0.3604851266082111,0.00036876177989019095,0.00040973531098910105,0.0005326559042858314
0.36077194132590346,0.00036876177989019095,0.00040973531098910105,0.0005326559042858314
0.36105875604359583,0.00036876177989019095,0.00040973531098910105,0.0005326559042858314
0.3613455707612882,0.00036876177989019095,0.00040973531098910105,0.0005326559042858314
0.3616323854789806,0.00036876177989019095,0.00040973531098910105,0.0005326559042858314
0.36191920019667295,0.00036876177989019095,0.00040973531098910105,0.0005326559042858314
0.3622060149143653,0.00036876177989019095,0.00040973531098910105,0.0005326559042858314
0.3624928296320577,0.00036876177989019095,0.00040973531098910105,0.0005326559042858314
0.3627796443497501,0.00036876177989019095,0.00040973531098910105,0.0005326559042858314
0.36306645906744245,0.00036876177989019095,0.00040973531098910105,0.0005326559042858314
0.3633532737851348,0.00036876177989019095,0.00040973531098910105,0.0005326559042858314
0.3636400885028272,0.00036876177989019095,0.00040973531098910105,0.0005326559042858314
0.36392690322051957,0.00036876177989019095,0.00040973531098910105,0.0005326559042858314
0.3642137179382119,0.00036876177989019095,0.00040973531098910105,0.0005326559042858314
0.36450053265590426,0.00036876177989019095,0.00040973531098910105,0.0005326559042858314
0.36478734737359664,0.00036876177989019095,0.00040973531098910105,0.0005326559042858314
0.365074162091289,0.00036876177989019095,0.00040973531098910105,0.0005336802425633032
0.3653609768089814,0.00036876177989019095,0.00040973531098910105,0.0005336802425633032
0.36564779152667376,0.00036876177989019095,0.00040973531098910105,0.0005736294353847415
0.36593460624436613,0.00036876177989019095,0.00040973531098910105,0.0005736294353847415
0.3662214209620585,0.00036876177989019095,0.00040973531098910105,0.0005736294353847415
0.3665082356797509,0.00036876177989019095,0.00040973531098910105,0.0005736294353847415
0.36679505039744326,0.00036876177989019095,0.00040973531098910105,0.0005736294353847415
0.36708186511513563,0.00036876177989019095,0.00040973531098910105,0.0005736294353847415
0.367368679832828,0.00036876177989019095,0.00040973531098910105,0.0005736294353847415
0.3676554945505204,0.00036876177989019095,0.00040973531098910105,0.0005736294353847415
0.36794230926821275,0.00036876177989019095,0.00040973531098910105,0.0005736294353847415
0.3682291239859051,0.00036876177989019095,0.00040973531098910105,0.0005736294353847415
0.3685159387035975,0.00036876177989019095,0.0004302220765385561,0.0005736294353847415
0.3688027534212898,0.00036876177989019095,0.00045070884208801116,0.0005736294353847415
0.3690895681389822,0.00036876177989019095,0.00045070884208801116,0.0005736294353847415
0.36937638285667457,0.00036876177989019095,0.00045070884208801116,0.0005736294353847415
0.36966319757436694,0.00036876177989019095,0.00045070884208801116,0.0005736294353847415
0.3699500122920593,0.00036876177989019095,0.00045070884208801116,0.0005736294353847415
0.3702368270097517,0.00036876177989019095,0.00045070884208801116,0.0005736294353847415
0.37052364172744406,0.00036876177989019095,0.00045070884208801116,0.0005736294353847415
0.37081045644513644,0.00036876177989019095,0.00045070884208801116,0.0005736294353847415
0.3710972711628288,0.00036876177989019095,0.00045070884208801116,0.0005736294353847415
0.3713840858805212,0.00036876177989019095,0.00045070884208801116,0.0005736294353847415
0.37167090059821356,0.00036876177989019095,0.00045070884208801116,0.0005736294353847415
0.37195771531590593,0.00036876177989019095,0.00045070884208801116,0.0005736294353847415
0.3722445300335983,0.00036876177989019095,0.00045070884208801116,0.0005736294353847415
0.3725313447512907,0.00036876177989019095,0.00045070884208801116,0.0005736294353847415
0.37281815946898306,0.00036876177989019095,0.00045070884208801116,0.0005736294353847415
0.37310497418667543,0.00036876177989019095,0.00045070884208801116,0.0005736294353847415
0.3733917889043678,0.00036876177989019095,0.00045070884208801116,0.0005736294353847415
0.3736786036220601,0.00036876177989019095,0.00045070884208801116,0.0005736294353847415
0.3739654183397525,0.00036876177989019095,0.00045070884208801116,0.0005736294353847415
0.37425223305744487,0.00036876177989019095,0.00045070884208801116,0.0005736294353847415
0.37453904777513725,0.00036876177989019095,0.00045070884208801116,0.0005736294353847415
0.3748258624928296,0.00036876177989019095,0.00045070884208801116,0.0005736294353847415
0.375112677210522,0.00036876177989019095,0.00045070884208801116,0.0005736294353847415
0.37539949192821437,0.00036876177989019095,0.00045070884208801116,0.0005736294353847415
0.37568630664590674,0.00036876177989019095,0.00045070884208801116,0.0005736294353847415
0.3759731213635991,0.00036876177989019095,0.00045070884208801116,0.0005736294353847415
0.3762599360812915,0.00036876177989019095,0.00045070884208801116,0.0005736294353847415
0.37654675079898386,0.00036876177989019095,0.00045070884208801116,0.0005736294353847415
0.37683356551667624,0.00036876177989019095,0.00045070884208801116,0.0005736294353847415
0.3771203802343686,0.00036876177989019095,0.00045070884208801116,0.0005736294353847415
0.377407194952061,0.00036876177989019095,0.00045070884208801116,0.0005736294353847415
0.37769400966975336,0.00036876177989019095,0.00045070884208801116,0.0005736294353847415
0.37798082438744574,0.00036876177989019095,0.00045070884208801116,0.0005736294353847415
0.37826763910513805,0.00036876177989019095,0.00045070884208801116,0.0005736294353847415
0.37855445382283043,0.00036876177989019095,0.00045070884208801116,0.0005736294353847415
0.3788412685405228,0.00036876177989019095,0.00045070884208801116,0.0005736294353847415
0.3791280832582152,0.00036876177989019095,0.00045070884208801116,0.0005736294353847415
0.37941489797590755,0.00036876177989019095,0.00045070884208801116,0.0005736294353847415
0.3797017126935999,0.00036876177989019095,0.00045070884208801116,0.0005736294353847415
0.3799885274112923,0.00036876177989019095,0.00045070884208801116,0.0005736294353847415
0.3802753421289847,0.00036876177989019095,0.00045070884208801116,0.0005736294353847415
0.38056215684667705,0.00036876177989019095,0.00045070884208801116,0.0005736294353847415
0.3808489715643694,0.00036876177989019095,0.00045070884208801116,0.0005736294353847415
0.3811357862820618,0.00036876177989019095,0.00045070884208801116,0.0005736294353847415
0.38142260099975417,0.00036876177989019095,0.00045070884208801116,0.0005736294353847415
0.38170941571744654,0.00036876177989019095,0.00045070884208801116,0.0005736294353847415
0.3819962304351389,0.00036876177989019095,0.00045070884208801116,0.0005736294353847415
0.3822830451528313,0.00036876177989019095,0.00045070884208801116,0.0005736294353847415
0.38256985987052367,0.00036876177989019095,0.00045070884208801116,0.0005736294353847415
0.38285667458821604,0.00036876177989019095,0.00045070884208801116,0.0005736294353847415
0.38314348930590836,0.00036876177989019095,0.00045070884208801116,0.0005736294353847415
0.38343030402360073,0.00036876177989019095,0.00045070884208801116,0.0005736294353847415
0.3837171187412931,0.00036876177989019095,0.00045070884208801116,0.0005736294353847415
0.3840039334589855,0.00036876177989019095,0.00045070884208801116,0.0005736294353847415
0.38429074817667785,0.00036876177989019095,0.00045070884208801116,0.0005736294353847415
0.38457756289437023,0.00036876177989019095,0.00045070884208801116,0.0005736294353847415
0.3848643776120626,0.00036876177989019095,0.00045070884208801116,0.0005736294353847415
0.385151192329755,0.00036876177989019095,0.00045070884208801116,0.0005736294353847415
0.38543800704744735,0.00036876177989019095,0.00045070884208801116,0.0005736294353847415
0.3856838482340408,0.00036876177989019095,0.00045070884208801116,0.0005736294353847415
0.38592968942063427,0.00036876177989019095,0.00045070884208801116,0.0005736294353847415
0.38617553060722776,0.00036876177989019095,0.00045070884208801116,0.0005736294353847415
0.3864213717938212,0.00036876177989019095,0.00045070884208801116,0.0005736294353847415
0.3866672129804147,0.00036876177989019095,0.00045070884208801116,0.0005736294353847415
0.3869130541670081,0.00036876177989019095,0.00045070884208801116,0.0005736294353847415
0.3871588953536016,0.00036876177989019095,0.00045070884208801116,0.0005736294353847415
0.387404736540195,0.00036876177989019095,0.00045070884208801116,0.0005736294353847415
0.3876505777267885,0.00036876177989019095,0.00045070884208801116,0.0005736294353847415
0.38789641891338195,0.00036876177989019095,0.00045070884208801116,0.0005736294353847415
0.38814226009997543,0.00036876177989019095,0.00045070884208801116,0.0005736294353847415
0.38838810128656887,0.00036876177989019095,0.00045070884208801116,0.0005736294353847415
0.38863394247316235,0.00036876177989019095,0.00045070884208801116,0.0005736294353847415
0.3888797836597558,0.00036876177989019095,0.00045070884208801116,0.0005736294353847415
0.38912562484634927,0.00036876177989019095,0.00045070884208801116,0.0005736294353847415
0.3893714660329427,0.00036876177989019095,0.00045070884208801116,0.0005736294353847415
0.3896173072195362,0.00036876177989019095,0.00045070884208801116,0.0005736294353847415
0.3898631484061296,0.00036876177989019095,0.00045070884208801116,0.0005736294353847415
0.3901089895927231,0.00036876177989019095,0.00045070884208801116,0.0005736294353847415
0.39035483077931654,0.00036876177989019095,0.00045070884208801116,0.0005736294353847415
0.39060067196591003,0.00036876177989019095,0.00045070884208801116,0.0005736294353847415
0.39084651315250346,0.00036876177989019095,0.00045070884208801116,0.0005736294353847415
0.39109235433909695,0.00036876177989019095,0.00045070884208801116,0.0005736294353847415
0.3913381955256904,0.00036876177989019095,0.00045070884208801116,0.0005736294353847415
0.39158403671228387,0.00036876177989019095,0.00045070884208801116,0.0005736294353847415
0.3918298778988773,0.00036876177989019095,0.00045070884208801116,0.0005736294353847415
0.3920757190854708,0.00036876177989019095,0.00045070884208801116,0.0005736294353847415
0.3923215602720643,0.00036876177989019095,0.00045070884208801116,0.0005736294353847415
0.3925674014586577,0.00036876177989019095,0.00045070884208801116,0.0005736294353847415
0.3928132426452512,0.00036876177989019095,0.00045070884208801116,0.0005736294353847415
0.3930590838318446,0.00036876177989019095,0.00045070884208801116,0.0005736294353847415
0.3933049250184381,0.00036876177989019095,0.00045070884208801116,0.0005736294353847415
0.39355076620503154,0.00036876177989019095,0.00045070884208801116,0.0005736294353847415
0.39379660739162503,0.00036876177989019095,0.00045070884208801116,0.0005736294353847415
0.39404244857821846,0.00036876177989019095,0.00045070884208801116,0.0005736294353847415
0.39428828976481195,0.00036876177989019095,0.00045070884208801116,0.0005736294353847415
0.3945341309514054,0.00036876177989019095,0.00045070884208801116,0.0005736294353847415
0.39477997213799887,0.00036876177989019095,0.00045070884208801116,0.0005736294353847415
0.3950258133245923,0.00036876177989019095,0.00045070884208801116,0.0005736294353847415
0.3952716545111858,0.00036876177989019095,0.00045070884208801116,0.0005736294353847415
0.3955174956977792,0.00036876177989019095,0.00045070884208801116,0.0005736294353847415
0.3957633368843727,0.00036876177989019095,0.00045070884208801116,0.0005736294353847415
0.39600917807096614,0.00036876177989019095,0.00045070884208801116,0.0005736294353847415
0.3962550192575596,0.00036876177989019095,0.00045070884208801116,0.0005736294353847415
0.39650086044415306,0.00036876177989019095,0.00045070884208801116,0.0005746537736622133
0.39674670163074655,0.00036876177989019095,0.00045070884208801116,0.0005746537736622133
0.39699254281734,0.00036876177989019095,0.00045070884208801116,0.0006146029664836516
0.39723838400393346,0.00036876177989019095,0.00045070884208801116,0.0006146029664836516
0.3974842251905269,0.00036876177989019095,0.00045070884208801116,0.0006146029664836516
0.3977300663771204,0.0004087109727116284,0.00045070884208801116,0.0006146029664836516
0.3979759075637138,0.00040973531098910105,0.00045070884208801116,0.0006146029664836516
0.3982217487503073,0.00040973531098910105,0.00045070884208801116,0.0006146029664836516
0.39846758993690073,0.00040973531098910105,0.00045070884208801116,0.0006146029664836516
0.3987134311234942,0.00040973531098910105,0.00045070884208801116,0.0006146029664836516
0.3989592723100877,0.00040973531098910105,0.00045070884208801116,0.0006146029664836516
0.39920511349668114,0.00040973531098910105,0.00045070884208801116,0.0006146029664836516
0.39945095468327463,0.00040973531098910105,0.00045070884208801116,0.0006146029664836516
0.39969679586986806,0.00040973531098910105,0.00045070884208801116,0.0006146029664836516
0.39994263705646155,0.00040973531098910105,0.00045070884208801116,0.0006146029664836516
0.400188478243055,0.00040973531098910105,0.00045070884208801116,0.0006146029664836516
0.40043431942964847,0.00040973531098910105,0.00045070884208801116,0.0006146029664836516
0.4006801606162419,0.00040973531098910105,0.00045070884208801116,0.0006146029664836516
0.4009260018028354,0.00040973531098910105,0.00045070884208801116,0.0006146029664836516
0.4011718429894288,0.00040973531098910105,0.00045070884208801116,0.0006146029664836516
0.4014176841760223,0.00040973531098910105,0.00045070884208801116,0.0006146029664836516
0.40166352536261574,0.00040973531098910105,0.00045070884208801116,0.0006146029664836516
0.4019093665492092,0.00040973531098910105,0.00045070884208801116,0.0006146029664836516
0.40215520773580266,0.00040973531098910105,0.00045070884208801116,0.0006146029664836516
0.40240104892239614,0.00040973531098910105,0.00045070884208801116,0.0006146029664836516
0.4026468901089896,0.00040973531098910105,0.00045070884208801116,0.0006146029664836516
0.40289273129558306,0.00040973531098910105,0.00045070884208801116,0.0006146029664836516
0.4031385724821765,0.00040973531098910105,0.00045070884208801116,0.0006146029664836516
0.40338441366877,0.00040973531098910105,0.00045070884208801116,0.0006146029664836516
0.4036302548553634,0.00040973531098910105,0.00045070884208801116,0.0006146029664836516
0.4038760960419569,0.00040973531098910105,0.00045070884208801116,0.0006146029664836516
0.40412193722855033,0.00040973531098910105,0.00045070884208801116,0.0006146029664836516
0.4043677784151438,0.00040973531098910105,0.00045070884208801116,0.0006146029664836516
0.40461361960173725,0.00040973531098910105,0.00045070884208801116,0.0006146029664836516
0.40485946078833074,0.00040973531098910105,0.00045070884208801116,0.0006146029664836516
0.4051053019749242,0.00040973531098910105,0.00045070884208801116,0.0006146029664836516
0.40535114316151766,0.00040973531098910105,0.0004711956076374662,0.0006146029664836516
0.40559698434811114,0.00040973531098910105,0.0004711956076374662,0.0006146029664836516
0.4058428255347046,0.00040973531098910105,0.0004916823731869213,0.0006146029664836516
0.40608866672129806,0.00040973531098910105,0.0004916823731869213,0.0006146029664836516
0.4063345079078915,0.00040973531098910105,0.0004916823731869213,0.0006146029664836516
0.406580349094485,0.00040973531098910105,0.0004916823731869213,0.0006146029664836516
0.4068261902810784,0.00040973531098910105,0.0004916823731869213,0.0006146029664836516
0.4070720314676719,0.00040973531098910105,0.0004916823731869213,0.0006146029664836516
0.40731787265426533,0.00040973531098910105,0.0004916823731869213,0.0006146029664836516
0.4075637138408588,0.00040973531098910105,0.0004916823731869213,0.0006146029664836516
0.40780955502745225,0.00040973531098910105,0.0004916823731869213,0.0006146029664836516
0.40805539621404574,0.00040973531098910105,0.0004916823731869213,0.0006146029664836516
0.40830123740063917,0.00040973531098910105,0.0004916823731869213,0.0006146029664836516
0.40854707858723266,0.00040973531098910105,0.0004916823731869213,0.0006146029664836516
0.4087929197738261,0.00040973531098910105,0.0004916823731869213,0.0006146029664836516
0.4090387609604196,0.00040973531098910105,0.0004916823731869213,0.0006146029664836516
0.409284602147013,0.00040973531098910105,0.0004916823731869213,0.0006146029664836516
0.4095304433336065,0.00040973531098910105,0.0004916823731869213,0.0006146029664836516
0.40977628452019993,0.00040973531098910105,0.0004916823731869213,0.0006146029664836516
0.4100221257067934,0.00040973531098910105,0.0004916823731869213,0.0006146029664836516
0.41026796689338685,0.00040973531098910105,0.0004916823731869213,0.0006146029664836516
0.41051380807998034,0.00040973531098910105,0.0004916823731869213,0.0006146029664836516
0.41075964926657377,0.00040973531098910105,0.0004916823731869213,0.0006146029664836516
0.41100549045316725,0.00040973531098910105,0.0004916823731869213,0.0006146029664836516
0.41125133163976074,0.00040973531098910105,0.0004916823731869213,0.0006146029664836516
0.4114971728263542,0.00040973531098910105,0.0004916823731869213,0.0006146029664836516
0.41174301401294766,0.00040973531098910105,0.0004916823731869213,0.0006146029664836516
0.4119888551995411,0.00040973531098910105,0.0004916823731869213,0.0006146029664836516
0.4122346963861346,0.00040973531098910105,0.0004916823731869213,0.0006146029664836516
0.412480537572728,0.00040973531098910105,0.0004916823731869213,0.0006146029664836516
0.4127263787593215,0.00040973531098910105,0.0004916823731869213,0.0006146029664836516
0.41297221994591493,0.00040973531098910105,0.0004916823731869213,0.0006146029664836516
0.4132180611325084,0.00040973531098910105,0.0004916823731869213,0.0006146029664836516
0.41346390231910185,0.00040973531098910105,0.0004916823731869213,0.0006146029664836516
0.41370974350569534,0.00040973531098910105,0.0004916823731869213,0.0006146029664836516
0.41395558469228877,0.00040973531098910105,0.0004916823731869213,0.0006146029664836516
0.41420142587888226,0.00040973531098910105,0.0004916823731869213,0.0006146029664836516
0.4144472670654757,0.00040973531098910105,0.0004916823731869213,0.0006146029664836516
0.4146931082520692,0.00040973531098910105,0.0004916823731869213,0.0006146029664836516
0.4149389494386626,0.00040973531098910105,0.0004916823731869213,0.0006146029664836516
0.4151847906252561,0.00040973531098910105,0.0004916823731869213,0.0006156273047611234
0.4154306318118495,0.00040973531098910105,0.0004916823731869213,0.0006555764975825617
0.415676472998443,0.00040973531098910105,0.0004916823731869213,0.0006555764975825617
0.41592231418503645,0.00040973531098910105,0.0004916823731869213,0.0006555764975825617
0.41616815537162993,0.00040973531098910105,0.0004916823731869213,0.0006555764975825617
0.41641399655822336,0.00040973531098910105,0.0004916823731869213,0.0006555764975825617
0.41665983774481685,0.00040973531098910105,0.0004916823731869213,0.0006555764975825617
0.4169056789314103,0.00040973531098910105,0.0004916823731869213,0.0006555764975825617
0.41715152011800377,0.00040973531098910105,0.0004916823731869213,0.0006555764975825617
0.4173973613045972,0.00040973531098910105,0.0004916823731869213,0.0006555764975825617
0.4176432024911907,0.00040973531098910105,0.0004916823731869213,0.0006555764975825617
0.4178890436777842,0.00040973531098910105,0.0004916823731869213,0.0006555764975825617
0.4181348848643776,0.00040973531098910105,0.0004916823731869213,0.0006555764975825617
0.4183807260509711,0.00040973531098910105,0.0004916823731869213,0.0006555764975825617
0.41862656723756453,0.00040973531098910105,0.0004916823731869213,0.0006555764975825617
0.418872408424158,0.00040973531098910105,0.0004916823731869213,0.0006555764975825617
0.41911824961075145,0.00040973531098910105,0.0004916823731869213,0.0006555764975825617
0.41936409079734493,0.00040973531098910105,0.0004916823731869213,0.0006555764975825617
0.41960993198393837,0.00040973531098910105,0.0004916823731869213,0.0006555764975825617
0.41985577317053185,0.00040973531098910105,0.0004916823731869213,0.0006555764975825617
0.4201016143571253,0.00040973531098910105,0.0004916823731869213,0.0006555764975825617
0.4203474555437188,0.00040973531098910105,0.0004916823731869213,0.0006555764975825617
0.4205932967303122,0.00040973531098910105,0.0004916823731869213,0.0006555764975825617
0.4208391379169057,0.00040973531098910105,0.0004916823731869213,0.0006555764975825617
0.4210849791034991,0.00040973531098910105,0.0004916823731869213,0.0006555764975825617
0.4213308202900926,0.00040973531098910105,0.0004916823731869213,0.0006555764975825617
0.42157666147668604,0.00040973531098910105,0.0004916823731869213,0.0006555764975825617
0.42182250266327953,0.00040973531098910105,0.0004916823731869213,0.0006555764975825617
0.42206834384987296,0.00040973531098910105,0.0004916823731869213,0.0006555764975825617
0.42231418503646645,0.00040973531098910105,0.0004916823731869213,0.0006555764975825617
0.4225600262230599,0.00040973531098910105,0.0004916823731869213,0.0006555764975825617
0.42280586740965337,0.00040973531098910105,0.0004916823731869213,0.0006555764975825617
0.4230517085962468,0.00040973531098910105,0.0004916823731869213,0.0006555764975825617
0.4232975497828403,0.00040973531098910105,0.0004916823731869213,0.0006555764975825617
0.4235433909694337,0.00040973531098910105,0.0004916823731869213,0.0006555764975825617
0.4237892321560272,0.00040973531098910105,0.0004916823731869213,0.0006555764975825617
0.4240350733426207,0.00040973531098910105,0.0004916823731869213,0.0006555764975825617
0.4242809145292141,0.00040973531098910105,0.0004916823731869213,0.0006555764975825617
0.4245267557158076,0.00040973531098910105,0.0004916823731869213,0.0006555764975825617
0.42477259690240105,0.00040973531098910105,0.0004916823731869213,0.0006555764975825617
0.42501843808899453,0.00040973531098910105,0.0004916823731869213,0.0006555764975825617
0.42526427927558796,0.00040973531098910105,0.0004916823731869213,0.0006555764975825617
0.42551012046218145,0.00040973531098910105,0.0004916823731869213,0.0006555764975825617
0.4257559616487749,0.00040973531098910105,0.0004916823731869213,0.0006555764975825617
0.42600180283536837,0.00040973531098910105,0.0004916823731869213,0.0006555764975825617
0.4262476440219618,0.00040973531098910105,0.0004916823731869213,0.0006555764975825617
0.4264934852085553,0.00040973531098910105,0.0004916823731869213,0.0006555764975825617
0.4267393263951487,0.00040973531098910105,0.0004916823731869213,0.0006555764975825617
0.4269851675817422,0.00040973531098910105,0.0004916823731869213,0.0006555764975825617
0.42723100876833564,0.00040973531098910105,0.0004916823731869213,0.0006555764975825617
0.42747684995492913,0.00040973531098910105,0.0004916823731869213,0.0006555764975825617
0.42772269114152256,0.00040973531098910105,0.0004916823731869213,0.0006555764975825617
0.42796853232811605,0.00040973531098910105,0.0004916823731869213,0.0006555764975825617
0.4282143735147095,0.00040973531098910105,0.0004916823731869213,0.0006555764975825617
0.42846021470130297,0.00040973531098910105,0.0004916823731869213,0.0006555764975825617
0.4287060558878964,0.00040973531098910105,0.0004916823731869213,0.0006555764975825617
0.4289518970744899,0.00040973531098910105,0.0004916823731869213,0.0006555764975825617
0.4291977382610833,0.00040973531098910105,0.0004916823731869213,0.0006555764975825617
0.4294435794476768,0.00040973531098910105,0.0004916823731869213,0.0006555764975825617
0.42968942063427024,0.00040973531098910105,0.0004916823731869213,0.0006555764975825617
0.4299352618208637,0.00040973531098910105,0.0004916823731869213,0.0006555764975825617
0.43018110300745716,0.00040973531098910105,0.0004916823731869213,0.0006555764975825617
0.43042694419405064,0.00040973531098910105,0.0004916823731869213,0.0006555764975825617
0.43067278538064413,0.00040973531098910105,0.0004916823731869213,0.0006555764975825617
0.43091862656723756,0.00040973531098910105,0.0004916823731869213,0.0006555764975825617
0.43116446775383105,0.00040973531098910105,0.0004916823731869213,0.0006555764975825617
0.4314103089404245,0.00040973531098910105,0.0004916823731869213,0.0006555764975825617
0.43165615012701797,0.00040973531098910105,0.0004916823731869213,0.0006555764975825617
0.4319019913136114,0.00040973531098910105,0.0004916823731869213,0.0006555764975825617
0.4321478325002049,0.00040973531098910105,0.0004916823731869213,0.0006555764975825617
0.4323936736867983,0.00040973531098910105,0.0004916823731869213,0.0006555764975825617
0.4326395148733918,0.00040973531098910105,0.0004916823731869213,0.0006555764975825617
0.43288535605998524,0.00040973531098910105,0.0004916823731869213,0.0006555764975825617
0.4331311972465787,0.00040973531098910105,0.0004916823731869213,0.0006555764975825617
0.43337703843317216,0.00040973531098910105,0.0004916823731869213,0.0006555764975825617
0.43362287961976564,0.00040973531098910105,0.0004916823731869213,0.0006555764975825617
0.4338687208063591,0.00040973531098910105,0.0004916823731869213,0.0006555764975825617
0.43411456199295256,0.00040973531098910105,0.0004916823731869213,0.0006555764975825617
0.434360403179546,0.0004496845038105385,0.0004916823731869213,0.0006555764975825617
0.4346062443661395,0.00045070884208801116,0.0004916823731869213,0.0006555764975825617
0.4348520855527329,0.00045070884208801116,0.0004916823731869213,0.0006555764975825617
0.4350979267393264,0.00045070884208801116,0.0004916823731869213,0.0006555764975825617
0.43534376792591983,0.00045070884208801116,0.0004916823731869213,0.0006555764975825617
0.4355896091125133,0.00045070884208801116,0.0004916823731869213,0.0006555764975825617
0.43583545029910675,0.00045070884208801116,0.0004916823731869213,0.0006555764975825617
0.43608129148570024,0.00045070884208801116,0.0004916823731869213,0.0006555764975825617
0.43632713267229367,0.00045070884208801116,0.0004916823731869213,0.0006555764975825617
0.43657297385888716,0.00045070884208801116,0.0004916823731869213,0.0006555764975825617
0.43681881504548065,0.00045070884208801116,0.0004916823731869213,0.0006555764975825617
0.4370646562320741,0.00045070884208801116,0.0004916823731869213,0.0006555764975825617
0.43731049741866757,0.00045070884208801116,0.0004916823731869213,0.0006555764975825617
0.437556338605261,0.00045070884208801116,0.0004916823731869213,0.0006555764975825617
0.4378021797918545,0.00045070884208801116,0.0004916823731869213,0.0006555764975825617
0.4380480209784479,0.00045070884208801116,0.0004916823731869213,0.0006555764975825617
0.4382938621650414,0.00045070884208801116,0.0004916823731869213,0.0006555764975825617
0.43853970335163484,0.00045070884208801116,0.0004916823731869213,0.0006555764975825617
0.4387855445382283,0.00045070884208801116,0.0004916823731869213,0.0006555764975825617
0.43903138572482175,0.00045070884208801116,0.0004916823731869213,0.0006555764975825617
0.43927722691141524,0.00045070884208801116,0.0004916823731869213,0.0006555764975825617
0.4395230680980087,0.00045070884208801116,0.0004916823731869213,0.0006555764975825617
0.43976890928460216,0.00045070884208801116,0.0004916823731869213,0.0006555764975825617
0.4400147504711956,0.00045070884208801116,0.0004916823731869213,0.0006555764975825617
0.4402605916577891,0.00045070884208801116,0.0004916823731869213,0.0006555764975825617
0.4405064328443825,0.00045070884208801116,0.0004916823731869213,0.0006555764975825617
0.440752274030976,0.00045070884208801116,0.0004916823731869213,0.0006555764975825617
0.44099811521756943,0.00045070884208801116,0.0005121691387363764,0.0006555764975825617
0.4412439564041629,0.00045070884208801116,0.0005326559042858314,0.0006555764975825617
0.44148979759075635,0.00045070884208801116,0.0005326559042858314,0.0006555764975825617
0.44173563877734984,0.00045070884208801116,0.0005326559042858314,0.0006555764975825617
0.44198147996394327,0.00045070884208801116,0.0005326559042858314,0.0006555764975825617
0.44222732115053676,0.00045070884208801116,0.0005326559042858314,0.0006555764975825617
0.4424731623371302,0.00045070884208801116,0.0005326559042858314,0.0006555764975825617
0.4427190035237237,0.00045070884208801116,0.0005326559042858314,0.0006555764975825617
0.44296484471031716,0.00045070884208801116,0.0005326559042858314,0.0006566008358600336
0.4432106858969106,0.00045070884208801116,0.0005326559042858314,0.0006566008358600336
0.4434565270835041,0.00045070884208801116,0.0005326559042858314,0.0006566008358600336
0.4437023682700975,0.00045070884208801116,0.0005326559042858314,0.0006566008358600336
0.443948209456691,0.00045070884208801116,0.0005326559042858314,0.0006566008358600336
0.44419405064328443,0.00045070884208801116,0.0005326559042858314,0.0006566008358600336
0.4444398918298779,0.00045070884208801116,0.0005326559042858314,0.0006566008358600336
0.44468573301647135,0.00045070884208801116,0.0005326559042858314,0.0006965500286814718
0.44493157420306484,0.00045070884208801116,0.0005326559042858314,0.0006965500286814718
0.44517741538965827,0.00045070884208801116,0.0005326559042858314,0.0006965500286814718
0.44542325657625176,0.00045070884208801116,0.0005326559042858314,0.0006965500286814718
0.4456690977628452,0.00045070884208801116,0.0005326559042858314,0.0006965500286814718
0.4459149389494387,0.00045070884208801116,0.0005326559042858314,0.0006965500286814718
0.4461607801360321,0.00045070884208801116,0.0005326559042858314,0.0006965500286814718
0.4464066213226256,0.00045070884208801116,0.0005326559042858314,0.0006965500286814718
0.44665246250921903,0.00045070884208801116,0.0005326559042858314,0.0006965500286814718
0.4468983036958125,0.00045070884208801116,0.0005326559042858314,0.0006965500286814718
0.44714414488240595,0.00045070884208801116,0.0005326559042858314,0.0006965500286814718
0.44738998606899943,0.00045070884208801116,0.0005326559042858314,0.0006965500286814718
0.44763582725559287,0.00045070884208801116,0.0005326559042858314,0.0006965500286814718
0.44788166844218635,0.00045070884208801116,0.0005326559042858314,0.0006965500286814718
0.4481275096287798,0.00045070884208801116,0.0005326559042858314,0.0006965500286814718
0.4483733508153733,0.00045070884208801116,0.0005326559042858314,0.0006965500286814718
0.4486191920019667,0.00045070884208801116,0.0005326559042858314,0.0006965500286814718
0.4488650331885602,0.00045070884208801116,0.0005326559042858314,0.0006965500286814718
0.4491108743751536,0.00045070884208801116,0.0005326559042858314,0.0006965500286814718
0.4493567155617471,0.00045070884208801116,0.0005326559042858314,0.0006965500286814718
0.4496025567483406,0.00045070884208801116,0.0005326559042858314,0.0006965500286814718
0.44984839793493403,0.00045070884208801116,0.0005326559042858314,0.0006965500286814718
0.4500942391215275,0.00045070884208801116,0.0005326559042858314,0.0006965500286814718
0.45034008030812095,0.00045070884208801116,0.0005326559042858314,0.0006965500286814718
0.45058592149471444,0.00045070884208801116,0.0005326559042858314,0.0006965500286814718
0.45083176268130787,0.00045070884208801116,0.0005326559042858314,0.0006965500286814718
0.45107760386790136,0.00045070884208801116,0.0005326559042858314,0.0006965500286814718
0.4513234450544948,0.00045070884208801116,0.0005326559042858314,0.0006965500286814718
0.4515692862410883,0.00045070884208801116,0.0005326559042858314,0.0006965500286814718
0.4518151274276817,0.00045070884208801116,0.0005326559042858314,0.0006965500286814718
0.4520609686142752,0.00045070884208801116,0.0005326559042858314,0.0006965500286814718
0.4523068098008686,0.00045070884208801116,0.0005326559042858314,0.0006965500286814718
0.4525526509874621,0.00045070884208801116,0.0005326559042858314,0.0006965500286814718
0.45279849217405554,0.00045070884208801116,0.0005326559042858314,0.0006965500286814718
0.45304433336064903,0.00045070884208801116,0.0005326559042858314,0.0006965500286814718
0.45329017454724246,0.00045070884208801116,0.0005326559042858314,0.0006965500286814718
0.45353601573383595,0.00045070884208801116,0.0005326559042858314,0.0006965500286814718
0.4537818569204294,0.00045070884208801116,0.0005326559042858314,0.0006965500286814718
0.45402769810702287,0.00045070884208801116,0.0005326559042858314,0.0006965500286814718
0.4542735392936163,0.00045070884208801116,0.0005326559042858314,0.0006965500286814718
0.4545193804802098,0.00045070884208801116,0.0005326559042858314,0.0006965500286814718
0.4547652216668032,0.00045070884208801116,0.0005326559042858314,0.0006965500286814718
0.4550110628533967,0.00045070884208801116,0.0005326559042858314,0.0006965500286814718
0.45525690403999014,0.00045070884208801116,0.0005326559042858314,0.0006965500286814718
0.4555027452265836,0.00045070884208801116,0.0005326559042858314,0.0006965500286814718
0.4557485864131771,0.00045070884208801116,0.0005326559042858314,0.0006965500286814718
0.45599442759977055,0.00045070884208801116,0.0005326559042858314,0.0006965500286814718
0.45624026878636403,0.00045070884208801116,0.0005326559042858314,0.0006965500286814718
0.45648610997295747,0.00045070884208801116,0.0005326559042858314,0.0006965500286814718
0.45673195115955095,0.00045070884208801116,0.0005326559042858314,0.0006965500286814718
0.4569777923461444,0.00045070884208801116,0.0005326559042858314,0.0006965500286814718
0.45722363353273787,0.00045070884208801116,0.0005326559042858314,0.0006965500286814718
0.4574694747193313,0.00045070884208801116,0.0005326559042858314,0.0006965500286814718
0.4577153159059248,0.00045070884208801116,0.0005326559042858314,0.0006965500286814718
0.4579611570925182,0.00045070884208801116,0.0005326559042858314,0.0006965500286814718
0.4582069982791117,0.00045070884208801116,0.0005326559042858314,0.0006965500286814718
0.45845283946570514,0.00045070884208801116,0.0005326559042858314,0.0006965500286814718
0.45869868065229863,0.00045070884208801116,0.0005326559042858314,0.0006965500286814718
0.45894452183889206,0.00045070884208801116,0.0005326559042858314,0.0006965500286814718
0.45919036302548555,0.00045070884208801116,0.0005326559042858314,0.0006965500286814718
0.459436204212079,0.00045070884208801116,0.0005326559042858314,0.0006965500286814718
0.45968204539867247,0.00045070884208801116,0.0005326559042858314,0.0006965500286814718
0.4599278865852659,0.00045070884208801116,0.0005326559042858314,0.0006965500286814718
0.4601737277718594,0.00045070884208801116,0.0005326559042858314,0.0006965500286814718
0.4604195689584528,0.00045070884208801116,0.0005326559042858314,0.0006965500286814718
0.4606654101450463,0.00045070884208801116,0.0005326559042858314,0.0006965500286814718
0.46091125133163974,0.00045070884208801116,0.0005326559042858314,0.0006965500286814718
0.4611570925182332,0.00045070884208801116,0.0005326559042858314,0.0006965500286814718
0.46140293370482666,0.00045070884208801116,0.0005326559042858314,0.0006965500286814718
0.46164877489142014,0.00045070884208801116,0.0005326559042858314,0.0006965500286814718
0.4618946160780136,0.00045070884208801116,0.0005326559042858314,0.0006965500286814718
0.46214045726460706,0.00045070884208801116,0.0005326559042858314,0.0006965500286814718
0.46238629845120055,0.00045070884208801116,0.0005326559042858314,0.0006965500286814718
0.462632139637794,0.00045070884208801116,0.0005326559042858314,0.0006965500286814718
0.46287798082438747,0.00045070884208801116,0.0005326559042858314,0.0006965500286814718
0.4631238220109809,0.00045070884208801116,0.0005326559042858314,0.0006965500286814718
0.4633696631975744,0.00045070884208801116,0.0005326559042858314,0.0006965500286814718
0.4636155043841678,0.00045070884208801116,0.0005326559042858314,0.0006975743669589437
0.4638613455707613,0.00045070884208801116,0.0005326559042858314,0.0006975743669589437
0.46410718675735474,0.00045070884208801116,0.0005326559042858314,0.0007375235597803819
0.4643530279439482,0.00045070884208801116,0.0005326559042858314,0.0007375235597803819
0.46459886913054166,0.00045070884208801116,0.0005326559042858314,0.0007375235597803819
0.46484471031713515,0.00045070884208801116,0.0005326559042858314,0.0007375235597803819
0.4650905515037286,0.00045070884208801116,0.0005326559042858314,0.0007375235597803819
0.46533639269032206,0.00045070884208801116,0.0005326559042858314,0.0007375235597803819
0.4655822338769155,0.00045070884208801116,0.0005326559042858314,0.0007375235597803819
0.465828075063509,0.00045070884208801116,0.0005326559042858314,0.0007375235597803819
0.4660739162501024,0.00045070884208801116,0.0005326559042858314,0.0007375235597803819
0.4663197574366959,0.00045070884208801116,0.0005326559042858314,0.0007375235597803819
0.46656559862328933,0.00045070884208801116,0.0005326559042858314,0.0007375235597803819
0.4668114398098828,0.00045070884208801116,0.0005326559042858314,0.0007375235597803819
0.46705728099647625,0.00045070884208801116,0.0005326559042858314,0.0007375235597803819
0.46730312218306974,0.00045070884208801116,0.0005326559042858314,0.0007375235597803819
0.4675489633696632,0.00045070884208801116,0.0005326559042858314,0.0007375235597803819
0.46779480455625666,0.00045070884208801116,0.0005326559042858314,0.0007375235597803819
0.4680406457428501,0.00045070884208801116,0.0005326559042858314,0.0007375235597803819
0.4682864869294436,0.00045070884208801116,0.0005326559042858314,0.0007375235597803819
0.46853232811603707,0.00045070884208801116,0.0005326559042858314,0.0007375235597803819
0.4687781693026305,0.00045070884208801116,0.0005326559042858314,0.0007375235597803819
0.469024010489224,0.00045070884208801116,0.0005326559042858314,0.0007375235597803819
0.4692698516758174,0.00045070884208801116,0.0005326559042858314,0.0007375235597803819
0.4695156928624109,0.00045070884208801116,0.0005326559042858314,0.0007375235597803819
0.46976153404900434,0.00045070884208801116,0.0005326559042858314,0.0007375235597803819
0.4700073752355978,0.00045070884208801116,0.0005326559042858314,0.0007375235597803819
0.47025321642219126,0.00045070884208801116,0.0005326559042858314,0.0007375235597803819
0.47049905760878474,0.00045070884208801116,0.0005326559042858314,0.0007375235597803819
0.4707448987953782,0.00045070884208801116,0.0005326559042858314,0.0007375235597803819
0.47099073998197166,0.00045070884208801116,0.0005326559042858314,0.0007375235597803819
0.4712365811685651,0.00045070884208801116,0.0005326559042858314,0.0007375235597803819
0.4714824223551586,0.00045070884208801116,0.0005736294353847415,0.0007375235597803819
0.471728263541752,0.00045070884208801116,0.0005736294353847415,0.0007375235597803819
0.4719741047283455,0.00045070884208801116,0.0005736294353847415,0.0007375235597803819
0.47221994591493893,0.00045070884208801116,0.0005736294353847415,0.0007375235597803819
0.4724657871015324,0.00045070884208801116,0.0005736294353847415,0.0007375235597803819
0.47271162828812585,0.00045070884208801116,0.0005736294353847415,0.0007375235597803819
0.47295746947471934,0.00045070884208801116,0.0005736294353847415,0.0007375235597803819
0.47320331066131277,0.00045070884208801116,0.0005736294353847415,0.0007375235597803819
0.47344915184790626,0.00045070884208801116,0.0005736294353847415,0.0007375235597803819
0.4736949930344997,0.00045070884208801116,0.0005736294353847415,0.0007375235597803819
0.4739408342210932,0.00045070884208801116,0.0005736294353847415,0.0007375235597803819
0.4741866754076866,0.00045070884208801116,0.0005736294353847415,0.0007375235597803819
0.4744325165942801,0.00045070884208801116,0.0005736294353847415,0.0007375235597803819
0.47471933131197247,0.00045070884208801116,0.0005736294353847415,0.0007375235597803819
0.47500614602966484,0.00045070884208801116,0.0005736294353847415,0.0007375235597803819
0.4752929607473572,0.00045070884208801116,0.0005736294353847415,0.0007375235597803819
0.4755797754650496,0.00045070884208801116,0.0005736294353847415,0.0007375235597803819
0.47586659018274197,0.00045070884208801116,0.0005736294353847415,0.0007375235597803819
0.47615340490043434,0.00045070884208801116,0.0005736294353847415,0.0007375235597803819
0.4764402196181267,0.00045070884208801116,0.0005736294353847415,0.0007375235597803819
0.47672703433581903,0.00045070884208801116,0.0005736294353847415,0.0007375235597803819
0.4770138490535114,0.00045070884208801116,0.0005736294353847415,0.0007375235597803819
0.4773006637712038,0.0004906580349094485,0.0005736294353847415,0.0007375235597803819
0.47758747848889616,0.0004916823731869213,0.0005736294353847415,0.0007375235597803819
0.47787429320658853,0.0004916823731869213,0.0005736294353847415,0.0007375235597803819
0.4781611079242809,0.0004916823731869213,0.0005736294353847415,0.0007375235597803819
0.4784479226419733,0.0004916823731869213,0.0005736294353847415,0.0007375235597803819
0.47873473735966565,0.0004916823731869213,0.0005736294353847415,0.0007375235597803819
0.479021552077358,0.0004916823731869213,0.0005736294353847415,0.0007375235597803819
0.4793083667950504,0.0004916823731869213,0.0005736294353847415,0.0007375235597803819
0.4795951815127428,0.0004916823731869213,0.0005736294353847415,0.0007375235597803819
0.47988199623043515,0.0004916823731869213,0.0005736294353847415,0.0007375235597803819
0.4801688109481275,0.0004916823731869213,0.0005736294353847415,0.0007385478980578538
0.4804556256658199,0.0004916823731869213,0.0005736294353847415,0.0007385478980578538
0.48074244038351227,0.0004916823731869213,0.0005736294353847415,0.0007385478980578538
0.48102925510120464,0.0004916823731869213,0.0005736294353847415,0.0007385478980578538
0.481316069818897,0.0004916823731869213,0.0005736294353847415,0.000778497090879292
0.48160288453658934,0.0004916823731869213,0.0005736294353847415,0.000778497090879292
0.4818896992542817,0.0004916823731869213,0.0005736294353847415,0.000778497090879292
0.4821765139719741,0.0004916823731869213,0.0005736294353847415,0.000778497090879292
0.48246332868966646,0.0004916823731869213,0.0005736294353847415,0.000778497090879292
0.48275014340735883,0.0004916823731869213,0.0005736294353847415,0.000778497090879292
0.4830369581250512,0.0004916823731869213,0.0005736294353847415,0.000778497090879292
0.4833237728427436,0.0004916823731869213,0.0005736294353847415,0.000778497090879292
0.48361058756043596,0.0004916823731869213,0.0005736294353847415,0.000778497090879292
0.48389740227812833,0.0004916823731869213,0.0005736294353847415,0.000778497090879292
0.4841842169958207,0.0004916823731869213,0.0005736294353847415,0.000778497090879292
0.4844710317135131,0.0004916823731869213,0.0005736294353847415,0.000778497090879292
0.48475784643120545,0.0004916823731869213,0.0005736294353847415,0.000778497090879292
0.4850446611488978,0.0004916823731869213,0.0005736294353847415,0.000778497090879292
0.4853314758665902,0.0004916823731869213,0.0005736294353847415,0.000778497090879292
0.4856182905842826,0.0004916823731869213,0.0005736294353847415,0.000778497090879292
0.48590510530197495,0.0004916823731869213,0.0005736294353847415,0.000778497090879292
0.48619192001966727,0.0004916823731869213,0.0005736294353847415,0.000778497090879292
0.48647873473735964,0.0004916823731869213,0.0005736294353847415,0.000778497090879292
0.486765549455052,0.0004916823731869213,0.0005736294353847415,0.000778497090879292
0.4870523641727444,0.0004916823731869213,0.0005736294353847415,0.000778497090879292
0.48733917889043676,0.0004916823731869213,0.0005736294353847415,0.000778497090879292
0.48762599360812914,0.0004916823731869213,0.0005736294353847415,0.000778497090879292
0.4879128083258215,0.0004916823731869213,0.0005736294353847415,0.000778497090879292
0.4881996230435139,0.0004916823731869213,0.0005736294353847415,0.000778497090879292
0.48848643776120626,0.0004916823731869213,0.0005736294353847415,0.000778497090879292
0.48877325247889863,0.0004916823731869213,0.0005736294353847415,0.000778497090879292
0.489060067196591,0.0004916823731869213,0.0005736294353847415,0.000778497090879292
0.4893468819142834,0.0004916823731869213,0.0005736294353847415,0.000778497090879292
0.48963369663197576,0.0004916823731869213,0.0005736294353847415,0.000778497090879292
0.48992051134966813,0.0004916823731869213,0.0005736294353847415,0.000778497090879292
0.4902073260673605,0.0004916823731869213,0.0005736294353847415,0.000778497090879292
0.4904941407850529,0.0004916823731869213,0.0005736294353847415,0.000778497090879292
0.49078095550274525,0.0004916823731869213,0.0005736294353847415,0.000778497090879292
0.49106777022043757,0.0004916823731869213,0.0005736294353847415,0.000778497090879292
0.49135458493812995,0.0004916823731869213,0.0005736294353847415,0.000778497090879292
0.4916413996558223,0.0004916823731869213,0.0005736294353847415,0.000778497090879292
0.4919282143735147,0.0004916823731869213,0.0005736294353847415,0.000778497090879292
0.49221502909120707,0.0004916823731869213,0.0005736294353847415,0.000778497090879292
0.49250184380889944,0.0004916823731869213,0.0005736294353847415,0.000778497090879292
0.4927886585265918,0.0004916823731869213,0.0005736294353847415,0.000778497090879292
0.4930754732442842,0.0004916823731869213,0.0005736294353847415,0.000778497090879292
0.49336228796197656,0.0004916823731869213,0.0005736294353847415,0.000778497090879292
0.49364910267966894,0.0004916823731869213,0.0005736294353847415,0.000778497090879292
0.4939359173973613,0.0004916823731869213,0.0005736294353847415,0.000778497090879292
0.4942227321150537,0.0004916823731869213,0.0005736294353847415,0.000778497090879292
0.49450954683274606,0.0004916823731869213,0.0005736294353847415,0.000778497090879292
0.49479636155043843,0.0004916823731869213,0.0005736294353847415,0.000778497090879292
0.4950831762681308,0.0004916823731869213,0.0005736294353847415,0.000778497090879292
0.4953699909858232,0.0004916823731869213,0.0005736294353847415,0.000778497090879292
0.4956568057035155,0.0004916823731869213,0.0005736294353847415,0.000778497090879292
0.4959436204212079,0.0004916823731869213,0.0005736294353847415,0.000778497090879292
0.49623043513890025,0.0004916823731869213,0.0005736294353847415,0.000778497090879292
0.4965172498565926,0.0004916823731869213,0.0005736294353847415,0.000778497090879292
0.496804064574285,0.0004916823731869213,0.0005736294353847415,0.000778497090879292
0.49709087929197737,0.0004916823731869213,0.0005736294353847415,0.000778497090879292
0.49737769400966975,0.0004916823731869213,0.0005736294353847415,0.000778497090879292
0.4976645087273621,0.0004916823731869213,0.0005736294353847415,0.000778497090879292
0.4979513234450545,0.0004916823731869213,0.0005736294353847415,0.000778497090879292
0.49823813816274687,0.0004916823731869213,0.0005736294353847415,0.000778497090879292
0.49852495288043924,0.0004916823731869213,0.0005736294353847415,0.000778497090879292
0.4988117675981316,0.0004916823731869213,0.0005941162009341966,0.000778497090879292
0.499098582315824,0.0004916823731869213,0.0006146029664836516,0.000778497090879292
0.49938539703351637,0.0004916823731869213,0.0006146029664836516,0.000778497090879292
0.49967221175120874,0.0004916823731869213,0.0006146029664836516,0.000778497090879292
0.4999590264689011,0.0004916823731869213,0.0006146029664836516,0.000778497090879292
0.5002458411865934,0.0004916823731869213,0.0006146029664836516,0.000778497090879292
0.5005326559042859,0.0004916823731869213,0.0006146029664836516,0.000778497090879292
0.5008194706219782,0.0004916823731869213,0.0006146029664836516,0.000778497090879292
0.5011062853396706,0.0004916823731869213,0.0006146029664836516,0.000778497090879292
0.5013931000573629,0.0004916823731869213,0.0006146029664836516,0.000778497090879292
0.5016799147750554,0.0004916823731869213,0.0006146029664836516,0.000778497090879292
0.5019667294927477,0.0004916823731869213,0.0006146029664836516,0.000778497090879292
0.5022535442104401,0.0004916823731869213,0.0006146029664836516,0.000778497090879292
0.5025403589281324,0.0004916823731869213,0.0006146029664836516,0.000778497090879292
0.5028271736458247,0.0004916823731869213,0.0006146029664836516,0.000778497090879292
0.5031139883635172,0.0004916823731869213,0.0006146029664836516,0.0007795214291567639
0.5034008030812095,0.0004916823731869213,0.0006146029664836516,0.0007795214291567639
0.5036876177989019,0.0004916823731869213,0.0006146029664836516,0.0007795214291567639
0.5039744325165942,0.0004916823731869213,0.0006146029664836516,0.0007795214291567639
0.5042612472342867,0.0004916823731869213,0.0006146029664836516,0.0007795214291567639
0.504548061951979,0.0004916823731869213,0.0006146029664836516,0.0008194706219782021
0.5048348766696714,0.0004916823731869213,0.0006146029664836516,0.0008194706219782021
0.5051216913873637,0.0004916823731869213,0.0006146029664836516,0.0008194706219782021
0.5054085061050562,0.0004916823731869213,0.0006146029664836516,0.0008194706219782021
0.5056953208227485,0.0004916823731869213,0.0006146029664836516,0.0008194706219782021
0.5059821355404409,0.0004916823731869213,0.0006146029664836516,0.0008194706219782021
0.5062689502581332,0.0004916823731869213,0.0006146029664836516,0.0008194706219782021
0.5065557649758257,0.0004916823731869213,0.0006146029664836516,0.0008194706219782021
0.506842579693518,0.0004916823731869213,0.0006146029664836516,0.0008194706219782021
0.5071293944112104,0.0005316315660083586,0.0006146029664836516,0.0008194706219782021
0.5074162091289027,0.0005316315660083586,0.0006146029664836516,0.0008194706219782021
0.507703023846595,0.0005316315660083586,0.0006146029664836516,0.0008194706219782021
0.5079898385642875,0.0005316315660083586,0.0006146029664836516,0.0008194706219782021
0.5082766532819798,0.0005316315660083586,0.0006146029664836516,0.0008194706219782021
0.5085634679996722,0.0005316315660083586,0.0006146029664836516,0.0008194706219782021
0.5088093091862657,0.0005316315660083586,0.0006146029664836516,0.0008194706219782021
0.5090551503728591,0.0005326559042858314,0.0006146029664836516,0.0008194706219782021
0.5093009915594526,0.0005326559042858314,0.0006146029664836516,0.0008194706219782021
0.5095468327460461,0.0005326559042858314,0.0006146029664836516,0.0008194706219782021
0.5097926739326395,0.0005326559042858314,0.0006146029664836516,0.0008194706219782021
0.5100385151192329,0.0005326559042858314,0.0006146029664836516,0.0008194706219782021
0.5102843563058265,0.0005326559042858314,0.0006146029664836516,0.0008194706219782021
0.5105301974924199,0.0005326559042858314,0.0006146029664836516,0.0008194706219782021
0.5107760386790133,0.0005326559042858314,0.0006146029664836516,0.0008194706219782021
0.5110218798656068,0.0005326559042858314,0.0006146029664836516,0.0008194706219782021
0.5112677210522003,0.0005326559042858314,0.0006146029664836516,0.0008194706219782021
0.5115135622387937,0.0005326559042858314,0.0006146029664836516,0.0008194706219782021
0.5117594034253872,0.0005326559042858314,0.0006146029664836516,0.0008194706219782021
0.5120052446119807,0.0005326559042858314,0.0006146029664836516,0.0008194706219782021
0.5122510857985741,0.0005326559042858314,0.0006146029664836516,0.0008194706219782021
0.5124969269851676,0.0005326559042858314,0.0006146029664836516,0.0008194706219782021
0.512742768171761,0.0005326559042858314,0.0006146029664836516,0.0008194706219782021
0.5129886093583546,0.0005326559042858314,0.0006146029664836516,0.0008194706219782021
0.513234450544948,0.0005326559042858314,0.0006146029664836516,0.0008194706219782021
0.5134802917315414,0.0005326559042858314,0.0006146029664836516,0.0008194706219782021
0.5137261329181348,0.0005326559042858314,0.0006146029664836516,0.0008194706219782021
0.5139719741047284,0.0005326559042858314,0.0006146029664836516,0.0008194706219782021
0.5142178152913218,0.0005326559042858314,0.0006146029664836516,0.0008194706219782021
0.5144636564779153,0.0005326559042858314,0.0006146029664836516,0.0008194706219782021
0.5147094976645087,0.0005326559042858314,0.0006146029664836516,0.0008194706219782021
0.5149553388511022,0.0005326559042858314,0.0006146029664836516,0.0008194706219782021
0.5152011800376957,0.0005326559042858314,0.0006146029664836516,0.0008194706219782021
0.5154470212242891,0.0005326559042858314,0.0006146029664836516,0.0008194706219782021
0.5156928624108825,0.0005326559042858314,0.0006146029664836516,0.0008194706219782021
0.5159387035974761,0.0005326559042858314,0.0006146029664836516,0.0008194706219782021
0.5161845447840695,0.0005326559042858314,0.0006146029664836516,0.0008194706219782021
0.5164303859706629,0.0005326559042858314,0.0006146029664836516,0.0008194706219782021
0.5166762271572564,0.0005326559042858314,0.0006146029664836516,0.0008194706219782021
0.5169220683438499,0.0005326559042858314,0.0006146029664836516,0.0008194706219782021
0.5171679095304433,0.0005326559042858314,0.0006146029664836516,0.0008194706219782021
0.5174137507170368,0.0005326559042858314,0.0006146029664836516,0.0008194706219782021
0.5176595919036302,0.0005326559042858314,0.0006146029664836516,0.0008194706219782021
0.5179054330902237,0.0005326559042858314,0.0006146029664836516,0.0008194706219782021
0.5181512742768172,0.0005326559042858314,0.0006146029664836516,0.0008194706219782021
0.5183971154634106,0.0005326559042858314,0.0006146029664836516,0.0008194706219782021
0.5186429566500041,0.0005326559042858314,0.0006146029664836516,0.0008194706219782021
0.5188887978365976,0.0005326559042858314,0.0006146029664836516,0.0008194706219782021
0.519134639023191,0.0005326559042858314,0.0006146029664836516,0.0008194706219782021
0.5193804802097844,0.0005326559042858314,0.0006146029664836516,0.0008194706219782021
0.519626321396378,0.0005326559042858314,0.0006146029664836516,0.0008194706219782021
0.5198721625829714,0.0005326559042858314,0.0006146029664836516,0.0008194706219782021
0.5201180037695649,0.0005326559042858314,0.0006146029664836516,0.0008194706219782021
0.5203638449561583,0.0005326559042858314,0.0006146029664836516,0.0008194706219782021
0.5206096861427518,0.0005326559042858314,0.0006146029664836516,0.0008194706219782021
0.5208555273293453,0.0005326559042858314,0.0006146029664836516,0.0008194706219782021
0.5211013685159387,0.0005326559042858314,0.0006146029664836516,0.0008194706219782021
0.5213472097025321,0.0005326559042858314,0.0006146029664836516,0.0008194706219782021
0.5215930508891257,0.0005326559042858314,0.0006146029664836516,0.0008194706219782021
0.5218388920757191,0.0005326559042858314,0.0006146029664836516,0.0008194706219782021
0.5220847332623125,0.0005326559042858314,0.0006146029664836516,0.0008194706219782021
0.522330574448906,0.0005326559042858314,0.0006146029664836516,0.0008194706219782021
0.5225764156354995,0.0005326559042858314,0.0006146029664836516,0.0008194706219782021
0.5228222568220929,0.0005326559042858314,0.0006146029664836516,0.0008194706219782021
0.5230680980086864,0.0005326559042858314,0.0006146029664836516,0.0008194706219782021
0.5233139391952798,0.0005326559042858314,0.0006146029664836516,0.0008194706219782021
0.5235597803818733,0.0005326559042858314,0.0006146029664836516,0.0008194706219782021
0.5238056215684668,0.0005326559042858314,0.0006146029664836516,0.0008194706219782021
0.5240514627550602,0.0005326559042858314,0.0006146029664836516,0.0008194706219782021
0.5242973039416536,0.0005326559042858314,0.0006146029664836516,0.0008194706219782021
0.5245431451282472,0.0005326559042858314,0.0006146029664836516,0.0008194706219782021
0.5247889863148406,0.0005326559042858314,0.0006146029664836516,0.0008194706219782021
0.525034827501434,0.0005326559042858314,0.0006146029664836516,0.0008194706219782021
0.5252806686880276,0.0005326559042858314,0.0006555764975825617,0.0008194706219782021
0.525526509874621,0.0005326559042858314,0.0006555764975825617,0.000820494960255674
0.5257723510612144,0.0005326559042858314,0.0006555764975825617,0.0008604441530771122
0.5260181922478079,0.0005326559042858314,0.0006555764975825617,0.0008604441530771122
0.5262640334344014,0.0005326559042858314,0.0006555764975825617,0.0008604441530771122
0.5265098746209949,0.0005326559042858314,0.0006555764975825617,0.0008604441530771122
0.5267557158075883,0.0005326559042858314,0.0006555764975825617,0.0008604441530771122
0.5270015569941817,0.0005326559042858314,0.0006555764975825617,0.0008604441530771122
0.5272473981807753,0.0005326559042858314,0.0006555764975825617,0.0008604441530771122
0.5274932393673687,0.0005326559042858314,0.0006555764975825617,0.0008604441530771122
0.5277390805539621,0.0005326559042858314,0.0006555764975825617,0.0008604441530771122
0.5279849217405556,0.0005326559042858314,0.0006555764975825617,0.0008604441530771122
0.5282307629271491,0.0005326559042858314,0.0006555764975825617,0.0008604441530771122
0.5284766041137425,0.0005326559042858314,0.0006555764975825617,0.0008604441530771122
0.528722445300336,0.0005326559042858314,0.0006555764975825617,0.0008604441530771122
0.5289682864869294,0.0005326559042858314,0.0006555764975825617,0.0008604441530771122
0.5292141276735229,0.0005326559042858314,0.0006555764975825617,0.0008604441530771122
0.5294599688601164,0.0005326559042858314,0.0006555764975825617,0.0008604441530771122
0.5297058100467098,0.0005326559042858314,0.0006555764975825617,0.0008604441530771122
0.5299516512333032,0.0005326559042858314,0.0006555764975825617,0.0008604441530771122
0.5301974924198968,0.0005326559042858314,0.0006555764975825617,0.0008604441530771122
0.5304433336064902,0.0005326559042858314,0.0006555764975825617,0.0008604441530771122
0.5306891747930836,0.0005326559042858314,0.0006555764975825617,0.0008604441530771122
0.5309350159796772,0.0005326559042858314,0.0006555764975825617,0.0008604441530771122
0.5311808571662706,0.0005326559042858314,0.0006555764975825617,0.0008604441530771122
0.531426698352864,0.0005326559042858314,0.0006555764975825617,0.0008604441530771122
0.5316725395394575,0.0005326559042858314,0.0006555764975825617,0.0008604441530771122
0.531918380726051,0.0005326559042858314,0.0006555764975825617,0.0008604441530771122
0.5321642219126445,0.0005326559042858314,0.0006555764975825617,0.0008604441530771122
0.5324100630992379,0.0005326559042858314,0.0006555764975825617,0.0008604441530771122
0.5326559042858313,0.0005326559042858314,0.0006555764975825617,0.0008604441530771122
0.5329017454724249,0.0005326559042858314,0.0006555764975825617,0.0008604441530771122
0.5331475866590183,0.0005326559042858314,0.0006555764975825617,0.0008604441530771122
0.5333934278456117,0.0005326559042858314,0.0006555764975825617,0.0008604441530771122
0.5336392690322052,0.0005326559042858314,0.0006555764975825617,0.0008604441530771122
0.5338851102187987,0.0005326559042858314,0.0006555764975825617,0.0008604441530771122
0.5341309514053921,0.0005326559042858314,0.0006555764975825617,0.0008604441530771122
0.5343767925919856,0.0005326559042858314,0.0006555764975825617,0.0008604441530771122
0.534622633778579,0.0005326559042858314,0.0006555764975825617,0.0008604441530771122
0.5348684749651725,0.0005326559042858314,0.0006555764975825617,0.0008604441530771122
0.535114316151766,0.0005326559042858314,0.0006555764975825617,0.0008604441530771122
0.5353601573383594,0.0005326559042858314,0.0006555764975825617,0.0008604441530771122
0.5356059985249528,0.0005326559042858314,0.0006555764975825617,0.0008604441530771122
0.5358518397115464,0.0005326559042858314,0.0006555764975825617,0.0008604441530771122
0.5360976808981398,0.0005736294353847415,0.0006555764975825617,0.0008604441530771122
0.5363435220847332,0.0005736294353847415,0.0006555764975825617,0.0008604441530771122
0.5365893632713267,0.0005736294353847415,0.0006555764975825617,0.0008604441530771122
0.5368352044579202,0.0005736294353847415,0.0006555764975825617,0.0008604441530771122
0.5370810456445136,0.0005736294353847415,0.0006555764975825617,0.0008604441530771122
0.5373268868311071,0.0005736294353847415,0.0006555764975825617,0.0008604441530771122
0.5375727280177006,0.0005736294353847415,0.0006555764975825617,0.0008604441530771122
0.537818569204294,0.0005736294353847415,0.0006555764975825617,0.0008604441530771122
0.5380644103908875,0.0005736294353847415,0.0006555764975825617,0.0008604441530771122
0.5383102515774809,0.0005736294353847415,0.0006555764975825617,0.0008604441530771122
0.5385560927640745,0.0005736294353847415,0.0006555764975825617,0.0008604441530771122
0.5388019339506679,0.0005736294353847415,0.0006555764975825617,0.0008604441530771122
0.5390477751372613,0.0005736294353847415,0.0006555764975825617,0.0008604441530771122
0.5392936163238548,0.0005736294353847415,0.0006555764975825617,0.0008604441530771122
0.5395394575104483,0.0005736294353847415,0.0006555764975825617,0.0008604441530771122
0.5397852986970417,0.0005736294353847415,0.0006555764975825617,0.0008604441530771122
0.5400311398836352,0.0005736294353847415,0.0006555764975825617,0.0008604441530771122
0.5402769810702286,0.0005736294353847415,0.0006555764975825617,0.0008604441530771122
0.5405228222568221,0.0005736294353847415,0.0006555764975825617,0.0008604441530771122
0.5407686634434156,0.0005736294353847415,0.0006555764975825617,0.0008604441530771122
0.541014504630009,0.0005736294353847415,0.0006555764975825617,0.0008604441530771122
0.5412603458166024,0.0005736294353847415,0.0006555764975825617,0.0008604441530771122
0.541506187003196,0.0005736294353847415,0.0006555764975825617,0.0008604441530771122
0.5417520281897894,0.0005736294353847415,0.0006555764975825617,0.0008604441530771122
0.5419978693763828,0.0005736294353847415,0.0006555764975825617,0.0008604441530771122
0.5422437105629763,0.0005736294353847415,0.0006555764975825617,0.0008604441530771122
0.5424895517495698,0.0005736294353847415,0.0006555764975825617,0.0008604441530771122
0.5427353929361632,0.0005736294353847415,0.0006555764975825617,0.0008604441530771122
0.5429812341227567,0.0005736294353847415,0.0006555764975825617,0.0008604441530771122
0.5432270753093501,0.0005736294353847415,0.0006555764975825617,0.0008604441530771122
0.5434729164959436,0.0005736294353847415,0.0006555764975825617,0.0008604441530771122
0.5437187576825371,0.0005736294353847415,0.0006555764975825617,0.0008604441530771122
0.5439645988691305,0.0005736294353847415,0.0006555764975825617,0.0008604441530771122
0.544210440055724,0.0005736294353847415,0.0006555764975825617,0.0008604441530771122
0.5444562812423175,0.0005736294353847415,0.0006555764975825617,0.0008604441530771122
0.5447021224289109,0.0005736294353847415,0.0006555764975825617,0.0008604441530771122
0.5449479636155043,0.0005736294353847415,0.0006555764975825617,0.0008604441530771122
0.5451938048020979,0.0005736294353847415,0.0006555764975825617,0.0008604441530771122
0.5454396459886913,0.0005736294353847415,0.0006555764975825617,0.0008614684913545841
0.5456854871752848,0.0005736294353847415,0.0006555764975825617,0.0008614684913545841
0.5459313283618782,0.0005736294353847415,0.0006555764975825617,0.0009014176841760223
0.5461771695484717,0.0005736294353847415,0.0006555764975825617,0.0009014176841760223
0.5464230107350652,0.0005736294353847415,0.0006555764975825617,0.0009014176841760223
0.5466688519216586,0.0005736294353847415,0.0006555764975825617,0.0009014176841760223
0.546914693108252,0.0005736294353847415,0.0006555764975825617,0.0009014176841760223
0.5471605342948456,0.0005736294353847415,0.0006555764975825617,0.0009014176841760223
0.547406375481439,0.0005736294353847415,0.0006965500286814718,0.0009014176841760223
0.5476522166680324,0.0005736294353847415,0.0006965500286814718,0.0009014176841760223
0.5478980578546259,0.0005736294353847415,0.0006965500286814718,0.0009014176841760223
0.5481438990412194,0.0005736294353847415,0.0006965500286814718,0.0009014176841760223
0.5483897402278128,0.0005736294353847415,0.0006965500286814718,0.0009014176841760223
0.5486355814144063,0.0005736294353847415,0.0006965500286814718,0.0009014176841760223
0.5488814226009997,0.0005736294353847415,0.0006965500286814718,0.0009014176841760223
0.5491272637875932,0.0005736294353847415,0.0006965500286814718,0.0009014176841760223
0.5493731049741867,0.0005736294353847415,0.0006965500286814718,0.0009014176841760223
0.5496189461607801,0.0005736294353847415,0.0006965500286814718,0.0009014176841760223
0.5498647873473737,0.0005736294353847415,0.0006965500286814718,0.0009014176841760223
0.5501106285339671,0.0005736294353847415,0.0006965500286814718,0.0009014176841760223
0.5503564697205605,0.0005736294353847415,0.0006965500286814718,0.0009014176841760223
0.550602310907154,0.0005736294353847415,0.0006965500286814718,0.0009014176841760223
0.5508481520937475,0.0005736294353847415,0.0006965500286814718,0.0009014176841760223
0.5510939932803409,0.0005736294353847415,0.0006965500286814718,0.0009014176841760223
0.5513398344669344,0.0005736294353847415,0.0006965500286814718,0.0009014176841760223
0.5515856756535278,0.0005736294353847415,0.0006965500286814718,0.0009014176841760223
0.5518315168401213,0.0005736294353847415,0.0006965500286814718,0.0009014176841760223
0.5520773580267148,0.0005736294353847415,0.0006965500286814718,0.0009014176841760223
0.5523231992133082,0.0005736294353847415,0.0006965500286814718,0.0009014176841760223
0.5525690403999016,0.0005736294353847415,0.0006965500286814718,0.0009014176841760223
0.5528148815864952,0.0005736294353847415,0.0006965500286814718,0.0009014176841760223
0.5530607227730886,0.0005736294353847415,0.0006965500286814718,0.0009014176841760223
0.553306563959682,0.0005736294353847415,0.0006965500286814718,0.0009014176841760223
0.5535524051462755,0.0005736294353847415,0.0006965500286814718,0.0009014176841760223
0.553798246332869,0.0005736294353847415,0.0006965500286814718,0.0009014176841760223
0.5540440875194624,0.0005736294353847415,0.0006965500286814718,0.0009014176841760223
0.5542899287060559,0.0005736294353847415,0.0006965500286814718,0.0009014176841760223
0.5545357698926493,0.0005736294353847415,0.0006965500286814718,0.0009024420224534942
0.5547816110792428,0.0005736294353847415,0.0006965500286814718,0.0009423912152749324
0.5550274522658363,0.0005736294353847415,0.0006965500286814718,0.0009423912152749324
0.5552732934524297,0.0005736294353847415,0.0006965500286814718,0.0009423912152749324
0.5555191346390231,0.0005736294353847415,0.0006965500286814718,0.0009423912152749324
0.5557649758256167,0.0005736294353847415,0.0006965500286814718,0.0009423912152749324
0.5560108170122101,0.0005736294353847415,0.0006965500286814718,0.0009423912152749324
0.5562566581988035,0.0005736294353847415,0.0006965500286814718,0.0009423912152749324
0.5565024993853971,0.0005736294353847415,0.0006965500286814718,0.0009423912152749324
0.5567483405719905,0.0005736294353847415,0.0006965500286814718,0.0009423912152749324
0.556994181758584,0.0005736294353847415,0.0006965500286814718,0.0009423912152749324
0.5572400229451774,0.0005736294353847415,0.0006965500286814718,0.0009423912152749324
0.5574858641317709,0.0005736294353847415,0.0006965500286814718,0.0009423912152749324
0.5577317053183644,0.0005736294353847415,0.0006965500286814718,0.0009423912152749324
0.5579775465049578,0.0005736294353847415,0.0006965500286814718,0.0009423912152749324
0.5582233876915512,0.0005736294353847415,0.0006965500286814718,0.0009423912152749324
0.5584692288781448,0.0005736294353847415,0.0006965500286814718,0.0009423912152749324
0.5587150700647382,0.0005736294353847415,0.0006965500286814718,0.0009423912152749324
0.5589609112513316,0.0005736294353847415,0.0006965500286814718,0.0009423912152749324
0.5592067524379251,0.0005736294353847415,0.0006965500286814718,0.0009423912152749324
0.5594525936245186,0.0005736294353847415,0.0006965500286814718,0.0009423912152749324
0.559698434811112,0.0005736294353847415,0.0006965500286814718,0.0009423912152749324
0.5599442759977055,0.0005736294353847415,0.0006965500286814718,0.0009423912152749324
0.5601901171842989,0.0005736294353847415,0.0006965500286814718,0.0009423912152749324
0.5604359583708924,0.0005736294353847415,0.0006965500286814718,0.0009423912152749324
0.5606817995574859,0.0005736294353847415,0.0006965500286814718,0.0009423912152749324
0.5609276407440793,0.0005736294353847415,0.0006965500286814718,0.0009423912152749324
0.5611734819306727,0.0005736294353847415,0.0006965500286814718,0.0009423912152749324
0.5614193231172663,0.0005736294353847415,0.0006965500286814718,0.0009423912152749324
0.5616651643038597,0.0005736294353847415,0.0006965500286814718,0.0009423912152749324
0.5619110054904531,0.0005736294353847415,0.0006965500286814718,0.0009423912152749324
0.5621568466770466,0.0005736294353847415,0.0006965500286814718,0.0009423912152749324
0.5622797672703433,0.0005736294353847415,0.0006965500286814718,0.0009423912152749324
0.5623207408014422,0.0005736294353847415,0.0006965500286814718,0.0009423912152749324
0.5623617143325412,0.0005736294353847415,0.0006965500286814718,0.0009423912152749324
