u,null_lo,null_median,null_hi
0.0,1.025010250102501e-05,1.025010250102501e-05,1.025010250102501e-05
0.0004100041000410004,2.050020500205002e-05,2.050020500205002e-05,2.050020500205002e-05
0.0008200082000820008,2.050020500205002e-05,2.050020500205002e-05,3.075030750307503e-05
0.0012197621976219762,2.050020500205002e-05,2.050020500205002e-05,3.075030750307503e-05
0.0016195161951619516,2.050020500205002e-05,2.050020500205002e-05,3.075030750307503e-05
0.002019270192701927,2.050020500205002e-05,2.050020500205002e-05,3.075030750307503e-05
0.0024190241902419026,2.050020500205002e-05,2.050020500205002e-05,3.075030750307503e-05
0.002818778187781878,2.050020500205002e-05,3.075030750307503e-05,3.075030750307503e-05
0.0032185321853218534,2.050020500205002e-05,3.075030750307503e-05,3.075030750307503e-05
0.0036182861828618286,2.050020500205002e-05,3.075030750307503e-05,3.075030750307503e-05
0.004018040180401804,2.050020500205002e-05,3.075030750307503e-05,3.075030750307503e-05
0.004417794177941779,2.050020500205002e-05,3.075030750307503e-05,3.075030750307503e-05
0.004817548175481755,2.050020500205002e-05,3.075030750307503e-05,3.075030750307503e-05
0.00521730217302173,2.050020500205002e-05,3.075030750307503e-05,3.075030750307503e-05
0.005617056170561706,2.050020500205002e-05,3.075030750307503e-05,3.075030750307503e-05
0.006016810168101681,2.050020500205002e-05,3.075030750307503e-05,3.075030750307503e-05
0.006416564165641656,3.075030750307503e-05,3.075030750307503e-05,3.075030750307503e-05
0.006816318163181631,3.075030750307503e-05,3.075030750307503e-05,4.100041000410004e-05
0.0072160721607216075,3.075030750307503e-05,3.075030750307503e-05,4.100041000410004e-05
0.007615826158261583,3.075030750307503e-05,3.075030750307503e-05,4.100041000410004e-05
0.008015580155801559,3.075030750307503e-05,3.075030750307503e-05,4.100041000410004e-05
0.008415334153341534,3.075030750307503e-05,3.075030750307503e-05,4.100041000410004e-05
0.008815088150881509,3.075030750307503e-05,3.075030750307503e-05,4.100041000410004e-05
0.009214842148421484,3.075030750307503e-05,3.075030750307503e-05,4.100041000410004e-05
0.00961459614596146,3.075030750307503e-05,3.075030750307503e-05,4.100041000410004e-05
0.010014350143501435,3.075030750307503e-05,3.075030750307503e-05,4.100041000410004e-05
0.01041410414104141,3.075030750307503e-05,3.075030750307503e-05,4.100041000410004e-05
0.010813858138581385,3.075030750307503e-05,3.075030750307503e-05,4.100041000410004e-05
0.011213612136121362,3.075030750307503e-05,3.075030750307503e-05,4.100041000410004e-05
0.011613366133661337,3.075030750307503e-05,3.075030750307503e-05,4.100041000410004e-05
0.012013120131201312,3.075030750307503e-05,3.075030750307503e-05,4.100041000410004e-05
0.012412874128741288,3.075030750307503e-05,3.075030750307503e-05,4.100041000410004e-05
0.012812628126281263,3.075030750307503e-05,3.075030750307503e-05,4.100041000410004e-05
0.013212382123821238,3.075030750307503e-05,3.075030750307503e-05,4.100041000410004e-05
0.013612136121361213,3.075030750307503e-05,3.075030750307503e-05,4.100041000410004e-05
0.014011890118901188,3.075030750307503e-05,3.075030750307503e-05,4.100041000410004e-05
0.014411644116441165,3.075030750307503e-05,3.075030750307503e-05,4.100041000410004e-05
0.01481139811398114,3.075030750307503e-05,3.075030750307503e-05,4.100041000410004e-05
0.015211152111521116,3.075030750307503e-05,3.075030750307503e-05,4.100041000410004e-05
0.01561090610906109,3.075030750307503e-05,3.075030750307503e-05,4.100041000410004e-05
0.016010660106601068,3.075030750307503e-05,3.075030750307503e-05,4.100041000410004e-05
0.01641041410414104,3.075030750307503e-05,3.075030750307503e-05,4.100041000410004e-05
0.016810168101681018,3.075030750307503e-05,3.075030750307503e-05,4.100041000410004e-05
0.01720992209922099,3.075030750307503e-05,3.075030750307503e-05,4.100041000410004e-05
0.01760967609676097,3.075030750307503e-05,3.075030750307503e-05,4.100041000410004e-05
0.018009430094300942,3.075030750307503e-05,3.075030750307503e-05,4.100041000410004e-05
0.01840918409184092,3.075030750307503e-05,3.075030750307503e-05,4.100041000410004e-05
0.018808938089380892,3.075030750307503e-05,3.075030750307503e-05,4.100041000410004e-05
0.01920869208692087,3.075030750307503e-05,3.075030750307503e-05,4.100041000410004e-05
0.019608446084460846,3.075030750307503e-05,4.100041000410004e-05,4.100041000410004e-05
0.02000820008200082,3.075030750307503e-05,4.100041000410004e-05,4.100041000410004e-05
0.020407954079540797,3.075030750307503e-05,4.100041000410004e-05,4.100041000410004e-05
0.02080770807708077,3.075030750307503e-05,4.100041000410004e-05,4.100041000410004e-05
0.021207462074620747,3.075030750307503e-05,4.100041000410004e-05,4.100041000410004e-05
0.02160721607216072,3.075030750307503e-05,4.100041000410004e-05,4.100041000410004e-05
0.022006970069700697,3.075030750307503e-05,4.100041000410004e-05,4.100041000410004e-05
0.02240672406724067,3.075030750307503e-05,4.100041000410004e-05,4.100041000410004e-05
0.022806478064780648,3.075030750307503e-05,4.100041000410004e-05,4.100041000410004e-05
0.023206232062320625,3.075030750307503e-05,4.100041000410004e-05,4.100041000410004e-05
0.023605986059860598,3.075030750307503e-05,4.100041000410004e-05,4.100041000410004e-05
0.024005740057400575,3.075030750307503e-05,4.100041000410004e-05,4.100041000410004e-05
0.02440549405494055,3.075030750307503e-05,4.100041000410004e-05,4.100041000410004e-05
0.024805248052480525,3.075030750307503e-05,4.100041000410004e-05,4.125666256662543e-05
0.0252050020500205,3.075030750307503e-05,4.100041000410004e-05,5.125051250512505e-05
0.025604756047560476,3.075030750307503e-05,4.100041000410004e-05,5.125051250512505e-05
0.026004510045100453,3.075030750307503e-05,4.100041000410004e-05,5.125051250512505e-05
0.026404264042640426,3.075030750307503e-05,4.100041000410004e-05,5.125051250512505e-05
0.026793767937679378,3.075030750307503e-05,4.100041000410004e-05,5.125051250512505e-05
0.027183271832718327,3.075030750307503e-05,4.100041000410004e-05,5.125051250512505e-05
0.02757277572775728,3.075030750307503e-05,4.100041000410004e-05,5.125051250512505e-05
0.027962279622796227,3.075030750307503e-05,4.100041000410004e-05,5.125051250512505e-05
0.02835178351783518,3.075030750307503e-05,4.100041000410004e-05,5.125051250512505e-05
0.028741287412874128,3.075030750307503e-05,4.100041000410004e-05,5.125051250512505e-05
0.02913079130791308,3.075030750307503e-05,4.100041000410004e-05,5.125051250512505e-05
0.02952029520295203,3.075030750307503e-05,4.100041000410004e-05,5.125051250512505e-05
0.02990979909799098,3.075030750307503e-05,4.100041000410004e-05,5.125051250512505e-05
0.03029930299302993,3.075030750307503e-05,4.100041000410004e-05,5.125051250512505e-05
0.03068880688806888,3.075030750307503e-05,4.100041000410004e-05,5.125051250512505e-05
0.03107831078310783,3.075030750307503e-05,4.100041000410004e-05,5.125051250512505e-05
0.03146781467814678,3.075030750307503e-05,4.100041000410004e-05,5.125051250512505e-05
0.03185731857318573,3.075030750307503e-05,4.100041000410004e-05,5.125051250512505e-05
0.03224682246822468,3.075030750307503e-05,4.100041000410004e-05,5.125051250512505e-05
0.032636326363263635,3.075030750307503e-05,4.100041000410004e-05,5.125051250512505e-05
0.03302583025830258,4.100041000410004e-05,4.100041000410004e-05,5.125051250512505e-05
0.03341533415334153,4.100041000410004e-05,4.100041000410004e-05,5.125051250512505e-05
0.033804838048380484,4.100041000410004e-05,4.100041000410004e-05,5.125051250512505e-05
0.034194341943419436,4.100041000410004e-05,4.100041000410004e-05,5.125051250512505e-05
0.03458384583845839,4.100041000410004e-05,4.100041000410004e-05,5.125051250512505e-05
0.03497334973349733,4.100041000410004e-05,4.100041000410004e-05,5.125051250512505e-05
0.035362853628536285,4.100041000410004e-05,4.100041000410004e-05,5.125051250512505e-05
0.03575235752357524,4.100041000410004e-05,4.100041000410004e-05,5.125051250512505e-05
0.03614186141861419,4.100041000410004e-05,4.100041000410004e-05,5.125051250512505e-05
0.036531365313653134,4.100041000410004e-05,4.100041000410004e-05,5.125051250512505e-05
0.036920869208692086,4.100041000410004e-05,4.100041000410004e-05,5.125051250512505e-05
0.03731037310373104,4.100041000410004e-05,4.100041000410004e-05,5.125051250512505e-05
0.03769987699876999,4.100041000410004e-05,4.100041000410004e-05,5.125051250512505e-05
0.038089380893808936,4.100041000410004e-05,4.100041000410004e-05,5.125051250512505e-05
0.03847888478884789,4.100041000410004e-05,4.100041000410004e-05,5.125051250512505e-05
0.03886838868388684,4.100041000410004e-05,4.100041000410004e-05,5.125051250512505e-05
0.03925789257892579,4.100041000410004e-05,4.100041000410004e-05,5.125051250512505e-05
0.03964739647396474,4.100041000410004e-05,4.100041000410004e-05,5.125051250512505e-05
0.04003690036900369,4.100041000410004e-05,4.100041000410004e-05,5.125051250512505e-05
0.04042640426404264,4.100041000410004e-05,4.100041000410004e-05,5.125051250512505e-05
0.04081590815908159,4.100041000410004e-05,4.100041000410004e-05,5.125051250512505e-05
0.04120541205412054,4.100041000410004e-05,4.100041000410004e-05,5.125051250512505e-05
0.04159491594915949,4.100041000410004e-05,4.100041000410004e-05,5.125051250512505e-05
0.04198441984419844,4.100041000410004e-05,4.100041000410004e-05,5.125051250512505e-05
0.042373923739237394,4.100041000410004e-05,4.100041000410004e-05,5.125051250512505e-05
0.04276342763427634,4.100041000410004e-05,4.100041000410004e-05,5.125051250512505e-05
0.04315293152931529,4.100041000410004e-05,4.100041000410004e-05,5.125051250512505e-05
0.043542435424354244,4.100041000410004e-05,4.100041000410004e-05,5.125051250512505e-05
0.043931939319393196,4.100041000410004e-05,4.100041000410004e-05,5.125051250512505e-05
0.04432144321443215,4.100041000410004e-05,4.100041000410004e-05,5.125051250512505e-05
0.04471094710947109,4.100041000410004e-05,4.100041000410004e-05,5.125051250512505e-05
0.045100451004510045,4.100041000410004e-05,4.100041000410004e-05,5.125051250512505e-05
0.045489954899549,4.100041000410004e-05,4.100041000410004e-05,5.125051250512505e-05
0.04587945879458795,4.100041000410004e-05,4.100041000410004e-05,5.125051250512505e-05
0.046268962689626894,4.100041000410004e-05,4.100041000410004e-05,5.125051250512505e-05
0.046658466584665846,4.100041000410004e-05,4.100041000410004e-05,5.125051250512505e-05
0.0470479704797048,4.100041000410004e-05,4.100041000410004e-05,5.125051250512505e-05
0.04743747437474375,4.100041000410004e-05,4.100041000410004e-05,5.125051250512505e-05
0.047826978269782695,4.100041000410004e-05,4.100041000410004e-05,6.150061500615006e-05
0.04821648216482165,4.100041000410004e-05,4.100041000410004e-05,6.150061500615006e-05
0.0486059860598606,4.100041000410004e-05,4.100041000410004e-05,6.150061500615006e-05
0.04899548995489955,4.100041000410004e-05,4.100041000410004e-05,6.150061500615006e-05
0.0493849938499385,4.100041000410004e-05,4.100041000410004e-05,6.150061500615006e-05
0.04977449774497745,4.100041000410004e-05,4.100041000410004e-05,6.150061500615006e-05
0.0501640016400164,4.100041000410004e-05,4.100041000410004e-05,6.150061500615006e-05
0.05055350553505535,4.100041000410004e-05,4.100041000410004e-05,6.150061500615006e-05
0.0509430094300943,4.100041000410004e-05,4.100041000410004e-05,6.150061500615006e-05
0.05133251332513325,4.100041000410004e-05,4.100041000410004e-05,6.150061500615006e-05
0.0517220172201722,4.100041000410004e-05,4.100041000410004e-05,6.150061500615006e-05
0.052111521115211154,4.100041000410004e-05,5.125051250512505e-05,6.150061500615006e-05
0.052490774907749074,4.100041000410004e-05,5.125051250512505e-05,6.150061500615006e-05
0.052870028700287,4.100041000410004e-05,5.125051250512505e-05,6.150061500615006e-05
0.05324928249282493,4.100041000410004e-05,5.125051250512505e-05,6.150061500615006e-05
0.053628536285362856,4.100041000410004e-05,5.125051250512505e-05,6.150061500615006e-05
0.054007790077900776,4.100041000410004e-05,5.125051250512505e-05,6.150061500615006e-05
0.0543870438704387,4.100041000410004e-05,5.125051250512505e-05,6.150061500615006e-05
0.05476629766297663,4.100041000410004e-05,5.125051250512505e-05,6.150061500615006e-05
0.05514555145551456,4.100041000410004e-05,5.125051250512505e-05,6.150061500615006e-05
0.05552480524805248,4.100041000410004e-05,5.125051250512505e-05,6.150061500615006e-05
0.055904059040590405,4.100041000410004e-05,5.125051250512505e-05,6.150061500615006e-05
0.05628331283312833,4.100041000410004e-05,5.125051250512505e-05,6.150061500615006e-05
0.05666256662566626,4.100041000410004e-05,5.125051250512505e-05,6.150061500615006e-05
0.05704182041820418,4.100041000410004e-05,5.125051250512505e-05,6.150061500615006e-05
0.05742107421074211,4.100041000410004e-05,5.125051250512505e-05,6.150061500615006e-05
0.057800328003280034,4.100041000410004e-05,5.125051250512505e-05,6.150061500615006e-05
0.05817958179581796,4.100041000410004e-05,5.125051250512505e-05,6.150061500615006e-05
0.05855883558835588,4.100041000410004e-05,5.125051250512505e-05,6.150061500615006e-05
0.05893808938089381,4.100041000410004e-05,5.125051250512505e-05,6.150061500615006e-05
0.059317343173431736,4.100041000410004e-05,5.125051250512505e-05,6.150061500615006e-05
0.05969659696596966,4.100041000410004e-05,5.125051250512505e-05,6.150061500615006e-05
0.06007585075850758,4.100041000410004e-05,5.125051250512505e-05,6.150061500615006e-05
0.06045510455104551,4.100041000410004e-05,5.125051250512505e-05,6.150061500615006e-05
0.06083435834358344,4.100041000410004e-05,5.125051250512505e-05,6.150061500615006e-05
0.06121361213612136,4.100041000410004e-05,5.125051250512505e-05,6.150061500615006e-05
0.061592865928659285,4.100041000410004e-05,5.125051250512505e-05,6.150061500615006e-05
0.06197211972119721,4.100041000410004e-05,5.125051250512505e-05,6.150061500615006e-05
0.06235137351373514,4.100041000410004e-05,5.125051250512505e-05,6.150061500615006e-05
0.06273062730627306,4.100041000410004e-05,5.125051250512505e-05,6.150061500615006e-05
0.063109881098811,4.100041000410004e-05,5.125051250512505e-05,6.150061500615006e-05
0.06348913489134891,4.100041000410004e-05,5.125051250512505e-05,6.150061500615006e-05
0.06386838868388683,4.100041000410004e-05,5.125051250512505e-05,6.150061500615006e-05
0.06424764247642477,4.100041000410004e-05,5.125051250512505e-05,6.150061500615006e-05
0.06462689626896269,4.100041000410004e-05,5.125051250512505e-05,6.150061500615006e-05
0.06500615006150061,4.100041000410004e-05,5.125051250512505e-05,6.150061500615006e-05
0.06538540385403854,4.100041000410004e-05,5.125051250512505e-05,6.150061500615006e-05
0.06576465764657646,4.100041000410004e-05,5.125051250512505e-05,6.150061500615006e-05
0.0661439114391144,4.100041000410004e-05,5.125051250512505e-05,6.150061500615006e-05
0.06652316523165232,4.100041000410004e-05,5.125051250512505e-05,6.150061500615006e-05
0.06690241902419024,4.100041000410004e-05,5.125051250512505e-05,6.150061500615006e-05
0.06728167281672817,4.100041000410004e-05,5.125051250512505e-05,6.150061500615006e-05
0.06766092660926609,4.100041000410004e-05,5.125051250512505e-05,6.150061500615006e-05
0.06804018040180401,4.100041000410004e-05,5.125051250512505e-05,6.150061500615006e-05
0.06841943419434195,4.100041000410004e-05,5.125051250512505e-05,6.150061500615006e-05
0.06879868798687987,4.100041000410004e-05,5.125051250512505e-05,6.150061500615006e-05
0.0691779417794178,4.100041000410004e-05,5.125051250512505e-05,6.150061500615006e-05
0.06955719557195572,4.100041000410004e-05,5.125051250512505e-05,6.150061500615006e-05
0.06993644936449364,4.100041000410004e-05,5.125051250512505e-05,6.150061500615006e-05
0.07031570315703158,4.100041000410004e-05,5.125051250512505e-05,6.150061500615006e-05
0.0706949569495695,4.100041000410004e-05,5.125051250512505e-05,6.150061500615006e-05
0.07107421074210742,4.100041000410004e-05,5.125051250512505e-05,6.150061500615006e-05
0.07145346453464535,4.100041000410004e-05,5.125051250512505e-05,6.150061500615006e-05
0.07183271832718327,4.100041000410004e-05,5.125051250512505e-05,6.150061500615006e-05
0.07221197211972119,4.100041000410004e-05,5.125051250512505e-05,6.150061500615006e-05
0.07259122591225912,4.100041000410004e-05,5.125051250512505e-05,6.150061500615006e-05
0.07297047970479704,4.100041000410004e-05,5.125051250512505e-05,6.150061500615006e-05
0.07334973349733498,4.100041000410004e-05,5.125051250512505e-05,6.150061500615006e-05
0.0737289872898729,4.100041000410004e-05,5.125051250512505e-05,6.150061500615006e-05
0.07410824108241082,4.100041000410004e-05,5.125051250512505e-05,6.150061500615006e-05
0.07448749487494875,4.100041000410004e-05,5.125051250512505e-05,6.150061500615006e-05
0.07486674866748667,4.100041000410004e-05,5.125051250512505e-05,6.150061500615006e-05
0.0752460024600246,4.100041000410004e-05,5.125051250512505e-05,6.150061500615006e-05
0.07562525625256253,4.100041000410004e-05,5.125051250512505e-05,6.150061500615006e-05
0.07600451004510045,4.100041000410004e-05,5.125051250512505e-05,6.150061500615006e-05
0.07638376383763838,4.100041000410004e-05,5.125051250512505e-05,6.150061500615006e-05
0.0767630176301763,4.100041000410004e-05,5.125051250512505e-05,6.150061500615006e-05
0.07714227142271422,4.100041000410004e-05,5.125051250512505e-05,6.150061500615006e-05
0.07752152521525216,4.100041000410004e-05,5.125051250512505e-05,6.150061500615006e-05
0.07789052890528905,4.100041000410004e-05,5.125051250512505e-05,6.150061500615006e-05
0.07825953259532595,4.100041000410004e-05,5.125051250512505e-05,6.150061500615006e-05
0.07862853628536286,4.100041000410004e-05,5.125051250512505e-05,6.150061500615006e-05
0.07899753997539975,4.100041000410004e-05,5.125051250512505e-05,6.150061500615006e-05
0.07936654366543665,5.125051250512505e-05,5.125051250512505e-05,6.150061500615006e-05
0.07973554735547356,5.125051250512505e-05,5.125051250512505e-05,6.150061500615006e-05
0.08010455104551045,5.125051250512505e-05,5.125051250512505e-05,6.150061500615006e-05
0.08047355473554736,5.125051250512505e-05,5.125051250512505e-05,6.150061500615006e-05
0.08084255842558426,5.125051250512505e-05,5.125051250512505e-05,6.150061500615006e-05
0.08121156211562115,5.125051250512505e-05,5.125051250512505e-05,6.150061500615006e-05
0.08158056580565806,5.125051250512505e-05,5.125051250512505e-05,6.150061500615006e-05
0.08194956949569496,5.125051250512505e-05,5.125051250512505e-05,6.150061500615006e-05
0.08231857318573185,5.125051250512505e-05,5.125051250512505e-05,6.175686756867545e-05
0.08268757687576876,5.125051250512505e-05,5.125051250512505e-05,7.175071750717508e-05
0.08305658056580566,5.125051250512505e-05,5.125051250512505e-05,7.175071750717508e-05
0.08342558425584255,5.125051250512505e-05,5.125051250512505e-05,7.175071750717508e-05
0.08379458794587946,5.125051250512505e-05,5.125051250512505e-05,7.175071750717508e-05
0.08416359163591636,5.125051250512505e-05,5.125051250512505e-05,7.175071750717508e-05
0.08453259532595327,5.125051250512505e-05,5.125051250512505e-05,7.175071750717508e-05
0.08490159901599016,5.125051250512505e-05,5.125051250512505e-05,7.175071750717508e-05
0.08527060270602706,5.125051250512505e-05,5.125051250512505e-05,7.175071750717508e-05
0.08563960639606397,5.125051250512505e-05,5.125051250512505e-05,7.175071750717508e-05
0.08600861008610086,5.125051250512505e-05,5.125051250512505e-05,7.175071750717508e-05
0.08637761377613776,5.125051250512505e-05,5.125051250512505e-05,7.175071750717508e-05
0.08674661746617467,5.125051250512505e-05,5.125051250512505e-05,7.175071750717508e-05
0.08711562115621156,5.125051250512505e-05,5.125051250512505e-05,7.175071750717508e-05
0.08748462484624846,5.125051250512505e-05,5.125051250512505e-05,7.175071750717508e-05
0.08785362853628537,5.125051250512505e-05,5.125051250512505e-05,7.175071750717508e-05
0.08822263222632226,5.125051250512505e-05,5.125051250512505e-05,7.175071750717508e-05
0.08859163591635916,5.125051250512505e-05,5.125051250512505e-05,7.175071750717508e-05
0.08896063960639607,5.125051250512505e-05,5.125051250512505e-05,7.175071750717508e-05
0.08932964329643296,5.125051250512505e-05,5.125051250512505e-05,7.175071750717508e-05
0.08969864698646987,5.125051250512505e-05,5.125051250512505e-05,7.175071750717508e-05
0.09006765067650677,5.125051250512505e-05,5.125051250512505e-05,7.175071750717508e-05
0.09043665436654366,5.125051250512505e-05,5.125051250512505e-05,7.175071750717508e-05
0.09080565805658057,5.125051250512505e-05,5.125051250512505e-05,7.175071750717508e-05
0.09117466174661747,5.125051250512505e-05,5.125051250512505e-05,7.175071750717508e-05
0.09154366543665436,5.125051250512505e-05,5.125051250512505e-05,7.175071750717508e-05
0.09191266912669127,5.125051250512505e-05,5.125051250512505e-05,7.175071750717508e-05
0.09228167281672817,5.125051250512505e-05,5.125051250512505e-05,7.175071750717508e-05
0.09265067650676506,5.125051250512505e-05,5.125051250512505e-05,7.175071750717508e-05
0.09301968019680197,5.125051250512505e-05,5.125051250512505e-05,7.175071750717508e-05
0.09338868388683887,5.125051250512505e-05,5.125051250512505e-05,7.175071750717508e-05
0.09375768757687578,5.125051250512505e-05,5.125051250512505e-05,7.175071750717508e-05
0.09412669126691267,5.125051250512505e-05,5.125051250512505e-05,7.175071750717508e-05
0.09449569495694957,5.125051250512505e-05,5.125051250512505e-05,7.175071750717508e-05
0.09486469864698648,5.125051250512505e-05,6.150061500615006e-05,7.175071750717508e-05
0.09523370233702337,5.125051250512505e-05,6.150061500615006e-05,7.175071750717508e-05
0.09560270602706027,5.125051250512505e-05,6.150061500615006e-05,7.175071750717508e-05
0.09597170971709718,5.125051250512505e-05,6.150061500615006e-05,7.175071750717508e-05
0.09634071340713407,5.125051250512505e-05,6.150061500615006e-05,7.175071750717508e-05
0.09670971709717097,5.125051250512505e-05,6.150061500615006e-05,7.175071750717508e-05
0.09707872078720788,5.125051250512505e-05,6.150061500615006e-05,7.175071750717508e-05
0.09744772447724477,5.125051250512505e-05,6.150061500615006e-05,7.175071750717508e-05
0.09781672816728167,5.125051250512505e-05,6.150061500615006e-05,7.175071750717508e-05
0.09818573185731858,5.125051250512505e-05,6.150061500615006e-05,7.175071750717508e-05
0.09855473554735547,5.125051250512505e-05,6.150061500615006e-05,7.175071750717508e-05
0.09892373923739238,5.125051250512505e-05,6.150061500615006e-05,7.175071750717508e-05
0.09929274292742928,5.125051250512505e-05,6.150061500615006e-05,7.175071750717508e-05
0.09966174661746617,5.125051250512505e-05,6.150061500615006e-05,7.175071750717508e-05
0.10003075030750308,5.125051250512505e-05,6.150061500615006e-05,7.175071750717508e-05
0.10039975399753998,5.125051250512505e-05,6.150061500615006e-05,7.175071750717508e-05
0.10076875768757687,5.125051250512505e-05,6.150061500615006e-05,7.175071750717508e-05
0.10113776137761378,5.125051250512505e-05,6.150061500615006e-05,7.175071750717508e-05
0.10150676506765068,5.125051250512505e-05,6.150061500615006e-05,7.175071750717508e-05
0.10187576875768757,5.125051250512505e-05,6.150061500615006e-05,7.175071750717508e-05
0.10224477244772448,5.125051250512505e-05,6.150061500615006e-05,7.175071750717508e-05
0.10261377613776138,5.125051250512505e-05,6.150061500615006e-05,7.175071750717508e-05
0.10298277982779828,5.125051250512505e-05,6.150061500615006e-05,7.175071750717508e-05
0.10335178351783518,5.125051250512505e-05,6.150061500615006e-05,7.175071750717508e-05
0.10371053710537105,5.125051250512505e-05,6.150061500615006e-05,7.175071750717508e-05
0.10406929069290694,5.125051250512505e-05,6.150061500615006e-05,7.175071750717508e-05
0.1044280442804428,5.125051250512505e-05,6.150061500615006e-05,7.175071750717508e-05
0.10478679786797868,5.125051250512505e-05,6.150061500615006e-05,7.175071750717508e-05
0.10514555145551456,5.125051250512505e-05,6.150061500615006e-05,7.175071750717508e-05
0.10550430504305043,5.125051250512505e-05,6.150061500615006e-05,7.175071750717508e-05
0.1058630586305863,5.125051250512505e-05,6.150061500615006e-05,7.175071750717508e-05
0.10622181221812219,5.125051250512505e-05,6.150061500615006e-05,7.175071750717508e-05
0.10658056580565806,5.125051250512505e-05,6.150061500615006e-05,7.175071750717508e-05
0.10693931939319393,5.125051250512505e-05,6.150061500615006e-05,7.175071750717508e-05
0.10729807298072981,5.125051250512505e-05,6.150061500615006e-05,7.175071750717508e-05
0.10765682656826568,5.125051250512505e-05,6.150061500615006e-05,7.175071750717508e-05
0.10801558015580155,5.125051250512505e-05,6.150061500615006e-05,7.175071750717508e-05
0.10837433374333744,5.125051250512505e-05,6.150061500615006e-05,7.175071750717508e-05
0.10873308733087331,5.125051250512505e-05,6.150061500615006e-05,7.175071750717508e-05
0.10909184091840918,5.125051250512505e-05,6.150061500615006e-05,7.175071750717508e-05
0.10945059450594506,5.125051250512505e-05,6.150061500615006e-05,7.175071750717508e-05
0.10980934809348093,5.125051250512505e-05,6.150061500615006e-05,7.175071750717508e-05
0.11016810168101682,5.125051250512505e-05,6.150061500615006e-05,7.175071750717508e-05
0.11052685526855269,5.125051250512505e-05,6.150061500615006e-05,7.175071750717508e-05
0.11088560885608856,5.125051250512505e-05,6.150061500615006e-05,7.175071750717508e-05
0.11124436244362444,5.125051250512505e-05,6.150061500615006e-05,7.175071750717508e-05
0.11160311603116031,5.125051250512505e-05,6.150061500615006e-05,7.175071750717508e-05
0.11196186961869618,5.125051250512505e-05,6.150061500615006e-05,7.175071750717508e-05
0.11232062320623207,5.125051250512505e-05,6.150061500615006e-05,7.175071750717508e-05
0.11267937679376794,5.125051250512505e-05,6.150061500615006e-05,7.175071750717508e-05
0.11303813038130381,5.125051250512505e-05,6.150061500615006e-05,7.175071750717508e-05
0.11339688396883969,5.125051250512505e-05,6.150061500615006e-05,7.175071750717508e-05
0.11375563755637556,5.125051250512505e-05,6.150061500615006e-05,7.175071750717508e-05
0.11411439114391143,5.125051250512505e-05,6.150061500615006e-05,7.175071750717508e-05
0.11447314473144732,5.125051250512505e-05,6.150061500615006e-05,7.175071750717508e-05
0.11483189831898319,5.125051250512505e-05,6.150061500615006e-05,7.175071750717508e-05
0.11519065190651906,5.125051250512505e-05,6.150061500615006e-05,7.175071750717508e-05
0.11554940549405494,5.125051250512505e-05,6.150061500615006e-05,7.175071750717508e-05
0.11590815908159081,5.125051250512505e-05,6.150061500615006e-05,7.175071750717508e-05
0.11626691266912668,5.125051250512505e-05,6.150061500615006e-05,7.175071750717508e-05
0.11662566625666257,5.125051250512505e-05,6.150061500615006e-05,7.175071750717508e-05
0.11698441984419844,5.125051250512505e-05,6.150061500615006e-05,7.175071750717508e-05
0.11734317343173432,5.125051250512505e-05,6.150061500615006e-05,7.175071750717508e-05
0.1177019270192702,5.125051250512505e-05,6.150061500615006e-05,7.175071750717508e-05
0.11806068060680606,5.125051250512505e-05,6.150061500615006e-05,7.175071750717508e-05
0.11841943419434195,5.125051250512505e-05,6.150061500615006e-05,7.175071750717508e-05
0.11877818778187782,5.125051250512505e-05,6.150061500615006e-05,7.175071750717508e-05
0.11913694136941369,5.125051250512505e-05,6.150061500615006e-05,7.175071750717508e-05
0.11949569495694957,5.125051250512505e-05,6.150061500615006e-05,7.175071750717508e-05
0.11985444854448545,5.125051250512505e-05,6.150061500615006e-05,8.200082000820008e-05
0.12021320213202132,5.125051250512505e-05,6.150061500615006e-05,8.200082000820008e-05
0.1205719557195572,5.125051250512505e-05,6.150061500615006e-05,8.200082000820008e-05
0.12093070930709307,5.125051250512505e-05,6.150061500615006e-05,8.200082000820008e-05
0.12128946289462894,5.125051250512505e-05,6.150061500615006e-05,8.200082000820008e-05
0.12164821648216483,5.125051250512505e-05,6.150061500615006e-05,8.200082000820008e-05
0.1220069700697007,5.125051250512505e-05,6.150061500615006e-05,8.200082000820008e-05
0.12236572365723657,5.125051250512505e-05,6.150061500615006e-05,8.200082000820008e-05
0.12272447724477245,5.125051250512505e-05,6.150061500615006e-05,8.200082000820008e-05
0.12308323083230832,5.125051250512505e-05,6.150061500615006e-05,8.200082000820008e-05
0.12344198441984419,5.125051250512505e-05,6.150061500615006e-05,8.200082000820008e-05
0.12380073800738008,5.125051250512505e-05,6.150061500615006e-05,8.200082000820008e-05
0.12415949159491595,5.125051250512505e-05,6.150061500615006e-05,8.200082000820008e-05
0.12451824518245183,5.125051250512505e-05,6.150061500615006e-05,8.200082000820008e-05
0.1248769987699877,5.125051250512505e-05,6.150061500615006e-05,8.200082000820008e-05
0.12523575235752357,5.125051250512505e-05,6.150061500615006e-05,8.200082000820008e-05
0.12559450594505944,5.125051250512505e-05,6.150061500615006e-05,8.200082000820008e-05
0.1259532595325953,5.125051250512505e-05,6.150061500615006e-05,8.200082000820008e-05
0.1263120131201312,5.125051250512505e-05,6.150061500615006e-05,8.200082000820008e-05
0.12667076670766708,5.125051250512505e-05,6.150061500615006e-05,8.200082000820008e-05
0.12702952029520295,5.125051250512505e-05,6.150061500615006e-05,8.200082000820008e-05
0.12738827388273882,5.125051250512505e-05,6.150061500615006e-05,8.200082000820008e-05
0.1277470274702747,5.125051250512505e-05,6.150061500615006e-05,8.200082000820008e-05
0.1281057810578106,5.125051250512505e-05,6.150061500615006e-05,8.200082000820008e-05
0.12846453464534646,5.125051250512505e-05,6.150061500615006e-05,8.200082000820008e-05
0.12882328823288233,5.125051250512505e-05,6.150061500615006e-05,8.200082000820008e-05
0.12917179171791718,5.125051250512505e-05,6.150061500615006e-05,8.200082000820008e-05
0.12952029520295202,5.125051250512505e-05,6.150061500615006e-05,8.200082000820008e-05
0.12986879868798687,5.125051250512505e-05,6.150061500615006e-05,8.200082000820008e-05
0.13021730217302174,5.125051250512505e-05,6.150061500615006e-05,8.200082000820008e-05
0.1305658056580566,5.125051250512505e-05,6.150061500615006e-05,8.200082000820008e-05
0.13091430914309143,5.125051250512505e-05,6.150061500615006e-05,8.200082000820008e-05
0.13126281262812628,5.125051250512505e-05,6.150061500615006e-05,8.200082000820008e-05
0.13161131611316113,5.125051250512505e-05,6.150061500615006e-05,8.200082000820008e-05
0.13195981959819597,5.125051250512505e-05,6.150061500615006e-05,8.200082000820008e-05
0.13230832308323084,5.125051250512505e-05,6.150061500615006e-05,8.200082000820008e-05
0.1326568265682657,5.125051250512505e-05,6.150061500615006e-05,8.200082000820008e-05
0.13300533005330054,5.125051250512505e-05,6.150061500615006e-05,8.200082000820008e-05
0.13335383353833538,6.124436244362444e-05,6.150061500615006e-05,8.200082000820008e-05
0.13370233702337023,6.150061500615006e-05,6.150061500615006e-05,8.200082000820008e-05
0.13405084050840507,6.150061500615006e-05,6.150061500615006e-05,8.200082000820008e-05
0.13439934399343995,6.150061500615006e-05,6.150061500615006e-05,8.200082000820008e-05
0.1347478474784748,6.150061500615006e-05,6.150061500615006e-05,8.200082000820008e-05
0.13509635096350964,6.150061500615006e-05,6.150061500615006e-05,8.200082000820008e-05
0.13544485444854448,6.150061500615006e-05,6.150061500615006e-05,8.200082000820008e-05
0.13579335793357933,6.150061500615006e-05,6.150061500615006e-05,8.200082000820008e-05
0.13614186141861417,6.150061500615006e-05,6.150061500615006e-05,8.200082000820008e-05
0.13649036490364905,6.150061500615006e-05,6.150061500615006e-05,8.200082000820008e-05
0.1368388683886839,6.150061500615006e-05,6.150061500615006e-05,8.200082000820008e-05
0.13718737187371874,6.150061500615006e-05,6.150061500615006e-05,8.200082000820008e-05
0.13753587535875358,6.150061500615006e-05,6.150061500615006e-05,8.200082000820008e-05
0.13788437884378843,6.150061500615006e-05,6.150061500615006e-05,8.200082000820008e-05
0.13823288232882328,6.150061500615006e-05,6.150061500615006e-05,8.200082000820008e-05
0.13858138581385815,6.150061500615006e-05,6.150061500615006e-05,8.200082000820008e-05
0.138929889298893,6.150061500615006e-05,6.150061500615006e-05,8.200082000820008e-05
0.13927839278392784,6.150061500615006e-05,6.150061500615006e-05,8.200082000820008e-05
0.13962689626896269,6.150061500615006e-05,6.150061500615006e-05,8.200082000820008e-05
0.13997539975399753,6.150061500615006e-05,6.150061500615006e-05,8.200082000820008e-05
0.14032390323903238,6.150061500615006e-05,6.150061500615006e-05,8.200082000820008e-05
0.14067240672406725,6.150061500615006e-05,6.150061500615006e-05,8.200082000820008e-05
0.1410209102091021,6.150061500615006e-05,6.150061500615006e-05,8.200082000820008e-05
0.14136941369413694,6.150061500615006e-05,6.150061500615006e-05,8.200082000820008e-05
0.1417179171791718,6.150061500615006e-05,6.150061500615006e-05,8.200082000820008e-05
0.14206642066420663,6.150061500615006e-05,7.175071750717508e-05,8.200082000820008e-05
0.14241492414924148,6.150061500615006e-05,7.175071750717508e-05,8.200082000820008e-05
0.14276342763427635,6.150061500615006e-05,7.175071750717508e-05,8.200082000820008e-05
0.1431119311193112,6.150061500615006e-05,7.175071750717508e-05,8.200082000820008e-05
0.14346043460434604,6.150061500615006e-05,7.175071750717508e-05,8.200082000820008e-05
0.1438089380893809,6.150061500615006e-05,7.175071750717508e-05,8.200082000820008e-05
0.14415744157441573,6.150061500615006e-05,7.175071750717508e-05,8.200082000820008e-05
0.1445059450594506,6.150061500615006e-05,7.175071750717508e-05,8.200082000820008e-05
0.14485444854448545,6.150061500615006e-05,7.175071750717508e-05,8.200082000820008e-05
0.1452029520295203,6.150061500615006e-05,7.175071750717508e-05,8.200082000820008e-05
0.14555145551455514,6.150061500615006e-05,7.175071750717508e-05,8.200082000820008e-05
0.14589995899959,6.150061500615006e-05,7.175071750717508e-05,8.200082000820008e-05
0.14624846248462484,6.150061500615006e-05,7.175071750717508e-05,8.200082000820008e-05
0.1465969659696597,6.150061500615006e-05,7.175071750717508e-05,8.200082000820008e-05
0.14694546945469456,6.150061500615006e-05,7.175071750717508e-05,8.200082000820008e-05
0.1472939729397294,6.150061500615006e-05,7.175071750717508e-05,8.200082000820008e-05
0.14764247642476425,6.150061500615006e-05,7.175071750717508e-05,8.200082000820008e-05
0.1479909799097991,6.150061500615006e-05,7.175071750717508e-05,8.200082000820008e-05
0.14833948339483394,6.150061500615006e-05,7.175071750717508e-05,8.200082000820008e-05
0.1486879868798688,6.150061500615006e-05,7.175071750717508e-05,8.200082000820008e-05
0.14903649036490366,6.150061500615006e-05,7.175071750717508e-05,8.200082000820008e-05
0.1493849938499385,6.150061500615006e-05,7.175071750717508e-05,8.200082000820008e-05
0.14973349733497335,6.150061500615006e-05,7.175071750717508e-05,8.200082000820008e-05
0.1500820008200082,6.150061500615006e-05,7.175071750717508e-05,8.200082000820008e-05
0.15043050430504304,6.150061500615006e-05,7.175071750717508e-05,8.200082000820008e-05
0.1507790077900779,6.150061500615006e-05,7.175071750717508e-05,8.200082000820008e-05
0.15112751127511276,6.150061500615006e-05,7.175071750717508e-05,8.225707257072548e-05
0.1514760147601476,6.150061500615006e-05,7.175071750717508e-05,8.225707257072548e-05
0.15182451824518245,6.150061500615006e-05,7.175071750717508e-05,8.225707257072548e-05
0.1521730217302173,6.150061500615006e-05,7.175071750717508e-05,9.225092250922509e-05
0.15252152521525214,6.150061500615006e-05,7.175071750717508e-05,9.225092250922509e-05
0.15287002870028701,6.150061500615006e-05,7.175071750717508e-05,9.225092250922509e-05
0.15321853218532186,6.150061500615006e-05,7.175071750717508e-05,9.225092250922509e-05
0.1535670356703567,6.150061500615006e-05,7.175071750717508e-05,9.225092250922509e-05
0.15391553915539155,6.150061500615006e-05,7.175071750717508e-05,9.225092250922509e-05
0.1542640426404264,6.150061500615006e-05,7.175071750717508e-05,9.225092250922509e-05
0.15461254612546124,6.150061500615006e-05,7.175071750717508e-05,9.225092250922509e-05
0.1549507995079951,6.150061500615006e-05,7.175071750717508e-05,9.225092250922509e-05
0.1552890528905289,6.150061500615006e-05,7.175071750717508e-05,9.225092250922509e-05
0.15562730627306273,6.150061500615006e-05,7.175071750717508e-05,9.225092250922509e-05
0.15596555965559655,6.150061500615006e-05,7.175071750717508e-05,9.225092250922509e-05
0.15630381303813037,6.150061500615006e-05,7.175071750717508e-05,9.225092250922509e-05
0.1566420664206642,6.150061500615006e-05,7.175071750717508e-05,9.225092250922509e-05
0.15698031980319804,6.150061500615006e-05,7.175071750717508e-05,9.225092250922509e-05
0.15731857318573186,6.150061500615006e-05,7.175071750717508e-05,9.225092250922509e-05
0.15765682656826568,6.150061500615006e-05,7.175071750717508e-05,9.225092250922509e-05
0.1579950799507995,6.150061500615006e-05,7.175071750717508e-05,9.225092250922509e-05
0.15833333333333333,6.150061500615006e-05,7.175071750717508e-05,9.225092250922509e-05
0.15867158671586715,6.150061500615006e-05,7.175071750717508e-05,9.225092250922509e-05
0.159009840098401,6.150061500615006e-05,7.175071750717508e-05,9.225092250922509e-05
0.15934809348093482,6.150061500615006e-05,7.175071750717508e-05,9.225092250922509e-05
0.15968634686346864,6.150061500615006e-05,7.175071750717508e-05,9.225092250922509e-05
0.16002460024600246,6.150061500615006e-05,7.175071750717508e-05,9.225092250922509e-05
0.16036285362853628,6.150061500615006e-05,7.175071750717508e-05,9.225092250922509e-05
0.1607011070110701,6.150061500615006e-05,7.175071750717508e-05,9.225092250922509e-05
0.16103936039360395,6.150061500615006e-05,7.175071750717508e-05,9.225092250922509e-05
0.16137761377613777,6.150061500615006e-05,7.175071750717508e-05,9.225092250922509e-05
0.1617158671586716,6.150061500615006e-05,7.175071750717508e-05,9.225092250922509e-05
0.1620541205412054,6.150061500615006e-05,7.175071750717508e-05,9.225092250922509e-05
0.16239237392373923,6.150061500615006e-05,7.175071750717508e-05,9.225092250922509e-05
0.16273062730627305,6.150061500615006e-05,7.175071750717508e-05,9.225092250922509e-05
0.1630688806888069,6.150061500615006e-05,7.175071750717508e-05,9.225092250922509e-05
0.16340713407134072,6.150061500615006e-05,7.175071750717508e-05,9.225092250922509e-05
0.16374538745387454,6.150061500615006e-05,7.175071750717508e-05,9.225092250922509e-05
0.16408364083640836,6.150061500615006e-05,7.175071750717508e-05,9.225092250922509e-05
0.16442189421894218,6.150061500615006e-05,7.175071750717508e-05,9.225092250922509e-05
0.164760147601476,6.150061500615006e-05,7.175071750717508e-05,9.225092250922509e-05
0.16509840098400985,6.150061500615006e-05,7.175071750717508e-05,9.225092250922509e-05
0.16543665436654367,6.150061500615006e-05,7.175071750717508e-05,9.225092250922509e-05
0.1657749077490775,6.150061500615006e-05,7.175071750717508e-05,9.225092250922509e-05
0.16611316113161131,6.150061500615006e-05,7.175071750717508e-05,9.225092250922509e-05
0.16645141451414514,6.150061500615006e-05,7.175071750717508e-05,9.225092250922509e-05
0.16678966789667896,6.150061500615006e-05,7.175071750717508e-05,9.225092250922509e-05
0.1671279212792128,6.150061500615006e-05,7.175071750717508e-05,9.225092250922509e-05
0.16746617466174663,6.150061500615006e-05,7.175071750717508e-05,9.225092250922509e-05
0.16780442804428045,6.150061500615006e-05,7.175071750717508e-05,9.225092250922509e-05
0.16814268142681427,6.150061500615006e-05,7.175071750717508e-05,9.225092250922509e-05
0.1684809348093481,6.150061500615006e-05,7.175071750717508e-05,9.225092250922509e-05
0.1688191881918819,6.150061500615006e-05,7.175071750717508e-05,9.225092250922509e-05
0.16915744157441576,6.150061500615006e-05,7.175071750717508e-05,9.225092250922509e-05
0.16949569495694958,6.150061500615006e-05,7.175071750717508e-05,9.225092250922509e-05
0.1698339483394834,6.150061500615006e-05,7.175071750717508e-05,9.225092250922509e-05
0.17017220172201722,6.150061500615006e-05,7.175071750717508e-05,9.225092250922509e-05
0.17051045510455104,6.150061500615006e-05,7.175071750717508e-05,9.225092250922509e-05
0.17084870848708486,6.150061500615006e-05,7.175071750717508e-05,9.225092250922509e-05
0.1711869618696187,6.150061500615006e-05,7.175071750717508e-05,9.225092250922509e-05
0.17152521525215253,6.150061500615006e-05,7.175071750717508e-05,9.225092250922509e-05
0.17186346863468635,6.150061500615006e-05,7.175071750717508e-05,9.225092250922509e-05
0.17220172201722017,6.150061500615006e-05,7.175071750717508e-05,9.225092250922509e-05
0.172539975399754,6.150061500615006e-05,7.175071750717508e-05,9.225092250922509e-05
0.1728782287822878,6.150061500615006e-05,7.175071750717508e-05,9.225092250922509e-05
0.17321648216482166,6.150061500615006e-05,7.175071750717508e-05,9.225092250922509e-05
0.17355473554735548,6.150061500615006e-05,7.175071750717508e-05,9.225092250922509e-05
0.1738929889298893,6.150061500615006e-05,7.175071750717508e-05,9.225092250922509e-05
0.17423124231242312,6.150061500615006e-05,7.175071750717508e-05,9.225092250922509e-05
0.17456949569495694,6.150061500615006e-05,7.175071750717508e-05,9.225092250922509e-05
0.17490774907749077,6.150061500615006e-05,7.175071750717508e-05,9.225092250922509e-05
0.1752460024600246,6.150061500615006e-05,7.175071750717508e-05,9.225092250922509e-05
0.17558425584255843,6.150061500615006e-05,7.175071750717508e-05,9.225092250922509e-05
0.17592250922509226,6.150061500615006e-05,7.175071750717508e-05,9.225092250922509e-05
0.17626076260762608,6.150061500615006e-05,7.175071750717508e-05,9.225092250922509e-05
0.1765990159901599,6.150061500615006e-05,7.175071750717508e-05,9.225092250922509e-05
0.17693726937269372,6.150061500615006e-05,7.175071750717508e-05,9.225092250922509e-05
0.17727552275522757,6.150061500615006e-05,7.175071750717508e-05,9.225092250922509e-05
0.1776137761377614,6.150061500615006e-05,7.175071750717508e-05,9.225092250922509e-05
0.1779520295202952,6.150061500615006e-05,7.175071750717508e-05,9.225092250922509e-05
0.17829028290282903,6.150061500615006e-05,7.175071750717508e-05,9.225092250922509e-05
0.17862853628536285,6.150061500615006e-05,7.175071750717508e-05,9.225092250922509e-05
0.17896678966789667,6.150061500615006e-05,7.175071750717508e-05,9.225092250922509e-05
0.17930504305043052,6.150061500615006e-05,7.175071750717508e-05,9.225092250922509e-05
0.17964329643296434,6.150061500615006e-05,7.175071750717508e-05,9.225092250922509e-05
0.17998154981549816,6.150061500615006e-05,7.175071750717508e-05,9.225092250922509e-05
0.18031980319803198,6.150061500615006e-05,7.175071750717508e-05,9.225092250922509e-05
0.18064780647806478,6.150061500615006e-05,7.175071750717508e-05,9.225092250922509e-05
0.18097580975809757,6.150061500615006e-05,7.175071750717508e-05,9.225092250922509e-05
0.18130381303813037,6.150061500615006e-05,7.175071750717508e-05,9.225092250922509e-05
0.1816318163181632,6.150061500615006e-05,7.175071750717508e-05,9.225092250922509e-05
0.181959819598196,6.150061500615006e-05,7.175071750717508e-05,9.225092250922509e-05
0.18228782287822878,6.150061500615006e-05,7.175071750717508e-05,9.225092250922509e-05
0.18261582615826158,6.150061500615006e-05,7.175071750717508e-05,9.225092250922509e-05
0.18294382943829438,6.150061500615006e-05,7.175071750717508e-05,9.225092250922509e-05
0.18327183271832717,6.150061500615006e-05,7.175071750717508e-05,9.225092250922509e-05
0.18359983599836,6.150061500615006e-05,7.175071750717508e-05,9.225092250922509e-05
0.1839278392783928,6.150061500615006e-05,7.175071750717508e-05,9.225092250922509e-05
0.1842558425584256,6.150061500615006e-05,7.175071750717508e-05,9.225092250922509e-05
0.18458384583845838,6.150061500615006e-05,7.175071750717508e-05,9.225092250922509e-05
0.18491184911849118,6.150061500615006e-05,7.175071750717508e-05,9.225092250922509e-05
0.18523985239852397,6.150061500615006e-05,7.175071750717508e-05,9.225092250922509e-05
0.1855678556785568,6.150061500615006e-05,7.175071750717508e-05,9.225092250922509e-05
0.1858958589585896,6.150061500615006e-05,7.175071750717508e-05,9.225092250922509e-05
0.1862238622386224,6.150061500615006e-05,7.175071750717508e-05,9.225092250922509e-05
0.18655186551865519,6.150061500615006e-05,7.175071750717508e-05,9.225092250922509e-05
0.18687986879868798,6.150061500615006e-05,7.175071750717508e-05,9.225092250922509e-05
0.18720787207872078,6.150061500615006e-05,7.175071750717508e-05,9.225092250922509e-05
0.1875358753587536,6.150061500615006e-05,7.175071750717508e-05,9.225092250922509e-05
0.1878638786387864,6.150061500615006e-05,7.175071750717508e-05,9.225092250922509e-05
0.1881918819188192,6.150061500615006e-05,7.175071750717508e-05,9.225092250922509e-05
0.188519885198852,6.150061500615006e-05,7.175071750717508e-05,9.225092250922509e-05
0.18884788847888478,6.150061500615006e-05,7.175071750717508e-05,9.225092250922509e-05
0.18917589175891758,6.150061500615006e-05,8.200082000820008e-05,9.225092250922509e-05
0.18950389503895038,6.150061500615006e-05,8.200082000820008e-05,9.225092250922509e-05
0.1898318983189832,7.149446494464946e-05,8.200082000820008e-05,9.225092250922509e-05
0.190159901599016,7.175071750717508e-05,8.200082000820008e-05,9.225092250922509e-05
0.1904879048790488,7.175071750717508e-05,8.200082000820008e-05,9.225092250922509e-05
0.1908159081590816,7.175071750717508e-05,8.200082000820008e-05,0.0001025010250102501
0.19114391143911438,7.175071750717508e-05,8.200082000820008e-05,0.0001025010250102501
0.19147191471914718,7.175071750717508e-05,8.200082000820008e-05,0.0001025010250102501
0.19179991799918,7.175071750717508e-05,8.200082000820008e-05,0.0001025010250102501
0.1921279212792128,7.175071750717508e-05,8.200082000820008e-05,0.0001025010250102501
0.1924559245592456,7.175071750717508e-05,8.200082000820008e-05,0.0001025010250102501
0.1927839278392784,7.175071750717508e-05,8.200082000820008e-05,0.0001025010250102501
0.1931119311193112,7.175071750717508e-05,8.200082000820008e-05,0.0001025010250102501
0.19343993439934398,7.175071750717508e-05,8.200082000820008e-05,0.0001025010250102501
0.1937679376793768,7.175071750717508e-05,8.200082000820008e-05,0.0001025010250102501
0.1940959409594096,7.175071750717508e-05,8.200082000820008e-05,0.0001025010250102501
0.1944239442394424,7.175071750717508e-05,8.200082000820008e-05,0.0001025010250102501
0.1947519475194752,7.175071750717508e-05,8.200082000820008e-05,0.0001025010250102501
0.195079950799508,7.175071750717508e-05,8.200082000820008e-05,0.0001025010250102501
0.19540795407954079,7.175071750717508e-05,8.200082000820008e-05,0.0001025010250102501
0.1957359573595736,7.175071750717508e-05,8.200082000820008e-05,0.0001025010250102501
0.1960639606396064,7.175071750717508e-05,8.200082000820008e-05,0.0001025010250102501
0.1963919639196392,7.175071750717508e-05,8.200082000820008e-05,0.0001025010250102501
0.196719967199672,7.175071750717508e-05,8.200082000820008e-05,0.0001025010250102501
0.1970479704797048,7.175071750717508e-05,8.200082000820008e-05,0.0001025010250102501
0.1973759737597376,7.175071750717508e-05,8.200082000820008e-05,0.0001025010250102501
0.19770397703977038,7.175071750717508e-05,8.200082000820008e-05,0.0001025010250102501
0.1980319803198032,7.175071750717508e-05,8.200082000820008e-05,0.0001025010250102501
0.198359983599836,7.175071750717508e-05,8.200082000820008e-05,0.0001025010250102501
0.1986879868798688,7.175071750717508e-05,8.200082000820008e-05,0.0001025010250102501
0.1990159901599016,7.175071750717508e-05,8.200082000820008e-05,0.0001025010250102501
0.1993439934399344,7.175071750717508e-05,8.200082000820008e-05,0.0001025010250102501
0.1996719967199672,7.175071750717508e-05,8.200082000820008e-05,0.0001025010250102501
0.2,7.175071750717508e-05,8.200082000820008e-05,0.0001025010250102501
0.2003280032800328,7.175071750717508e-05,8.200082000820008e-05,0.0001025010250102501
0.2006560065600656,7.175071750717508e-05,8.200082000820008e-05,0.0001025010250102501
0.2009840098400984,7.175071750717508e-05,8.200082000820008e-05,0.0001025010250102501
0.2013120131201312,7.175071750717508e-05,8.200082000820008e-05,0.0001025010250102501
0.201640016400164,7.175071750717508e-05,8.200082000820008e-05,0.0001025010250102501
0.20196801968019681,7.175071750717508e-05,8.200082000820008e-05,0.0001025010250102501
0.2022960229602296,7.175071750717508e-05,8.200082000820008e-05,0.0001025010250102501
0.2026240262402624,7.175071750717508e-05,8.200082000820008e-05,0.0001025010250102501
0.2029520295202952,7.175071750717508e-05,8.200082000820008e-05,0.0001025010250102501
0.203280032800328,7.175071750717508e-05,8.200082000820008e-05,0.0001025010250102501
0.2036080360803608,7.175071750717508e-05,8.200082000820008e-05,0.0001025010250102501
0.20393603936039362,7.175071750717508e-05,8.200082000820008e-05,0.0001025010250102501
0.2042640426404264,7.175071750717508e-05,8.200082000820008e-05,0.0001025010250102501
0.2045920459204592,7.175071750717508e-05,8.200082000820008e-05,0.0001025010250102501
0.204920049200492,7.175071750717508e-05,8.200082000820008e-05,0.0001025010250102501
0.2052480524805248,7.175071750717508e-05,8.200082000820008e-05,0.0001025010250102501
0.2055760557605576,7.175071750717508e-05,8.200082000820008e-05,0.0001025010250102501
0.2059040590405904,7.175071750717508e-05,8.200082000820008e-05,0.0001025010250102501
0.2062218122181222,7.175071750717508e-05,8.200082000820008e-05,0.0001025010250102501
0.20653956539565396,7.175071750717508e-05,8.200082000820008e-05,0.0001025010250102501
0.20685731857318573,7.175071750717508e-05,8.200082000820008e-05,0.0001025010250102501
0.2071750717507175,7.175071750717508e-05,8.200082000820008e-05,0.0001025010250102501
0.20749282492824928,7.175071750717508e-05,8.200082000820008e-05,0.0001025010250102501
0.20781057810578105,7.175071750717508e-05,8.200082000820008e-05,0.0001025010250102501
0.20812833128331285,7.175071750717508e-05,8.200082000820008e-05,0.0001025010250102501
0.20844608446084462,7.175071750717508e-05,8.200082000820008e-05,0.0001025010250102501
0.2087638376383764,7.175071750717508e-05,8.200082000820008e-05,0.0001025010250102501
0.20908159081590816,7.175071750717508e-05,8.200082000820008e-05,0.0001025010250102501
0.20939934399343993,7.175071750717508e-05,8.200082000820008e-05,0.0001025010250102501
0.2097170971709717,7.175071750717508e-05,8.200082000820008e-05,0.0001025010250102501
0.21003485034850347,7.175071750717508e-05,8.200082000820008e-05,0.0001025010250102501
0.21035260352603527,7.175071750717508e-05,8.200082000820008e-05,0.0001025010250102501
0.21067035670356704,7.175071750717508e-05,8.200082000820008e-05,0.0001025010250102501
0.2109881098810988,7.175071750717508e-05,8.200082000820008e-05,0.0001025010250102501
0.21130586305863058,7.175071750717508e-05,8.200082000820008e-05,0.0001025010250102501
0.21162361623616235,7.175071750717508e-05,8.200082000820008e-05,0.0001025010250102501
0.21194136941369413,7.175071750717508e-05,8.200082000820008e-05,0.0001025010250102501
0.21225912259122592,7.175071750717508e-05,8.200082000820008e-05,0.0001025010250102501
0.2125768757687577,7.175071750717508e-05,8.200082000820008e-05,0.0001025010250102501
0.21289462894628947,7.175071750717508e-05,8.200082000820008e-05,0.0001025010250102501
0.21321238212382124,7.175071750717508e-05,8.200082000820008e-05,0.0001025010250102501
0.213530135301353,7.175071750717508e-05,8.200082000820008e-05,0.0001025010250102501
0.21384788847888478,7.175071750717508e-05,8.200082000820008e-05,0.0001025010250102501
0.21416564165641658,7.175071750717508e-05,8.200082000820008e-05,0.0001025010250102501
0.21448339483394835,7.175071750717508e-05,8.200082000820008e-05,0.0001025010250102501
0.21480114801148012,7.175071750717508e-05,8.200082000820008e-05,0.0001025010250102501
0.2151189011890119,7.175071750717508e-05,8.200082000820008e-05,0.0001025010250102501
0.21543665436654366,7.175071750717508e-05,8.200082000820008e-05,0.0001025010250102501
0.21575440754407543,7.175071750717508e-05,8.200082000820008e-05,0.0001025010250102501
0.2160721607216072,7.175071750717508e-05,8.200082000820008e-05,0.0001025010250102501
0.216389913899139,7.175071750717508e-05,8.200082000820008e-05,0.0001025010250102501
0.21670766707667077,7.175071750717508e-05,8.200082000820008e-05,0.0001025010250102501
0.21702542025420254,7.175071750717508e-05,8.200082000820008e-05,0.0001025010250102501
0.21734317343173432,7.175071750717508e-05,8.200082000820008e-05,0.0001025010250102501
0.2176609266092661,7.175071750717508e-05,8.200082000820008e-05,0.0001025010250102501
0.21797867978679786,7.175071750717508e-05,8.200082000820008e-05,0.0001025010250102501
0.21829643296432966,7.175071750717508e-05,8.200082000820008e-05,0.0001025010250102501
0.21861418614186143,7.175071750717508e-05,8.200082000820008e-05,0.0001025010250102501
0.2189319393193932,7.175071750717508e-05,8.200082000820008e-05,0.0001025010250102501
0.21924969249692497,7.175071750717508e-05,8.200082000820008e-05,0.0001025010250102501
0.21956744567445674,7.175071750717508e-05,8.200082000820008e-05,0.0001025010250102501
0.2198851988519885,7.175071750717508e-05,8.200082000820008e-05,0.0001025010250102501
0.22020295202952028,7.175071750717508e-05,8.200082000820008e-05,0.0001025010250102501
0.22052070520705208,7.175071750717508e-05,8.200082000820008e-05,0.0001025010250102501
0.22083845838458385,7.175071750717508e-05,8.200082000820008e-05,0.0001025010250102501
0.22115621156211562,7.175071750717508e-05,8.200082000820008e-05,0.0001025010250102501
0.2214739647396474,7.175071750717508e-05,8.200082000820008e-05,0.0001025010250102501
0.22179171791717917,7.175071750717508e-05,8.200082000820008e-05,0.0001025010250102501
0.22210947109471094,7.175071750717508e-05,8.200082000820008e-05,0.0001025010250102501
0.22242722427224274,7.175071750717508e-05,8.200082000820008e-05,0.0001025010250102501
0.2227449774497745,7.175071750717508e-05,8.200082000820008e-05,0.0001025010250102501
0.22306273062730628,7.175071750717508e-05,8.200082000820008e-05,0.0001025010250102501
0.22338048380483805,7.175071750717508e-05,8.200082000820008e-05,0.0001025010250102501
0.22369823698236982,7.175071750717508e-05,8.200082000820008e-05,0.0001025010250102501
0.2240159901599016,7.175071750717508e-05,8.200082000820008e-05,0.0001025010250102501
0.22433374333743336,7.175071750717508e-05,8.200082000820008e-05,0.0001025010250102501
0.22465149651496516,7.175071750717508e-05,8.200082000820008e-05,0.0001025010250102501
0.22496924969249693,7.175071750717508e-05,8.200082000820008e-05,0.0001025010250102501
0.2252870028700287,7.175071750717508e-05,8.200082000820008e-05,0.0001025010250102501
0.22560475604756047,7.175071750717508e-05,8.200082000820008e-05,0.0001025010250102501
0.22592250922509224,7.175071750717508e-05,8.200082000820008e-05,0.0001025010250102501
0.22624026240262401,7.175071750717508e-05,8.200082000820008e-05,0.0001025010250102501
0.2265580155801558,7.175071750717508e-05,8.200082000820008e-05,0.0001025010250102501
0.22687576875768758,7.175071750717508e-05,8.200082000820008e-05,0.0001025010250102501
0.22719352193521936,7.175071750717508e-05,8.200082000820008e-05,0.0001025010250102501
0.22751127511275113,7.175071750717508e-05,8.200082000820008e-05,0.0001025010250102501
0.2278290282902829,7.175071750717508e-05,8.200082000820008e-05,0.0001025010250102501
0.22814678146781467,7.175071750717508e-05,8.200082000820008e-05,0.0001025010250102501
0.22846453464534644,7.175071750717508e-05,8.200082000820008e-05,0.0001025010250102501
0.22878228782287824,7.175071750717508e-05,8.200082000820008e-05,0.0001025010250102501
0.22910004100041,7.175071750717508e-05,8.200082000820008e-05,0.0001025010250102501
0.22941779417794178,7.175071750717508e-05,8.200082000820008e-05,0.0001025010250102501
0.22973554735547355,7.175071750717508e-05,8.200082000820008e-05,0.0001027572775727755
0.23005330053300532,7.175071750717508e-05,8.200082000820008e-05,0.0001027572775727755
0.2303710537105371,7.175071750717508e-05,8.200082000820008e-05,0.00011275112751127512
0.2306888068880689,7.175071750717508e-05,8.200082000820008e-05,0.00011275112751127512
0.23100656006560066,7.175071750717508e-05,8.200082000820008e-05,0.00011275112751127512
0.23132431324313243,7.175071750717508e-05,8.200082000820008e-05,0.00011275112751127512
0.23163181631816318,7.175071750717508e-05,8.200082000820008e-05,0.00011275112751127512
0.23193931939319393,7.175071750717508e-05,8.200082000820008e-05,0.00011275112751127512
0.23224682246822467,7.175071750717508e-05,8.200082000820008e-05,0.00011275112751127512
0.23255432554325542,7.175071750717508e-05,8.200082000820008e-05,0.00011275112751127512
0.2328618286182862,7.175071750717508e-05,8.200082000820008e-05,0.00011275112751127512
0.23316933169331694,7.175071750717508e-05,8.200082000820008e-05,0.00011275112751127512
0.23347683476834769,7.175071750717508e-05,8.200082000820008e-05,0.00011275112751127512
0.23378433784337843,7.175071750717508e-05,8.200082000820008e-05,0.00011275112751127512
0.23409184091840918,7.175071750717508e-05,8.200082000820008e-05,0.00011275112751127512
0.23439934399343992,7.175071750717508e-05,8.200082000820008e-05,0.00011275112751127512
0.2347068470684707,7.175071750717508e-05,8.200082000820008e-05,0.00011275112751127512
0.23501435014350144,7.175071750717508e-05,8.200082000820008e-05,0.00011275112751127512
0.2353218532185322,7.175071750717508e-05,8.200082000820008e-05,0.00011275112751127512
0.23562935629356294,7.175071750717508e-05,9.225092250922509e-05,0.00011275112751127512
0.23593685936859368,7.175071750717508e-05,9.225092250922509e-05,0.00011275112751127512
0.23624436244362443,7.175071750717508e-05,9.225092250922509e-05,0.00011275112751127512
0.23655186551865517,7.175071750717508e-05,9.225092250922509e-05,0.00011275112751127512
0.23685936859368595,7.175071750717508e-05,9.225092250922509e-05,0.00011275112751127512
0.2371668716687167,7.175071750717508e-05,9.225092250922509e-05,0.00011275112751127512
0.23747437474374744,7.175071750717508e-05,9.225092250922509e-05,0.00011275112751127512
0.2377818778187782,7.175071750717508e-05,9.225092250922509e-05,0.00011275112751127512
0.23808938089380893,7.175071750717508e-05,9.225092250922509e-05,0.00011275112751127512
0.23839688396883968,7.175071750717508e-05,9.225092250922509e-05,0.00011275112751127512
0.23870438704387043,7.175071750717508e-05,9.225092250922509e-05,0.00011275112751127512
0.2390118901189012,7.175071750717508e-05,9.225092250922509e-05,0.00011275112751127512
0.23931939319393195,7.175071750717508e-05,9.225092250922509e-05,0.00011275112751127512
0.2396268962689627,7.175071750717508e-05,9.225092250922509e-05,0.00011275112751127512
0.23993439934399344,7.175071750717508e-05,9.225092250922509e-05,0.00011275112751127512
0.24024190241902418,7.175071750717508e-05,9.225092250922509e-05,0.00011275112751127512
0.24054940549405493,7.175071750717508e-05,9.225092250922509e-05,0.00011275112751127512
0.2408569085690857,7.175071750717508e-05,9.225092250922509e-05,0.00011275112751127512
0.24116441164411645,7.175071750717508e-05,9.225092250922509e-05,0.00011275112751127512
0.2414719147191472,7.175071750717508e-05,9.225092250922509e-05,0.00011275112751127512
0.24177941779417794,7.175071750717508e-05,9.225092250922509e-05,0.00011275112751127512
0.2420869208692087,7.175071750717508e-05,9.225092250922509e-05,0.00011275112751127512
0.24239442394423943,8.174456744567447e-05,9.225092250922509e-05,0.00011275112751127512
0.24270192701927018,8.200082000820008e-05,9.225092250922509e-05,0.00011275112751127512
0.24300943009430095,8.200082000820008e-05,9.225092250922509e-05,0.00011275112751127512
0.2433169331693317,8.200082000820008e-05,9.225092250922509e-05,0.00011275112751127512
0.24362443624436245,8.200082000820008e-05,9.225092250922509e-05,0.00011275112751127512
0.2439319393193932,8.200082000820008e-05,9.225092250922509e-05,0.00011275112751127512
0.24423944239442394,8.200082000820008e-05,9.225092250922509e-05,0.00011275112751127512
0.24454694546945469,8.200082000820008e-05,9.225092250922509e-05,0.00011275112751127512
0.24485444854448543,8.200082000820008e-05,9.225092250922509e-05,0.00011275112751127512
0.2451619516195162,8.200082000820008e-05,9.225092250922509e-05,0.00011275112751127512
0.24546945469454695,8.200082000820008e-05,9.225092250922509e-05,0.00011275112751127512
0.2457769577695777,8.200082000820008e-05,9.225092250922509e-05,0.00011275112751127512
0.24608446084460844,8.200082000820008e-05,9.225092250922509e-05,0.00011275112751127512
0.2463919639196392,8.200082000820008e-05,9.225092250922509e-05,0.00011275112751127512
0.24669946699466994,8.200082000820008e-05,9.225092250922509e-05,0.00011275112751127512
0.2470069700697007,8.200082000820008e-05,9.225092250922509e-05,0.00011275112751127512
0.24731447314473146,8.200082000820008e-05,9.225092250922509e-05,0.00011275112751127512
0.2476219762197622,8.200082000820008e-05,9.225092250922509e-05,0.00011275112751127512
0.24792947929479295,8.200082000820008e-05,9.225092250922509e-05,0.00011275112751127512
0.2482369823698237,8.200082000820008e-05,9.225092250922509e-05,0.00011275112751127512
0.24854448544485444,8.200082000820008e-05,9.225092250922509e-05,0.00011275112751127512
0.2488519885198852,8.200082000820008e-05,9.225092250922509e-05,0.00011275112751127512
0.24915949159491596,8.200082000820008e-05,9.225092250922509e-05,0.00011275112751127512
0.2494669946699467,8.200082000820008e-05,9.225092250922509e-05,0.00011275112751127512
0.24977449774497745,8.200082000820008e-05,9.225092250922509e-05,0.00011275112751127512
0.2500820008200082,8.200082000820008e-05,9.225092250922509e-05,0.00011275112751127512
0.25038950389503895,8.200082000820008e-05,9.225092250922509e-05,0.00011275112751127512
0.2506970069700697,8.200082000820008e-05,9.225092250922509e-05,0.00011275112751127512
0.25100451004510044,8.200082000820008e-05,9.225092250922509e-05,0.00011275112751127512
0.2513120131201312,8.200082000820008e-05,9.225092250922509e-05,0.00011275112751127512
0.25161951619516193,8.200082000820008e-05,9.225092250922509e-05,0.00011275112751127512
0.2519270192701927,8.200082000820008e-05,9.225092250922509e-05,0.00011275112751127512
0.2522345223452235,8.200082000820008e-05,9.225092250922509e-05,0.00011275112751127512
0.2525420254202542,8.200082000820008e-05,9.225092250922509e-05,0.00011275112751127512
0.25284952849528497,8.200082000820008e-05,9.225092250922509e-05,0.00011275112751127512
0.2531570315703157,8.200082000820008e-05,9.225092250922509e-05,0.00011275112751127512
0.25346453464534646,8.200082000820008e-05,9.225092250922509e-05,0.00011275112751127512
0.2537720377203772,8.200082000820008e-05,9.225092250922509e-05,0.00011275112751127512
0.25407954079540795,8.200082000820008e-05,9.225092250922509e-05,0.00011275112751127512
0.2543870438704387,8.200082000820008e-05,9.225092250922509e-05,0.00011275112751127512
0.25469454694546945,8.200082000820008e-05,9.225092250922509e-05,0.00011275112751127512
0.2550020500205002,8.200082000820008e-05,9.225092250922509e-05,0.00011275112751127512
0.25530955309553094,8.200082000820008e-05,9.225092250922509e-05,0.00011275112751127512
0.2556170561705617,8.200082000820008e-05,9.225092250922509e-05,0.00011275112751127512
0.25592455924559243,8.200082000820008e-05,9.225092250922509e-05,0.00011275112751127512
0.25623206232062323,8.200082000820008e-05,9.225092250922509e-05,0.00011275112751127512
0.256539565395654,8.200082000820008e-05,9.225092250922509e-05,0.00011275112751127512
0.2568470684706847,8.200082000820008e-05,9.225092250922509e-05,0.00011275112751127512
0.25715457154571547,8.200082000820008e-05,9.225092250922509e-05,0.00011275112751127512
0.25745182451824516,8.200082000820008e-05,9.225092250922509e-05,0.00011275112751127512
0.2577490774907749,8.200082000820008e-05,9.225092250922509e-05,0.00011275112751127512
0.2580463304633046,8.200082000820008e-05,9.225092250922509e-05,0.00011275112751127512
0.25834358343583436,8.200082000820008e-05,9.225092250922509e-05,0.00011275112751127512
0.2586408364083641,8.200082000820008e-05,9.225092250922509e-05,0.00011275112751127512
0.2589380893808938,8.200082000820008e-05,9.225092250922509e-05,0.00011275112751127512
0.25923534235342355,8.200082000820008e-05,9.225092250922509e-05,0.00011275112751127512
0.25953259532595324,8.200082000820008e-05,9.225092250922509e-05,0.00011275112751127512
0.259829848298483,8.200082000820008e-05,9.225092250922509e-05,0.00011275112751127512
0.2601271012710127,8.200082000820008e-05,9.225092250922509e-05,0.00011275112751127512
0.26042435424354243,8.200082000820008e-05,9.225092250922509e-05,0.00011275112751127512
0.2607216072160722,8.200082000820008e-05,9.225092250922509e-05,0.00011275112751127512
0.2610188601886019,8.200082000820008e-05,9.225092250922509e-05,0.00011275112751127512
0.2613161131611316,8.200082000820008e-05,9.225092250922509e-05,0.00011275112751127512
0.2616133661336613,8.200082000820008e-05,9.225092250922509e-05,0.00011275112751127512
0.26191061910619107,8.200082000820008e-05,9.225092250922509e-05,0.00011275112751127512
0.26220787207872076,8.200082000820008e-05,9.225092250922509e-05,0.00011275112751127512
0.2625051250512505,8.200082000820008e-05,9.225092250922509e-05,0.00011275112751127512
0.26280237802378026,8.200082000820008e-05,9.225092250922509e-05,0.00011275112751127512
0.26309963099630995,8.200082000820008e-05,9.225092250922509e-05,0.00011275112751127512
0.2633968839688397,8.200082000820008e-05,9.225092250922509e-05,0.00011275112751127512
0.2636941369413694,8.200082000820008e-05,9.225092250922509e-05,0.00011300738007380051
0.26399138991389914,8.200082000820008e-05,9.225092250922509e-05,0.00011300738007380051
0.26428864288642884,8.200082000820008e-05,9.225092250922509e-05,0.00011300738007380051
0.2645858958589586,8.200082000820008e-05,9.225092250922509e-05,0.00011300738007380051
0.26488314883148834,8.200082000820008e-05,9.225092250922509e-05,0.00011300738007380051
0.26518040180401803,8.200082000820008e-05,9.225092250922509e-05,0.0001230012300123001
0.2654776547765478,8.200082000820008e-05,9.225092250922509e-05,0.0001230012300123001
0.26577490774907747,8.200082000820008e-05,9.225092250922509e-05,0.0001230012300123001
0.2660721607216072,8.200082000820008e-05,9.225092250922509e-05,0.0001230012300123001
0.2663694136941369,8.200082000820008e-05,9.225092250922509e-05,0.0001230012300123001
0.26666666666666666,8.200082000820008e-05,9.225092250922509e-05,0.0001230012300123001
0.2669639196391964,8.200082000820008e-05,9.225092250922509e-05,0.0001230012300123001
0.2672611726117261,8.200082000820008e-05,9.225092250922509e-05,0.0001230012300123001
0.26755842558425585,8.200082000820008e-05,9.225092250922509e-05,0.0001230012300123001
0.26785567855678555,8.200082000820008e-05,9.225092250922509e-05,0.0001230012300123001
0.2681529315293153,8.200082000820008e-05,9.225092250922509e-05,0.0001230012300123001
0.26845018450184505,8.200082000820008e-05,9.225092250922509e-05,0.0001230012300123001
0.26874743747437474,8.200082000820008e-05,9.225092250922509e-05,0.0001230012300123001
0.2690446904469045,8.200082000820008e-05,9.225092250922509e-05,0.0001230012300123001
0.2693419434194342,8.200082000820008e-05,9.225092250922509e-05,0.0001230012300123001
0.26963919639196393,8.200082000820008e-05,9.225092250922509e-05,0.0001230012300123001
0.2699364493644936,8.200082000820008e-05,9.225092250922509e-05,0.0001230012300123001
0.2702337023370234,8.200082000820008e-05,9.225092250922509e-05,0.0001230012300123001
0.2705309553095531,8.200082000820008e-05,9.225092250922509e-05,0.0001230012300123001
0.2708282082820828,8.200082000820008e-05,9.225092250922509e-05,0.0001230012300123001
0.27112546125461257,8.200082000820008e-05,9.225092250922509e-05,0.0001230012300123001
0.27142271422714226,8.200082000820008e-05,9.225092250922509e-05,0.0001230012300123001
0.271719967199672,8.200082000820008e-05,9.225092250922509e-05,0.0001230012300123001
0.2720172201722017,8.200082000820008e-05,9.225092250922509e-05,0.0001230012300123001
0.27231447314473145,8.200082000820008e-05,9.225092250922509e-05,0.0001230012300123001
0.2726117261172612,8.200082000820008e-05,9.225092250922509e-05,0.0001230012300123001
0.2729089790897909,8.200082000820008e-05,9.225092250922509e-05,0.0001230012300123001
0.27320623206232064,8.200082000820008e-05,9.225092250922509e-05,0.0001230012300123001
0.27350348503485034,8.200082000820008e-05,9.225092250922509e-05,0.0001230012300123001
0.2738007380073801,8.200082000820008e-05,9.225092250922509e-05,0.0001230012300123001
0.2740979909799098,8.200082000820008e-05,9.225092250922509e-05,0.0001230012300123001
0.2743952439524395,8.200082000820008e-05,9.225092250922509e-05,0.0001230012300123001
0.2746924969249693,8.200082000820008e-05,9.225092250922509e-05,0.0001230012300123001
0.27498974989749897,8.200082000820008e-05,9.225092250922509e-05,0.0001230012300123001
0.2752870028700287,8.200082000820008e-05,9.225092250922509e-05,0.0001230012300123001
0.2755842558425584,8.200082000820008e-05,9.225092250922509e-05,0.0001230012300123001
0.27588150881508816,8.200082000820008e-05,9.225092250922509e-05,0.0001230012300123001
0.27617876178761785,8.200082000820008e-05,9.225092250922509e-05,0.0001230012300123001
0.2764760147601476,8.200082000820008e-05,0.0001025010250102501,0.0001230012300123001
0.27677326773267735,8.200082000820008e-05,0.0001025010250102501,0.0001230012300123001
0.27707052070520705,8.200082000820008e-05,0.0001025010250102501,0.0001230012300123001
0.2773677736777368,8.200082000820008e-05,0.0001025010250102501,0.0001230012300123001
0.2776650266502665,8.200082000820008e-05,0.0001025010250102501,0.0001230012300123001
0.27796227962279624,8.200082000820008e-05,0.0001025010250102501,0.0001230012300123001
0.27825953259532593,8.200082000820008e-05,0.0001025010250102501,0.0001230012300123001
0.2785567855678557,8.200082000820008e-05,0.0001025010250102501,0.0001230012300123001
0.27885403854038543,8.200082000820008e-05,0.0001025010250102501,0.0001230012300123001
0.2791512915129151,8.200082000820008e-05,0.0001025010250102501,0.0001230012300123001
0.27944854448544487,8.200082000820008e-05,0.0001025010250102501,0.0001230012300123001
0.27974579745797457,8.200082000820008e-05,0.0001025010250102501,0.0001230012300123001
0.2800430504305043,8.200082000820008e-05,0.0001025010250102501,0.0001230012300123001
0.280340303403034,8.200082000820008e-05,0.0001025010250102501,0.0001230012300123001
0.28063755637556376,8.200082000820008e-05,0.0001025010250102501,0.0001230012300123001
0.2809348093480935,8.200082000820008e-05,0.0001025010250102501,0.0001230012300123001
0.2812320623206232,8.200082000820008e-05,0.0001025010250102501,0.0001230012300123001
0.28152931529315295,8.200082000820008e-05,0.0001025010250102501,0.0001230012300123001
0.28182656826568264,8.200082000820008e-05,0.0001025010250102501,0.0001230012300123001
0.2821238212382124,8.200082000820008e-05,0.0001025010250102501,0.0001230012300123001
0.2824210742107421,8.200082000820008e-05,0.0001025010250102501,0.0001230012300123001
0.28271832718327183,8.200082000820008e-05,0.0001025010250102501,0.0001230012300123001
0.28300533005330053,8.200082000820008e-05,0.0001025010250102501,0.0001230012300123001
0.2832923329233292,8.200082000820008e-05,0.0001025010250102501,0.0001230012300123001
0.2835793357933579,8.200082000820008e-05,0.0001025010250102501,0.0001230012300123001
0.2838663386633866,8.200082000820008e-05,0.0001025010250102501,0.0001230012300123001
0.2841533415334153,8.200082000820008e-05,0.0001025010250102501,0.0001230012300123001
0.284440344403444,8.200082000820008e-05,0.0001025010250102501,0.0001230012300123001
0.2847273472734727,8.200082000820008e-05,0.0001025010250102501,0.0001230012300123001
0.28501435014350146,8.200082000820008e-05,0.0001025010250102501,0.0001230012300123001
0.28530135301353016,8.200082000820008e-05,0.0001025010250102501,0.0001230012300123001
0.28558835588355885,8.200082000820008e-05,0.0001025010250102501,0.0001230012300123001
0.28587535875358755,8.200082000820008e-05,0.0001025010250102501,0.0001230012300123001
0.28616236162361625,8.200082000820008e-05,0.0001025010250102501,0.0001230012300123001
0.28644936449364494,8.200082000820008e-05,0.0001025010250102501,0.0001230012300123001
0.28673636736367364,8.200082000820008e-05,0.0001025010250102501,0.0001230012300123001
0.28702337023370234,8.200082000820008e-05,0.0001025010250102501,0.0001230012300123001
0.28731037310373103,8.200082000820008e-05,0.0001025010250102501,0.0001230012300123001
0.28759737597375973,8.200082000820008e-05,0.0001025010250102501,0.0001230012300123001
0.2878843788437884,8.200082000820008e-05,0.0001025010250102501,0.0001230012300123001
0.2881713817138171,8.200082000820008e-05,0.0001025010250102501,0.0001230012300123001
0.2884583845838458,8.200082000820008e-05,0.0001025010250102501,0.0001230012300123001
0.2887453874538745,8.200082000820008e-05,0.0001025010250102501,0.0001230012300123001
0.28903239032390327,8.200082000820008e-05,0.0001025010250102501,0.0001230012300123001
0.28931939319393196,8.200082000820008e-05,0.0001025010250102501,0.0001230012300123001
0.28960639606396066,8.200082000820008e-05,0.0001025010250102501,0.0001230012300123001
0.28989339893398935,8.200082000820008e-05,0.0001025010250102501,0.0001232574825748255
0.29018040180401805,8.200082000820008e-05,0.0001025010250102501,0.0001232574825748255
0.29046740467404675,8.200082000820008e-05,0.0001025010250102501,0.0001232574825748255
0.29075440754407544,8.200082000820008e-05,0.0001025010250102501,0.0001232574825748255
0.29104141041410414,8.200082000820008e-05,0.0001025010250102501,0.00013325133251332514
0.29132841328413284,8.200082000820008e-05,0.0001025010250102501,0.00013325133251332514
0.29161541615416153,8.200082000820008e-05,0.0001025010250102501,0.00013325133251332514
0.29190241902419023,9.199466994669948e-05,0.0001025010250102501,0.00013325133251332514
0.2921894218942189,9.199466994669948e-05,0.0001025010250102501,0.00013325133251332514
0.2924764247642476,9.199466994669948e-05,0.0001025010250102501,0.00013325133251332514
0.2927634276342763,9.199466994669948e-05,0.0001025010250102501,0.00013325133251332514
0.29305043050430507,9.225092250922509e-05,0.0001025010250102501,0.00013325133251332514
0.29333743337433377,9.225092250922509e-05,0.0001025010250102501,0.00013325133251332514
0.29362443624436246,9.225092250922509e-05,0.0001025010250102501,0.00013325133251332514
0.29391143911439116,9.225092250922509e-05,0.0001025010250102501,0.00013325133251332514
0.29419844198441986,9.225092250922509e-05,0.0001025010250102501,0.00013325133251332514
0.29448544485444855,9.225092250922509e-05,0.0001025010250102501,0.00013325133251332514
0.29477244772447725,9.225092250922509e-05,0.0001025010250102501,0.00013325133251332514
0.29505945059450595,9.225092250922509e-05,0.0001025010250102501,0.00013325133251332514
0.29534645346453464,9.225092250922509e-05,0.0001025010250102501,0.00013325133251332514
0.29563345633456334,9.225092250922509e-05,0.0001025010250102501,0.00013325133251332514
0.29592045920459203,9.225092250922509e-05,0.0001025010250102501,0.00013325133251332514
0.29620746207462073,9.225092250922509e-05,0.0001025010250102501,0.00013325133251332514
0.2964944649446494,9.225092250922509e-05,0.0001025010250102501,0.00013325133251332514
0.2967814678146781,9.225092250922509e-05,0.0001025010250102501,0.00013325133251332514
0.2970684706847068,9.225092250922509e-05,0.0001025010250102501,0.00013325133251332514
0.29735547355473557,9.225092250922509e-05,0.0001025010250102501,0.00013325133251332514
0.29764247642476427,9.225092250922509e-05,0.0001025010250102501,0.00013325133251332514
0.29792947929479296,9.225092250922509e-05,0.0001025010250102501,0.00013325133251332514
0.29821648216482166,9.225092250922509e-05,0.0001025010250102501,0.00013325133251332514
0.29850348503485036,9.225092250922509e-05,0.0001025010250102501,0.00013325133251332514
0.29879048790487905,9.225092250922509e-05,0.0001025010250102501,0.00013325133251332514
0.29907749077490775,9.225092250922509e-05,0.0001025010250102501,0.00013325133251332514
0.29936449364493645,9.225092250922509e-05,0.0001025010250102501,0.00013325133251332514
0.29965149651496514,9.225092250922509e-05,0.0001025010250102501,0.00013325133251332514
0.29993849938499384,9.225092250922509e-05,0.0001025010250102501,0.00013325133251332514
0.30022550225502254,9.225092250922509e-05,0.0001025010250102501,0.00013325133251332514
0.30051250512505123,9.225092250922509e-05,0.0001025010250102501,0.00013325133251332514
0.30079950799507993,9.225092250922509e-05,0.0001025010250102501,0.00013325133251332514
0.3010865108651086,9.225092250922509e-05,0.0001025010250102501,0.00013325133251332514
0.3013735137351374,9.225092250922509e-05,0.0001025010250102501,0.00013325133251332514
0.3016605166051661,9.225092250922509e-05,0.0001025010250102501,0.00013325133251332514
0.30194751947519477,9.225092250922509e-05,0.0001025010250102501,0.00013325133251332514
0.30223452234522347,9.225092250922509e-05,0.0001025010250102501,0.00013325133251332514
0.30252152521525216,9.225092250922509e-05,0.0001025010250102501,0.00013325133251332514
0.30280852808528086,9.225092250922509e-05,0.0001025010250102501,0.00013325133251332514
0.30309553095530956,9.225092250922509e-05,0.0001025010250102501,0.00013325133251332514
0.30338253382533825,9.225092250922509e-05,0.0001025010250102501,0.00013325133251332514
0.30366953669536695,9.225092250922509e-05,0.0001025010250102501,0.00013325133251332514
0.30395653956539564,9.225092250922509e-05,0.0001025010250102501,0.00013325133251332514
0.30424354243542434,9.225092250922509e-05,0.0001025010250102501,0.00013325133251332514
0.30453054530545304,9.225092250922509e-05,0.0001025010250102501,0.00013325133251332514
0.30481754817548173,9.225092250922509e-05,0.0001025010250102501,0.00013325133251332514
0.30510455104551043,9.225092250922509e-05,0.0001025010250102501,0.00013325133251332514
0.3053915539155392,9.225092250922509e-05,0.0001025010250102501,0.00013325133251332514
0.3056785567855679,9.225092250922509e-05,0.0001025010250102501,0.00013325133251332514
0.3059655596555966,9.225092250922509e-05,0.0001025010250102501,0.00013325133251332514
0.30625256252562527,9.225092250922509e-05,0.0001025010250102501,0.00013325133251332514
0.30653956539565397,9.225092250922509e-05,0.0001025010250102501,0.00013325133251332514
0.30682656826568266,9.225092250922509e-05,0.0001025010250102501,0.00013325133251332514
0.30711357113571136,9.225092250922509e-05,0.0001025010250102501,0.00013325133251332514
0.30740057400574006,9.225092250922509e-05,0.0001025010250102501,0.00013325133251332514
0.30768757687576875,9.225092250922509e-05,0.0001025010250102501,0.00013325133251332514
0.30797457974579745,9.225092250922509e-05,0.0001025010250102501,0.00013325133251332514
0.30826158261582615,9.225092250922509e-05,0.0001025010250102501,0.00013325133251332514
0.30853833538335385,9.225092250922509e-05,0.0001025010250102501,0.00013325133251332514
0.3088150881508815,9.225092250922509e-05,0.0001025010250102501,0.00013325133251332514
0.3090918409184092,9.225092250922509e-05,0.0001025010250102501,0.00013325133251332514
0.30936859368593683,9.225092250922509e-05,0.0001025010250102501,0.00013325133251332514
0.30964534645346453,9.225092250922509e-05,0.0001025010250102501,0.00013325133251332514
0.30992209922099223,9.225092250922509e-05,0.0001025010250102501,0.00013325133251332514
0.3101988519885199,9.225092250922509e-05,0.0001025010250102501,0.00013325133251332514
0.3104756047560476,9.225092250922509e-05,0.0001025010250102501,0.00013325133251332514
0.3107523575235752,9.225092250922509e-05,0.0001025010250102501,0.00013325133251332514
0.3110291102911029,9.225092250922509e-05,0.0001025010250102501,0.00013325133251332514
0.31130586305863056,9.225092250922509e-05,0.0001025010250102501,0.00013325133251332514
0.31158261582615826,9.225092250922509e-05,0.0001025010250102501,0.00013325133251332514
0.31185936859368596,9.225092250922509e-05,0.0001025010250102501,0.00013325133251332514
0.3121361213612136,9.225092250922509e-05,0.0001025010250102501,0.00013325133251332514
0.3124128741287413,9.225092250922509e-05,0.0001025010250102501,0.00013325133251332514
0.31268962689626895,9.225092250922509e-05,0.0001025010250102501,0.00013325133251332514
0.31296637966379665,9.225092250922509e-05,0.0001025010250102501,0.00013325133251332514
0.3132431324313243,9.225092250922509e-05,0.0001025010250102501,0.00013325133251332514
0.313519885198852,9.225092250922509e-05,0.0001025010250102501,0.00013325133251332514
0.3137966379663797,9.225092250922509e-05,0.0001025010250102501,0.00013325133251332514
0.31407339073390733,9.225092250922509e-05,0.0001025010250102501,0.00013325133251332514
0.31435014350143503,9.225092250922509e-05,0.0001025010250102501,0.00013325133251332514
0.3146268962689627,9.225092250922509e-05,0.0001025010250102501,0.00013325133251332514
0.3149036490364904,9.225092250922509e-05,0.0001025010250102501,0.00013325133251332514
0.315180401804018,9.225092250922509e-05,0.0001025010250102501,0.00013325133251332514
0.3154571545715457,9.225092250922509e-05,0.0001025010250102501,0.00013325133251332514
0.3157339073390734,9.225092250922509e-05,0.0001025010250102501,0.00013325133251332514
0.31601066010660106,9.225092250922509e-05,0.0001025010250102501,0.00013325133251332514
0.31628741287412876,9.225092250922509e-05,0.0001025010250102501,0.00013325133251332514
0.3165641656416564,9.225092250922509e-05,0.0001025010250102501,0.00013325133251332514
0.3168409184091841,9.225092250922509e-05,0.0001025010250102501,0.00013350758507585053
0.31711767117671175,9.225092250922509e-05,0.0001025010250102501,0.00013350758507585053
0.31739442394423945,9.225092250922509e-05,0.0001025010250102501,0.00013350758507585053
0.31767117671176714,9.225092250922509e-05,0.0001025010250102501,0.00013350758507585053
0.3179479294792948,9.225092250922509e-05,0.0001025010250102501,0.00013350758507585053
0.3182246822468225,9.225092250922509e-05,0.0001025010250102501,0.00013350758507585053
0.31850143501435013,9.225092250922509e-05,0.0001025010250102501,0.00013350758507585053
0.31877818778187783,9.225092250922509e-05,0.00010762607626076261,0.00014350143501435015
0.3190549405494055,9.225092250922509e-05,0.00011275112751127512,0.00014350143501435015
0.3193316933169332,9.225092250922509e-05,0.00011275112751127512,0.00014350143501435015
0.3196084460844608,9.225092250922509e-05,0.00011275112751127512,0.00014350143501435015
0.3198851988519885,9.225092250922509e-05,0.00011275112751127512,0.00014350143501435015
0.3201619516195162,9.225092250922509e-05,0.00011275112751127512,0.00014350143501435015
0.32043870438704386,9.225092250922509e-05,0.00011275112751127512,0.00014350143501435015
0.32071545715457156,9.225092250922509e-05,0.00011275112751127512,0.00014350143501435015
0.3209922099220992,9.225092250922509e-05,0.00011275112751127512,0.00014350143501435015
0.3212689626896269,9.225092250922509e-05,0.00011275112751127512,0.00014350143501435015
0.32154571545715455,9.225092250922509e-05,0.00011275112751127512,0.00014350143501435015
0.32182246822468225,9.225092250922509e-05,0.00011275112751127512,0.00014350143501435015
0.32209922099220994,9.225092250922509e-05,0.00011275112751127512,0.00014350143501435015
0.3223759737597376,9.225092250922509e-05,0.00011275112751127512,0.00014350143501435015
0.3226527265272653,9.225092250922509e-05,0.00011275112751127512,0.00014350143501435015
0.32292947929479293,9.225092250922509e-05,0.00011275112751127512,0.00014350143501435015
0.32320623206232063,9.225092250922509e-05,0.00011275112751127512,0.00014350143501435015
0.3234829848298483,9.225092250922509e-05,0.00011275112751127512,0.00014350143501435015
0.323759737597376,9.225092250922509e-05,0.00011275112751127512,0.00014350143501435015
0.3240364903649037,9.225092250922509e-05,0.00011275112751127512,0.00014350143501435015
0.3243132431324313,9.225092250922509e-05,0.00011275112751127512,0.00014350143501435015
0.324589995899959,9.225092250922509e-05,0.00011275112751127512,0.00014350143501435015
0.32486674866748666,9.225092250922509e-05,0.00011275112751127512,0.00014350143501435015
0.32514350143501436,9.225092250922509e-05,0.00011275112751127512,0.00014350143501435015
0.325420254202542,9.225092250922509e-05,0.00011275112751127512,0.00014350143501435015
0.3256970069700697,9.225092250922509e-05,0.00011275112751127512,0.00014350143501435015
0.3259737597375974,9.225092250922509e-05,0.00011275112751127512,0.00014350143501435015
0.32625051250512505,9.225092250922509e-05,0.00011275112751127512,0.00014350143501435015
0.32652726527265274,9.225092250922509e-05,0.00011275112751127512,0.00014350143501435015
0.3268040180401804,9.225092250922509e-05,0.00011275112751127512,0.00014350143501435015
0.3270807708077081,9.225092250922509e-05,0.00011275112751127512,0.00014350143501435015
0.32735752357523573,9.225092250922509e-05,0.00011275112751127512,0.00014350143501435015
0.32763427634276343,9.225092250922509e-05,0.00011275112751127512,0.00014350143501435015
0.32791102911029113,9.225092250922509e-05,0.00011275112751127512,0.00014350143501435015
0.3281877818778188,9.225092250922509e-05,0.00011275112751127512,0.00014350143501435015
0.3284645346453465,9.225092250922509e-05,0.00011275112751127512,0.00014350143501435015
0.3287412874128741,9.225092250922509e-05,0.00011275112751127512,0.00014350143501435015
0.3290180401804018,9.225092250922509e-05,0.00011275112751127512,0.00014350143501435015
0.32929479294792946,9.225092250922509e-05,0.00011275112751127512,0.00014350143501435015
0.32957154571545716,9.225092250922509e-05,0.00011275112751127512,0.00014350143501435015
0.3298482984829848,9.225092250922509e-05,0.00011275112751127512,0.00014350143501435015
0.3301250512505125,9.225092250922509e-05,0.00011275112751127512,0.00014350143501435015
0.3304018040180402,9.225092250922509e-05,0.00011275112751127512,0.00014350143501435015
0.33067855678556785,9.225092250922509e-05,0.00011275112751127512,0.00014350143501435015
0.33095530955309554,9.225092250922509e-05,0.00011275112751127512,0.00014350143501435015
0.3312320623206232,9.225092250922509e-05,0.00011275112751127512,0.00014350143501435015
0.3315088150881509,9.225092250922509e-05,0.00011275112751127512,0.00014350143501435015
0.33178556785567853,9.225092250922509e-05,0.00011275112751127512,0.00014350143501435015
0.33206232062320623,9.225092250922509e-05,0.00011275112751127512,0.00014350143501435015
0.33233907339073393,9.225092250922509e-05,0.00011275112751127512,0.00014350143501435015
0.3326158261582616,9.225092250922509e-05,0.00011275112751127512,0.00014350143501435015
0.3328925789257893,9.225092250922509e-05,0.00011275112751127512,0.00014350143501435015
0.3331693316933169,9.225092250922509e-05,0.00011275112751127512,0.00014350143501435015
0.3334460844608446,9.225092250922509e-05,0.00011275112751127512,0.00014350143501435015
0.33372283722837226,9.225092250922509e-05,0.00011275112751127512,0.00014350143501435015
0.33399958999589996,9.225092250922509e-05,0.00011275112751127512,0.00014350143501435015
0.3342660926609266,9.225092250922509e-05,0.00011275112751127512,0.00014350143501435015
0.33453259532595325,9.225092250922509e-05,0.00011275112751127512,0.00014350143501435015
0.3347990979909799,9.225092250922509e-05,0.00011275112751127512,0.00014350143501435015
0.33506560065600655,9.225092250922509e-05,0.00011275112751127512,0.00014350143501435015
0.3353321033210332,9.225092250922509e-05,0.00011275112751127512,0.00014350143501435015
0.33559860598605984,9.225092250922509e-05,0.00011275112751127512,0.00014350143501435015
0.3358651086510865,9.225092250922509e-05,0.00011275112751127512,0.00014350143501435015
0.3361316113161132,9.225092250922509e-05,0.00011275112751127512,0.00014350143501435015
0.33639811398113983,9.225092250922509e-05,0.00011275112751127512,0.00014350143501435015
0.3366646166461665,9.225092250922509e-05,0.00011275112751127512,0.00014350143501435015
0.33693111931119313,9.225092250922509e-05,0.00011275112751127512,0.00014350143501435015
0.3371976219762198,9.225092250922509e-05,0.00011275112751127512,0.00014350143501435015
0.3374641246412464,9.225092250922509e-05,0.00011275112751127512,0.00014350143501435015
0.33773062730627307,9.225092250922509e-05,0.00011275112751127512,0.00014350143501435015
0.3379971299712997,9.225092250922509e-05,0.00011275112751127512,0.00014350143501435015
0.33826363263632636,9.225092250922509e-05,0.00011275112751127512,0.00014350143501435015
0.338530135301353,9.225092250922509e-05,0.00011275112751127512,0.00014350143501435015
0.33879663796637965,9.225092250922509e-05,0.00011275112751127512,0.00014350143501435015
0.3390631406314063,0.0001025010250102501,0.00011275112751127512,0.00014350143501435015
0.33932964329643295,0.0001025010250102501,0.00011275112751127512,0.00014350143501435015
0.3395961459614596,0.0001025010250102501,0.00011275112751127512,0.00014350143501435015
0.33986264862648624,0.0001025010250102501,0.00011275112751127512,0.00014350143501435015
0.3401291512915129,0.0001025010250102501,0.00011275112751127512,0.00014350143501435015
0.3403956539565396,0.0001025010250102501,0.00011275112751127512,0.00014350143501435015
0.34066215662156624,0.0001025010250102501,0.00011275112751127512,0.00014350143501435015
0.3409286592865929,0.0001025010250102501,0.00011275112751127512,0.00014350143501435015
0.34119516195161953,0.0001025010250102501,0.00011275112751127512,0.00014350143501435015
0.3414616646166462,0.0001025010250102501,0.00011275112751127512,0.00014350143501435015
0.3417281672816728,0.0001025010250102501,0.00011275112751127512,0.00014350143501435015
0.34199466994669947,0.0001025010250102501,0.00011275112751127512,0.00014350143501435015
0.3422611726117261,0.0001025010250102501,0.00011275112751127512,0.00014350143501435015
0.34252767527675276,0.0001025010250102501,0.00011275112751127512,0.00014350143501435015
0.3427941779417794,0.0001025010250102501,0.00011275112751127512,0.00014350143501435015
0.34306068060680606,0.0001025010250102501,0.00011275112751127512,0.00014350143501435015
0.3433271832718327,0.0001025010250102501,0.00011275112751127512,0.00014350143501435015
0.34359368593685935,0.0001025010250102501,0.00011275112751127512,0.00014350143501435015
0.343860188601886,0.0001025010250102501,0.00011275112751127512,0.00014350143501435015
0.34412669126691264,0.0001025010250102501,0.00011275112751127512,0.00014350143501435015
0.34439319393193935,0.0001025010250102501,0.00011275112751127512,0.00014350143501435015
0.344659696596966,0.0001025010250102501,0.00011275112751127512,0.00014350143501435015
0.34492619926199264,0.0001025010250102501,0.00011275112751127512,0.00014350143501435015
0.3451927019270193,0.0001025010250102501,0.00011275112751127512,0.00014350143501435015
0.34545920459204593,0.0001025010250102501,0.00011275112751127512,0.00014350143501435015
0.3457257072570726,0.0001025010250102501,0.00011275112751127512,0.00014350143501435015
0.3459922099220992,0.0001025010250102501,0.00011275112751127512,0.00014350143501435015
0.34625871258712587,0.0001025010250102501,0.00011275112751127512,0.00014350143501435015
0.3465252152521525,0.0001025010250102501,0.00011275112751127512,0.00014350143501435015
0.34679171791717917,0.0001025010250102501,0.00011275112751127512,0.00014350143501435015
0.3470582205822058,0.0001025010250102501,0.00011275112751127512,0.00014350143501435015
0.34732472324723246,0.0001025010250102501,0.00011275112751127512,0.00014350143501435015
0.3475912259122591,0.0001025010250102501,0.00011275112751127512,0.00014350143501435015
0.34785772857728575,0.0001025010250102501,0.00011275112751127512,0.00014350143501435015
0.3481242312423124,0.0001025010250102501,0.00011275112751127512,0.00014350143501435015
0.3483907339073391,0.0001025010250102501,0.00011275112751127512,0.00014350143501435015
0.34865723657236575,0.0001025010250102501,0.00011275112751127512,0.00014350143501435015
0.3489237392373924,0.0001025010250102501,0.00011275112751127512,0.00014350143501435015
0.34919024190241904,0.0001025010250102501,0.00011275112751127512,0.00014350143501435015
0.3494567445674457,0.0001025010250102501,0.00011275112751127512,0.00014375768757687553
0.34972324723247233,0.0001025010250102501,0.00011275112751127512,0.00014375768757687553
0.349989749897499,0.0001025010250102501,0.00011275112751127512,0.00014375768757687553
0.3502562525625256,0.0001025010250102501,0.00011275112751127512,0.00014375768757687553
0.3505227552275523,0.0001025010250102501,0.00011275112751127512,0.00014375768757687553
0.3507892578925789,0.0001025010250102501,0.00011275112751127512,0.00014375768757687553
0.35105576055760557,0.0001025010250102501,0.00011275112751127512,0.00015375153751537516
0.3513222632226322,0.0001025010250102501,0.00011275112751127512,0.00015375153751537516
0.35158876588765886,0.0001025010250102501,0.00011275112751127512,0.00015375153751537516
0.3518552685526855,0.0001025010250102501,0.00011275112751127512,0.00015375153751537516
0.35212177121771215,0.0001025010250102501,0.00011275112751127512,0.00015375153751537516
0.3523882738827388,0.0001025010250102501,0.00011275112751127512,0.00015375153751537516
0.3526547765477655,0.0001025010250102501,0.00011275112751127512,0.00015375153751537516
0.35292127921279215,0.0001025010250102501,0.00011275112751127512,0.00015375153751537516
0.3531877818778188,0.0001025010250102501,0.0001230012300123001,0.00015375153751537516
0.35345428454284544,0.0001025010250102501,0.0001230012300123001,0.00015375153751537516
0.3537207872078721,0.0001025010250102501,0.0001230012300123001,0.00015375153751537516
0.35398728987289874,0.0001025010250102501,0.0001230012300123001,0.00015375153751537516
0.3542537925379254,0.0001025010250102501,0.0001230012300123001,0.00015375153751537516
0.35452029520295203,0.0001025010250102501,0.0001230012300123001,0.00015375153751537516
0.3547867978679787,0.0001025010250102501,0.0001230012300123001,0.00015375153751537516
0.3550533005330053,0.0001025010250102501,0.0001230012300123001,0.00015375153751537516
0.35531980319803197,0.0001025010250102501,0.0001230012300123001,0.00015375153751537516
0.3555863058630586,0.0001025010250102501,0.0001230012300123001,0.00015375153751537516
0.35585280852808526,0.0001025010250102501,0.0001230012300123001,0.00015375153751537516
0.3561193111931119,0.0001025010250102501,0.0001230012300123001,0.00015375153751537516
0.35638581385813856,0.0001025010250102501,0.0001230012300123001,0.00015375153751537516
0.35665231652316526,0.0001025010250102501,0.0001230012300123001,0.00015375153751537516
0.3569188191881919,0.0001025010250102501,0.0001230012300123001,0.00015375153751537516
0.35718532185321855,0.0001025010250102501,0.0001230012300123001,0.00015375153751537516
0.3574518245182452,0.0001025010250102501,0.0001230012300123001,0.00015375153751537516
0.35771832718327184,0.0001025010250102501,0.0001230012300123001,0.00015375153751537516
0.3579848298482985,0.0001025010250102501,0.0001230012300123001,0.00015375153751537516
0.35825133251332514,0.0001025010250102501,0.0001230012300123001,0.00015375153751537516
0.3585178351783518,0.0001025010250102501,0.0001230012300123001,0.00015375153751537516
0.35878433784337843,0.0001025010250102501,0.0001230012300123001,0.00015375153751537516
0.3590508405084051,0.0001025010250102501,0.0001230012300123001,0.00015375153751537516
0.3593173431734317,0.0001025010250102501,0.0001230012300123001,0.00015375153751537516
0.35958384583845837,0.0001025010250102501,0.0001230012300123001,0.00015375153751537516
0.359840098400984,0.0001025010250102501,0.0001230012300123001,0.00015375153751537516
0.3600963509635096,0.0001025010250102501,0.0001230012300123001,0.00015375153751537516
0.36035260352603526,0.0001025010250102501,0.0001230012300123001,0.00015375153751537516
0.36060885608856086,0.0001025010250102501,0.0001230012300123001,0.00015375153751537516
0.3608651086510865,0.0001025010250102501,0.0001230012300123001,0.00015375153751537516
0.36112136121361216,0.0001025010250102501,0.0001230012300123001,0.00015375153751537516
0.36137761377613775,0.0001025010250102501,0.0001230012300123001,0.00015375153751537516
0.3616338663386634,0.0001025010250102501,0.0001230012300123001,0.00015375153751537516
0.361890118901189,0.0001025010250102501,0.0001230012300123001,0.00015375153751537516
0.36214637146371464,0.0001025010250102501,0.0001230012300123001,0.00015375153751537516
0.36240262402624024,0.0001025010250102501,0.0001230012300123001,0.00015375153751537516
0.3626588765887659,0.0001025010250102501,0.0001230012300123001,0.00015375153751537516
0.36291512915129154,0.0001025010250102501,0.0001230012300123001,0.00015375153751537516
0.36317138171381713,0.0001025010250102501,0.0001230012300123001,0.00015375153751537516
0.3634276342763428,0.0001025010250102501,0.0001230012300123001,0.00015375153751537516
0.3636838868388684,0.0001025010250102501,0.0001230012300123001,0.00015375153751537516
0.363940139401394,0.0001025010250102501,0.0001230012300123001,0.00015375153751537516
0.3641963919639196,0.0001025010250102501,0.0001230012300123001,0.00015375153751537516
0.36445264452644527,0.0001025010250102501,0.0001230012300123001,0.00015375153751537516
0.36470889708897086,0.0001025010250102501,0.0001230012300123001,0.00015375153751537516
0.3649651496514965,0.0001025010250102501,0.0001230012300123001,0.00015375153751537516
0.36522140221402216,0.0001025010250102501,0.0001230012300123001,0.00015375153751537516
0.36547765477654776,0.0001025010250102501,0.0001230012300123001,0.00015375153751537516
0.3657339073390734,0.0001025010250102501,0.0001230012300123001,0.00015375153751537516
0.365990159901599,0.0001025010250102501,0.0001230012300123001,0.00015375153751537516
0.36624641246412465,0.0001025010250102501,0.0001230012300123001,0.00015375153751537516
0.36650266502665024,0.0001025010250102501,0.0001230012300123001,0.00015375153751537516
0.3667589175891759,0.0001025010250102501,0.0001230012300123001,0.00015375153751537516
0.36701517015170154,0.0001025010250102501,0.0001230012300123001,0.00015375153751537516
0.36727142271422714,0.0001025010250102501,0.0001230012300123001,0.00015375153751537516
0.3675276752767528,0.0001025010250102501,0.0001230012300123001,0.00015375153751537516
0.3677839278392784,0.0001025010250102501,0.0001230012300123001,0.00015375153751537516
0.36804018040180403,0.0001025010250102501,0.0001230012300123001,0.00015375153751537516
0.3682964329643296,0.0001025010250102501,0.0001230012300123001,0.00015375153751537516
0.3685526855268553,0.0001025010250102501,0.0001230012300123001,0.00015375153751537516
0.36880893808938087,0.0001025010250102501,0.0001230012300123001,0.00015375153751537516
0.3690651906519065,0.0001025010250102501,0.0001230012300123001,0.00015375153751537516
0.36932144321443217,0.0001025010250102501,0.0001230012300123001,0.00015375153751537516
0.36957769577695776,0.0001025010250102501,0.0001230012300123001,0.00015375153751537516
0.3698339483394834,0.0001025010250102501,0.0001230012300123001,0.00015375153751537516
0.370090200902009,0.0001025010250102501,0.0001230012300123001,0.00015375153751537516
0.37034645346453465,0.0001025010250102501,0.0001230012300123001,0.00015375153751537516
0.37060270602706025,0.0001025010250102501,0.0001230012300123001,0.00015375153751537516
0.3708589585895859,0.0001025010250102501,0.0001230012300123001,0.00015375153751537516
0.37111521115211155,0.0001025010250102501,0.0001230012300123001,0.00015400779007790054
0.37137146371463714,0.0001025010250102501,0.0001230012300123001,0.00016400164001640017
0.3716277162771628,0.0001025010250102501,0.0001230012300123001,0.00016400164001640017
0.3718839688396884,0.0001025010250102501,0.0001230012300123001,0.00016400164001640017
0.37214022140221403,0.0001025010250102501,0.0001230012300123001,0.00016400164001640017
0.3723964739647396,0.0001025010250102501,0.0001230012300123001,0.00016400164001640017
0.3726527265272653,0.0001025010250102501,0.0001230012300123001,0.00016400164001640017
0.37290897908979087,0.0001025010250102501,0.0001230012300123001,0.00016400164001640017
0.3731652316523165,0.0001025010250102501,0.0001230012300123001,0.00016400164001640017
0.37342148421484217,0.0001025010250102501,0.0001230012300123001,0.00016400164001640017
0.37367773677736776,0.0001025010250102501,0.0001230012300123001,0.00016400164001640017
0.3739339893398934,0.0001025010250102501,0.0001230012300123001,0.00016400164001640017
0.374190241902419,0.0001025010250102501,0.0001230012300123001,0.00016400164001640017
0.37444649446494466,0.0001025010250102501,0.0001230012300123001,0.00016400164001640017
0.37470274702747025,0.0001025010250102501,0.0001230012300123001,0.00016400164001640017
0.3749589995899959,0.0001025010250102501,0.0001230012300123001,0.00016400164001640017
0.37521525215252155,0.0001025010250102501,0.0001230012300123001,0.00016400164001640017
0.37547150471504714,0.0001025010250102501,0.0001230012300123001,0.00016400164001640017
0.3757277572775728,0.0001025010250102501,0.0001230012300123001,0.00016400164001640017
0.3759840098400984,0.0001025010250102501,0.0001230012300123001,0.00016400164001640017
0.37624026240262404,0.0001025010250102501,0.0001230012300123001,0.00016400164001640017
0.37649651496514963,0.0001025010250102501,0.0001230012300123001,0.00016400164001640017
0.3767527675276753,0.0001025010250102501,0.0001230012300123001,0.00016400164001640017
0.3770090200902009,0.0001025010250102501,0.0001230012300123001,0.00016400164001640017
0.3772652726527265,0.0001025010250102501,0.0001230012300123001,0.00016400164001640017
0.3775215252152522,0.0001025010250102501,0.0001230012300123001,0.00016400164001640017
0.37777777777777777,0.0001025010250102501,0.0001230012300123001,0.00016400164001640017
0.3780340303403034,0.0001025010250102501,0.0001230012300123001,0.00016400164001640017
0.378290282902829,0.0001025010250102501,0.0001230012300123001,0.00016400164001640017
0.37854653546535466,0.0001025010250102501,0.0001230012300123001,0.00016400164001640017
0.37880278802788026,0.0001025010250102501,0.0001230012300123001,0.00016400164001640017
0.3790590405904059,0.0001025010250102501,0.0001230012300123001,0.00016400164001640017
0.37931529315293155,0.0001025010250102501,0.0001230012300123001,0.00016400164001640017
0.37957154571545715,0.00011275112751127512,0.0001230012300123001,0.00016400164001640017
0.3798277982779828,0.00011275112751127512,0.0001230012300123001,0.00016400164001640017
0.3800840508405084,0.00011275112751127512,0.0001230012300123001,0.00016400164001640017
0.38034030340303404,0.00011275112751127512,0.0001230012300123001,0.00016400164001640017
0.38059655596555964,0.00011275112751127512,0.0001230012300123001,0.00016400164001640017
0.3808528085280853,0.00011275112751127512,0.0001230012300123001,0.00016400164001640017
0.3811090610906109,0.00011275112751127512,0.0001230012300123001,0.00016400164001640017
0.38136531365313653,0.00011275112751127512,0.0001230012300123001,0.00016400164001640017
0.3816215662156622,0.00011275112751127512,0.0001230012300123001,0.00016400164001640017
0.38187781877818777,0.00011275112751127512,0.0001230012300123001,0.00016400164001640017
0.3821340713407134,0.00011275112751127512,0.0001230012300123001,0.00016400164001640017
0.382390323903239,0.00011275112751127512,0.0001230012300123001,0.00016400164001640017
0.38264657646576467,0.00011275112751127512,0.0001230012300123001,0.00016400164001640017
0.38290282902829026,0.00011275112751127512,0.0001230012300123001,0.00016400164001640017
0.3831590815908159,0.00011275112751127512,0.0001230012300123001,0.00016400164001640017
0.38341533415334156,0.00011275112751127512,0.0001230012300123001,0.00016400164001640017
0.38367158671586715,0.00011275112751127512,0.0001230012300123001,0.00016400164001640017
0.3839278392783928,0.00011275112751127512,0.0001230012300123001,0.00016400164001640017
0.3841840918409184,0.00011275112751127512,0.0001230012300123001,0.00016400164001640017
0.38444034440344405,0.00011275112751127512,0.0001230012300123001,0.00016400164001640017
0.38469659696596964,0.00011275112751127512,0.0001230012300123001,0.00016400164001640017
0.3849528495284953,0.00011275112751127512,0.0001230012300123001,0.00016400164001640017
0.3852091020910209,0.00011275112751127512,0.0001230012300123001,0.00016400164001640017
0.38545510455104554,0.00011275112751127512,0.0001230012300123001,0.00016400164001640017
0.38570110701107013,0.00011275112751127512,0.0001230012300123001,0.00016400164001640017
0.38594710947109473,0.00011275112751127512,0.0001230012300123001,0.00016400164001640017
0.3861931119311193,0.00011275112751127512,0.0001230012300123001,0.00016400164001640017
0.3864391143911439,0.00011275112751127512,0.0001230012300123001,0.00016400164001640017
0.3866851168511685,0.00011275112751127512,0.0001230012300123001,0.00016400164001640017
0.3869311193111931,0.00011275112751127512,0.00013325133251332514,0.00016400164001640017
0.3871771217712177,0.00011275112751127512,0.00013325133251332514,0.00016400164001640017
0.3874231242312423,0.00011275112751127512,0.00013325133251332514,0.00016400164001640017
0.3876691266912669,0.00011275112751127512,0.00013325133251332514,0.00016400164001640017
0.3879151291512915,0.00011275112751127512,0.00013325133251332514,0.00016400164001640017
0.3881611316113161,0.00011275112751127512,0.00013325133251332514,0.00016400164001640017
0.3884071340713407,0.00011275112751127512,0.00013325133251332514,0.00016400164001640017
0.3886531365313653,0.00011275112751127512,0.00013325133251332514,0.00016400164001640017
0.3888991389913899,0.00011275112751127512,0.00013325133251332514,0.00016400164001640017
0.3891451414514145,0.00011275112751127512,0.00013325133251332514,0.00016400164001640017
0.38939114391143914,0.00011275112751127512,0.00013325133251332514,0.00016400164001640017
0.38963714637146374,0.00011275112751127512,0.00013325133251332514,0.00016400164001640017
0.38988314883148834,0.00011275112751127512,0.00013325133251332514,0.00016400164001640017
0.39012915129151293,0.00011275112751127512,0.00013325133251332514,0.00016400164001640017
0.39037515375153753,0.00011275112751127512,0.00013325133251332514,0.00016400164001640017
0.3906211562115621,0.00011275112751127512,0.00013325133251332514,0.00016400164001640017
0.3908671586715867,0.00011275112751127512,0.00013325133251332514,0.00016400164001640017
0.3911131611316113,0.00011275112751127512,0.00013325133251332514,0.00016400164001640017
0.3913591635916359,0.00011275112751127512,0.00013325133251332514,0.00016400164001640017
0.3916051660516605,0.00011275112751127512,0.00013325133251332514,0.00016400164001640017
0.3918511685116851,0.00011275112751127512,0.00013325133251332514,0.00016400164001640017
0.3920971709717097,0.00011275112751127512,0.00013325133251332514,0.00016400164001640017
0.3923431734317343,0.00011275112751127512,0.00013325133251332514,0.00016400164001640017
0.3925891758917589,0.00011275112751127512,0.00013325133251332514,0.00016400164001640017
0.3928351783517835,0.00011275112751127512,0.00013325133251332514,0.00016400164001640017
0.3930811808118081,0.00011275112751127512,0.00013325133251332514,0.00016400164001640017
0.3933271832718327,0.00011275112751127512,0.00013325133251332514,0.00016400164001640017
0.39357318573185734,0.00011275112751127512,0.00013325133251332514,0.00016400164001640017
0.39381918819188194,0.00011275112751127512,0.00013325133251332514,0.00016400164001640017
0.39406519065190654,0.00011275112751127512,0.00013325133251332514,0.00016400164001640017
0.39431119311193114,0.00011275112751127512,0.00013325133251332514,0.00016400164001640017
0.39455719557195573,0.00011275112751127512,0.00013325133251332514,0.00016400164001640017
0.39480319803198033,0.00011275112751127512,0.00013325133251332514,0.00016400164001640017
0.3950492004920049,0.00011275112751127512,0.00013325133251332514,0.00016400164001640017
0.3952952029520295,0.00011275112751127512,0.00013325133251332514,0.00016400164001640017
0.3955412054120541,0.00011275112751127512,0.00013325133251332514,0.00016400164001640017
0.3957872078720787,0.00011275112751127512,0.00013325133251332514,0.00016400164001640017
0.3960332103321033,0.00011275112751127512,0.00013325133251332514,0.00016400164001640017
0.3962792127921279,0.00011275112751127512,0.00013325133251332514,0.00016400164001640017
0.3965252152521525,0.00011275112751127512,0.00013325133251332514,0.00016400164001640017
0.3967712177121771,0.00011275112751127512,0.00013325133251332514,0.00016400164001640017
0.3970172201722017,0.00011275112751127512,0.00013325133251332514,0.00016400164001640017
0.3972632226322263,0.00011275112751127512,0.00013325133251332514,0.00016400164001640017
0.3975092250922509,0.00011275112751127512,0.00013325133251332514,0.00016400164001640017
0.39775522755227555,0.00011275112751127512,0.00013325133251332514,0.00016400164001640017
0.39800123001230014,0.00011275112751127512,0.00013325133251332514,0.00016400164001640017
0.39824723247232474,0.00011275112751127512,0.00013325133251332514,0.00016400164001640017
0.39849323493234934,0.00011275112751127512,0.00013325133251332514,0.00016400164001640017
0.39873923739237394,0.00011275112751127512,0.00013325133251332514,0.00016400164001640017
0.39898523985239853,0.00011275112751127512,0.00013325133251332514,0.00016400164001640017
0.39923124231242313,0.00011275112751127512,0.00013325133251332514,0.00016400164001640017
0.3994772447724477,0.00011275112751127512,0.00013325133251332514,0.00016400164001640017
0.3997232472324723,0.00011275112751127512,0.00013325133251332514,0.00016400164001640017
0.3999692496924969,0.00011275112751127512,0.00013325133251332514,0.00016400164001640017
0.4002152521525215,0.00011275112751127512,0.00013325133251332514,0.00016400164001640017
0.4004612546125461,0.00011275112751127512,0.00013325133251332514,0.00016425789257892555
0.4007072570725707,0.00011275112751127512,0.00013325133251332514,0.00017425174251742517
0.4009532595325953,0.00011275112751127512,0.00013325133251332514,0.00017425174251742517
0.4011992619926199,0.00011275112751127512,0.00013325133251332514,0.00017425174251742517
0.4014452644526445,0.00011275112751127512,0.00013325133251332514,0.00017425174251742517
0.40169126691266915,0.00011275112751127512,0.00013325133251332514,0.00017425174251742517
0.40193726937269375,0.00011275112751127512,0.00013325133251332514,0.00017425174251742517
0.40218327183271835,0.00011275112751127512,0.00013325133251332514,0.00017425174251742517
0.40242927429274294,0.00011275112751127512,0.00013325133251332514,0.00017425174251742517
0.40267527675276754,0.00011275112751127512,0.00013325133251332514,0.00017425174251742517
0.40292127921279214,0.00011275112751127512,0.00013325133251332514,0.00017425174251742517
0.40316728167281674,0.00011275112751127512,0.00013325133251332514,0.00017425174251742517
0.40341328413284133,0.00011275112751127512,0.00013325133251332514,0.00017425174251742517
0.40365928659286593,0.00011275112751127512,0.00013325133251332514,0.00017425174251742517
0.4039052890528905,0.00011275112751127512,0.00013325133251332514,0.00017425174251742517
0.4041512915129151,0.00011275112751127512,0.00013325133251332514,0.00017425174251742517
0.4043972939729397,0.00011275112751127512,0.00013325133251332514,0.00017425174251742517
0.4046432964329643,0.00011275112751127512,0.00013325133251332514,0.00017425174251742517
0.4048892988929889,0.00011275112751127512,0.00013325133251332514,0.00017425174251742517
0.4051353013530135,0.00011275112751127512,0.00013325133251332514,0.00017425174251742517
0.4053813038130381,0.00011275112751127512,0.00013325133251332514,0.00017425174251742517
0.4056273062730627,0.00011275112751127512,0.00013325133251332514,0.00017425174251742517
0.40587330873308736,0.00011275112751127512,0.00013325133251332514,0.00017425174251742517
0.40611931119311195,0.00011275112751127512,0.00013325133251332514,0.00017425174251742517
0.40636531365313655,0.00011275112751127512,0.00013325133251332514,0.00017425174251742517
0.40661131611316115,0.00011275112751127512,0.00013325133251332514,0.00017425174251742517
0.40685731857318574,0.00011275112751127512,0.00013325133251332514,0.00017425174251742517
0.40710332103321034,0.00011275112751127512,0.00013325133251332514,0.00017425174251742517
0.40734932349323494,0.00011275112751127512,0.00013325133251332514,0.00017425174251742517
0.40759532595325954,0.00011275112751127512,0.00013325133251332514,0.00017425174251742517
0.40784132841328413,0.00011275112751127512,0.00013325133251332514,0.00017425174251742517
0.40808733087330873,0.00011275112751127512,0.00013325133251332514,0.00017425174251742517
0.4083333333333333,0.00011275112751127512,0.00013325133251332514,0.00017425174251742517
0.4085793357933579,0.00011275112751127512,0.00013325133251332514,0.00017425174251742517
0.4088253382533825,0.00011275112751127512,0.00013325133251332514,0.00017425174251742517
0.4090713407134071,0.00011275112751127512,0.00013325133251332514,0.00017425174251742517
0.4093173431734317,0.00011275112751127512,0.00013325133251332514,0.00017425174251742517
0.4095633456334563,0.00011275112751127512,0.00013325133251332514,0.00017425174251742517
0.4098093480934809,0.00011275112751127512,0.00013325133251332514,0.00017425174251742517
0.41005535055350556,0.00011275112751127512,0.00013325133251332514,0.00017425174251742517
0.41030135301353016,0.00011275112751127512,0.00013325133251332514,0.00017425174251742517
0.41054735547355475,0.00011275112751127512,0.00013325133251332514,0.00017425174251742517
0.41079335793357935,0.00011275112751127512,0.00013325133251332514,0.00017425174251742517
0.4110291102911029,0.00011275112751127512,0.00013325133251332514,0.00017425174251742517
0.4112648626486265,0.00011275112751127512,0.00013325133251332514,0.00017425174251742517
0.41150061500615004,0.00011275112751127512,0.00013325133251332514,0.00017425174251742517
0.41173636736367364,0.00011275112751127512,0.00013325133251332514,0.00017425174251742517
0.41197211972119724,0.00011275112751127512,0.00013325133251332514,0.00017425174251742517
0.4122078720787208,0.00011275112751127512,0.00013325133251332514,0.00017425174251742517
0.4124436244362444,0.00011275112751127512,0.00013325133251332514,0.00017425174251742517
0.4126793767937679,0.00011275112751127512,0.00013325133251332514,0.00017425174251742517
0.4129151291512915,0.00011275112751127512,0.00013325133251332514,0.00017425174251742517
0.41315088150881507,0.00011275112751127512,0.00013325133251332514,0.00017425174251742517
0.41338663386633867,0.00011275112751127512,0.00013325133251332514,0.00017425174251742517
0.4136223862238622,0.0001227449774497745,0.00013325133251332514,0.00017425174251742517
0.4138581385813858,0.0001230012300123001,0.00013325133251332514,0.00017425174251742517
0.4140938909389094,0.0001230012300123001,0.00013325133251332514,0.00017425174251742517
0.41432964329643296,0.0001230012300123001,0.00013325133251332514,0.00017425174251742517
0.41456539565395656,0.0001230012300123001,0.00013325133251332514,0.00017425174251742517
0.4148011480114801,0.0001230012300123001,0.00013325133251332514,0.00017425174251742517
0.4150369003690037,0.0001230012300123001,0.00013325133251332514,0.00017425174251742517
0.41527265272652725,0.0001230012300123001,0.00013325133251332514,0.00017425174251742517
0.41550840508405085,0.0001230012300123001,0.00013325133251332514,0.00017425174251742517
0.4157441574415744,0.0001230012300123001,0.00013325133251332514,0.00017425174251742517
0.415979909799098,0.0001230012300123001,0.00013325133251332514,0.00017425174251742517
0.4162156621566216,0.0001230012300123001,0.00013837638376383766,0.00017425174251742517
0.41645141451414514,0.0001230012300123001,0.00014350143501435015,0.00017425174251742517
0.41668716687166873,0.0001230012300123001,0.00014350143501435015,0.00017425174251742517
0.4169229192291923,0.0001230012300123001,0.00014350143501435015,0.00017425174251742517
0.4171586715867159,0.0001230012300123001,0.00014350143501435015,0.00017425174251742517
0.4173944239442394,0.0001230012300123001,0.00014350143501435015,0.00017425174251742517
0.417630176301763,0.0001230012300123001,0.00014350143501435015,0.00017425174251742517
0.41786592865928657,0.0001230012300123001,0.00014350143501435015,0.00017425174251742517
0.41810168101681017,0.0001230012300123001,0.00014350143501435015,0.00017425174251742517
0.41833743337433377,0.0001230012300123001,0.00014350143501435015,0.00017425174251742517
0.4185731857318573,0.0001230012300123001,0.00014350143501435015,0.00017425174251742517
0.4188089380893809,0.0001230012300123001,0.00014350143501435015,0.00017425174251742517
0.41904469044690446,0.0001230012300123001,0.00014350143501435015,0.00017425174251742517
0.41928044280442806,0.0001230012300123001,0.00014350143501435015,0.00017425174251742517
0.4195161951619516,0.0001230012300123001,0.00014350143501435015,0.00017425174251742517
0.4197519475194752,0.0001230012300123001,0.00014350143501435015,0.00017425174251742517
0.41998769987699874,0.0001230012300123001,0.00014350143501435015,0.00017425174251742517
0.42022345223452234,0.0001230012300123001,0.00014350143501435015,0.00017425174251742517
0.42045920459204594,0.0001230012300123001,0.00014350143501435015,0.00017425174251742517
0.4206949569495695,0.0001230012300123001,0.00014350143501435015,0.00017425174251742517
0.4209307093070931,0.0001230012300123001,0.00014350143501435015,0.00017425174251742517
0.42116646166461663,0.0001230012300123001,0.00014350143501435015,0.00018450184501845018
0.42140221402214023,0.0001230012300123001,0.00014350143501435015,0.00018450184501845018
0.4216379663796638,0.0001230012300123001,0.00014350143501435015,0.00018450184501845018
0.4218737187371874,0.0001230012300123001,0.00014350143501435015,0.00018450184501845018
0.4221094710947109,0.0001230012300123001,0.00014350143501435015,0.00018450184501845018
0.4223452234522345,0.0001230012300123001,0.00014350143501435015,0.00018450184501845018
0.4225809758097581,0.0001230012300123001,0.00014350143501435015,0.00018450184501845018
0.42281672816728166,0.0001230012300123001,0.00014350143501435015,0.00018450184501845018
0.42305248052480526,0.0001230012300123001,0.00014350143501435015,0.00018450184501845018
0.4232882328823288,0.0001230012300123001,0.00014350143501435015,0.00018450184501845018
0.4235239852398524,0.0001230012300123001,0.00014350143501435015,0.00018450184501845018
0.42375973759737595,0.0001230012300123001,0.00014350143501435015,0.00018450184501845018
0.42399548995489955,0.0001230012300123001,0.00014350143501435015,0.00018450184501845018
0.42423124231242315,0.0001230012300123001,0.00014350143501435015,0.00018450184501845018
0.4244669946699467,0.0001230012300123001,0.00014350143501435015,0.00018450184501845018
0.4247027470274703,0.0001230012300123001,0.00014350143501435015,0.00018450184501845018
0.42493849938499384,0.0001230012300123001,0.00014350143501435015,0.00018450184501845018
0.42517425174251744,0.0001230012300123001,0.00014350143501435015,0.00018450184501845018
0.425410004100041,0.0001230012300123001,0.00014350143501435015,0.00018450184501845018
0.4256457564575646,0.0001230012300123001,0.00014350143501435015,0.00018450184501845018
0.42588150881508813,0.0001230012300123001,0.00014350143501435015,0.00018450184501845018
0.4261172611726117,0.0001230012300123001,0.00014350143501435015,0.00018450184501845018
0.4263530135301353,0.0001230012300123001,0.00014350143501435015,0.00018450184501845018
0.42658876588765887,0.0001230012300123001,0.00014350143501435015,0.00018450184501845018
0.42682451824518247,0.0001230012300123001,0.00014350143501435015,0.00018450184501845018
0.427060270602706,0.0001230012300123001,0.00014350143501435015,0.00018450184501845018
0.4272960229602296,0.0001230012300123001,0.00014350143501435015,0.00018450184501845018
0.42753177531775316,0.0001230012300123001,0.00014350143501435015,0.00018450184501845018
0.42776752767527676,0.0001230012300123001,0.00014350143501435015,0.00018450184501845018
0.4280032800328003,0.0001230012300123001,0.00014350143501435015,0.00018450184501845018
0.4282390323903239,0.0001230012300123001,0.00014350143501435015,0.00018450184501845018
0.4284747847478475,0.0001230012300123001,0.00014350143501435015,0.00018450184501845018
0.42871053710537105,0.0001230012300123001,0.00014350143501435015,0.00018450184501845018
0.42894628946289465,0.0001230012300123001,0.00014350143501435015,0.00018450184501845018
0.4291820418204182,0.0001230012300123001,0.00014350143501435015,0.00018450184501845018
0.4294177941779418,0.0001230012300123001,0.00014350143501435015,0.00018450184501845018
0.42965354653546534,0.0001230012300123001,0.00014350143501435015,0.00018450184501845018
0.42988929889298894,0.0001230012300123001,0.00014350143501435015,0.00018450184501845018
0.4301250512505125,0.0001230012300123001,0.00014350143501435015,0.00018450184501845018
0.4303608036080361,0.0001230012300123001,0.00014350143501435015,0.00018450184501845018
0.4305965559655597,0.0001230012300123001,0.00014350143501435015,0.00018450184501845018
0.4308323083230832,0.0001230012300123001,0.00014350143501435015,0.00018450184501845018
0.4310680606806068,0.0001230012300123001,0.00014350143501435015,0.00018450184501845018
0.43130381303813037,0.0001230012300123001,0.00014350143501435015,0.00018450184501845018
0.43153956539565397,0.0001230012300123001,0.00014350143501435015,0.00018450184501845018
0.4317753177531775,0.0001230012300123001,0.00014350143501435015,0.00018450184501845018
0.4320110701107011,0.0001230012300123001,0.00014350143501435015,0.00018450184501845018
0.43224682246822466,0.0001230012300123001,0.00014350143501435015,0.00018450184501845018
0.43248257482574826,0.0001230012300123001,0.00014350143501435015,0.00018450184501845018
0.43271832718327186,0.0001230012300123001,0.00014350143501435015,0.00018450184501845018
0.4329540795407954,0.0001230012300123001,0.00014350143501435015,0.00018450184501845018
0.433189831898319,0.0001230012300123001,0.00014350143501435015,0.00018450184501845018
0.43342558425584254,0.0001230012300123001,0.00014350143501435015,0.00018450184501845018
0.43366133661336614,0.0001230012300123001,0.00014350143501435015,0.00018450184501845018
0.4338970889708897,0.0001230012300123001,0.00014350143501435015,0.00018450184501845018
0.4341328413284133,0.0001230012300123001,0.00014350143501435015,0.00018450184501845018
0.43436859368593683,0.0001230012300123001,0.00014350143501435015,0.00018450184501845018
0.43460434604346043,0.0001230012300123001,0.00014350143501435015,0.00018450184501845018
0.43484009840098403,0.0001230012300123001,0.00014350143501435015,0.00018450184501845018
0.4350758507585076,0.0001230012300123001,0.00014350143501435015,0.00018450184501845018
0.4353116031160312,0.0001230012300123001,0.00014350143501435015,0.00018450184501845018
0.4355473554735547,0.0001230012300123001,0.00014350143501435015,0.00018450184501845018
0.4357831078310783,0.0001230012300123001,0.00014350143501435015,0.00018450184501845018
0.43601886018860186,0.0001230012300123001,0.00014350143501435015,0.00018450184501845018
0.43625461254612546,0.0001230012300123001,0.00014350143501435015,0.00018450184501845018
0.436480114801148,0.0001230012300123001,0.00014350143501435015,0.00018450184501845018
0.43670561705617056,0.0001230012300123001,0.00014350143501435015,0.00018450184501845018
0.4369311193111931,0.0001230012300123001,0.00014350143501435015,0.00018450184501845018
0.43715662156621565,0.0001230012300123001,0.00014350143501435015,0.00018450184501845018
0.4373821238212382,0.0001230012300123001,0.00014350143501435015,0.00018450184501845018
0.43760762607626075,0.0001230012300123001,0.00014350143501435015,0.00018450184501845018
0.4378331283312833,0.0001230012300123001,0.00014350143501435015,0.00018450184501845018
0.43805863058630584,0.0001230012300123001,0.00014350143501435015,0.00018450184501845018
0.4382841328413284,0.0001230012300123001,0.00014350143501435015,0.00018450184501845018
0.43850963509635094,0.0001230012300123001,0.00014350143501435015,0.00018450184501845018
0.43873513735137354,0.0001230012300123001,0.00014350143501435015,0.00018450184501845018
0.4389606396063961,0.0001230012300123001,0.00014350143501435015,0.00018450184501845018
0.43918614186141863,0.0001230012300123001,0.00014350143501435015,0.00018475809758097556
0.4394116441164412,0.0001230012300123001,0.00014350143501435015,0.00018475809758097556
0.4396371463714637,0.0001230012300123001,0.00014350143501435015,0.00018475809758097556
0.4398626486264863,0.0001230012300123001,0.00014350143501435015,0.00018475809758097556
0.4400881508815088,0.0001230012300123001,0.00014350143501435015,0.00019475194751947519
0.44031365313653137,0.0001230012300123001,0.00014350143501435015,0.00019475194751947519
0.4405391553915539,0.0001230012300123001,0.00014350143501435015,0.00019475194751947519
0.44076465764657646,0.0001230012300123001,0.00014350143501435015,0.00019475194751947519
0.440990159901599,0.0001230012300123001,0.00014350143501435015,0.00019475194751947519
0.44121566215662156,0.0001230012300123001,0.00014350143501435015,0.00019475194751947519
0.4414411644116441,0.0001230012300123001,0.00014350143501435015,0.00019475194751947519
0.44166666666666665,0.0001230012300123001,0.00014350143501435015,0.00019475194751947519
0.4418921689216892,0.0001230012300123001,0.00014350143501435015,0.00019475194751947519
0.44211767117671175,0.0001230012300123001,0.00014350143501435015,0.00019475194751947519
0.4423431734317343,0.0001230012300123001,0.00014350143501435015,0.00019475194751947519
0.44256867568675684,0.0001230012300123001,0.00014350143501435015,0.00019475194751947519
0.44279417794177944,0.0001230012300123001,0.00014350143501435015,0.00019475194751947519
0.443019680196802,0.0001230012300123001,0.00014350143501435015,0.00019475194751947519
0.44324518245182454,0.0001230012300123001,0.00014350143501435015,0.00019475194751947519
0.4434706847068471,0.0001230012300123001,0.00014350143501435015,0.00019475194751947519
0.44369618696186963,0.0001230012300123001,0.00014350143501435015,0.00019475194751947519
0.4439216892168922,0.0001230012300123001,0.00014350143501435015,0.00019475194751947519
0.4441471914719147,0.0001230012300123001,0.00014350143501435015,0.00019475194751947519
0.4443726937269373,0.0001230012300123001,0.00014350143501435015,0.00019475194751947519
0.4445981959819598,0.0001230012300123001,0.00014350143501435015,0.00019475194751947519
0.44482369823698237,0.00013299507995079954,0.00014350143501435015,0.00019475194751947519
0.4450492004920049,0.00013299507995079954,0.00014350143501435015,0.00019475194751947519
0.44527470274702746,0.00013299507995079954,0.00014350143501435015,0.00019475194751947519
0.44550020500205,0.00013325133251332514,0.00014350143501435015,0.00019475194751947519
0.44572570725707256,0.00013325133251332514,0.00014350143501435015,0.00019475194751947519
0.4459512095120951,0.00013325133251332514,0.00015375153751537516,0.00019475194751947519
0.44617671176711765,0.00013325133251332514,0.00015375153751537516,0.00019475194751947519
0.4464022140221402,0.00013325133251332514,0.00015375153751537516,0.00019475194751947519
0.44662771627716275,0.00013325133251332514,0.00015375153751537516,0.00019475194751947519
0.44685321853218535,0.00013325133251332514,0.00015375153751537516,0.00019475194751947519
0.4470787207872079,0.00013325133251332514,0.00015375153751537516,0.00019475194751947519
0.44730422304223044,0.00013325133251332514,0.00015375153751537516,0.00019475194751947519
0.447529725297253,0.00013325133251332514,0.00015375153751537516,0.00019475194751947519
0.44775522755227554,0.00013325133251332514,0.00015375153751537516,0.00019475194751947519
0.4479807298072981,0.00013325133251332514,0.00015375153751537516,0.00019475194751947519
0.44820623206232063,0.00013325133251332514,0.00015375153751537516,0.00019475194751947519
0.4484317343173432,0.00013325133251332514,0.00015375153751537516,0.00019475194751947519
0.4486572365723657,0.00013325133251332514,0.00015375153751537516,0.00019475194751947519
0.4488827388273883,0.00013325133251332514,0.00015375153751537516,0.00019475194751947519
0.4491082410824108,0.00013325133251332514,0.00015375153751537516,0.00019475194751947519
0.44933374333743337,0.00013325133251332514,0.00015375153751537516,0.00019475194751947519
0.4495592455924559,0.00013325133251332514,0.00015375153751537516,0.00019475194751947519
0.44978474784747846,0.00013325133251332514,0.00015375153751537516,0.00019475194751947519
0.450010250102501,0.00013325133251332514,0.00015375153751537516,0.00019475194751947519
0.45023575235752356,0.00013325133251332514,0.00015375153751537516,0.00019475194751947519
0.4504612546125461,0.00013325133251332514,0.00015375153751537516,0.00019475194751947519
0.45068675686756865,0.00013325133251332514,0.00015375153751537516,0.00019475194751947519
0.45091225912259125,0.00013325133251332514,0.00015375153751537516,0.00019475194751947519
0.4511377613776138,0.00013325133251332514,0.00015375153751537516,0.00019475194751947519
0.45136326363263635,0.00013325133251332514,0.00015375153751537516,0.00019475194751947519
0.4515887658876589,0.00013325133251332514,0.00015375153751537516,0.00019475194751947519
0.45181426814268144,0.00013325133251332514,0.00015375153751537516,0.00019475194751947519
0.452039770397704,0.00013325133251332514,0.00015375153751537516,0.00019475194751947519
0.45226527265272654,0.00013325133251332514,0.00015375153751537516,0.00019475194751947519
0.4524907749077491,0.00013325133251332514,0.00015375153751537516,0.00019475194751947519
0.45271627716277163,0.00013325133251332514,0.00015375153751537516,0.00019475194751947519
0.4529417794177942,0.00013325133251332514,0.00015375153751537516,0.00019475194751947519
0.4531672816728167,0.00013325133251332514,0.00015375153751537516,0.00019475194751947519
0.45339278392783927,0.00013325133251332514,0.00015375153751537516,0.00019475194751947519
0.4536182861828618,0.00013325133251332514,0.00015375153751537516,0.00019475194751947519
0.45384378843788437,0.00013325133251332514,0.00015375153751537516,0.00019475194751947519
0.4540692906929069,0.00013325133251332514,0.00015375153751537516,0.00019475194751947519
0.45429479294792946,0.00013325133251332514,0.00015375153751537516,0.00019475194751947519
0.454520295202952,0.00013325133251332514,0.00015375153751537516,0.00019475194751947519
0.45474579745797455,0.00013325133251332514,0.00015375153751537516,0.00019475194751947519
0.45497129971299716,0.00013325133251332514,0.00015375153751537516,0.00019475194751947519
0.4551968019680197,0.00013325133251332514,0.00015375153751537516,0.00019475194751947519
0.45542230422304225,0.00013325133251332514,0.00015375153751537516,0.00019475194751947519
0.4556478064780648,0.00013325133251332514,0.00015375153751537516,0.00019475194751947519
0.45587330873308735,0.00013325133251332514,0.00015375153751537516,0.00019475194751947519
0.4560988109881099,0.00013325133251332514,0.00015375153751537516,0.00019475194751947519
0.45632431324313244,0.00013325133251332514,0.00015375153751537516,0.00019475194751947519
0.456549815498155,0.00013325133251332514,0.00015375153751537516,0.00019475194751947519
0.45677531775317753,0.00013325133251332514,0.00015375153751537516,0.00019475194751947519
0.4570008200082001,0.00013325133251332514,0.00015375153751537516,0.00019475194751947519
0.4572775727757278,0.00013325133251332514,0.00015375153751537516,0.00019500820008200057
0.4575543255432554,0.00013325133251332514,0.00015375153751537516,0.00019500820008200057
0.4578310783107831,0.00013325133251332514,0.00015375153751537516,0.00019500820008200057
0.45810783107831077,0.00013325133251332514,0.00015375153751537516,0.00019500820008200057
0.45838458384583847,0.00013325133251332514,0.00015375153751537516,0.00019500820008200057
0.4586613366133661,0.00013325133251332514,0.00015375153751537516,0.00019500820008200057
0.4589380893808938,0.00013325133251332514,0.00015375153751537516,0.00019500820008200057
0.4592148421484215,0.00013325133251332514,0.00015375153751537516,0.00019500820008200057
0.45949159491594915,0.00013325133251332514,0.00015375153751537516,0.0002050020500205002
0.45976834768347685,0.00013325133251332514,0.00015375153751537516,0.0002050020500205002
0.4600451004510045,0.00013325133251332514,0.00015375153751537516,0.0002050020500205002
0.4603218532185322,0.00013325133251332514,0.00015375153751537516,0.0002050020500205002
0.46059860598605984,0.00013325133251332514,0.00015375153751537516,0.0002050020500205002
0.46087535875358754,0.00013325133251332514,0.00015375153751537516,0.0002050020500205002
0.46115211152111524,0.00013325133251332514,0.00015375153751537516,0.0002050020500205002
0.4614288642886429,0.00013325133251332514,0.00015375153751537516,0.0002050020500205002
0.4617056170561706,0.00013325133251332514,0.00015375153751537516,0.0002050020500205002
0.4619823698236982,0.00013325133251332514,0.00015375153751537516,0.0002050020500205002
0.4622591225912259,0.00013325133251332514,0.00015375153751537516,0.0002050020500205002
0.46253587535875357,0.00013325133251332514,0.00015375153751537516,0.0002050020500205002
0.46281262812628127,0.00013325133251332514,0.00015375153751537516,0.0002050020500205002
0.4630893808938089,0.00013325133251332514,0.00015375153751537516,0.0002050020500205002
0.4633661336613366,0.00013325133251332514,0.00015375153751537516,0.0002050020500205002
0.4636428864288643,0.00013325133251332514,0.00015375153751537516,0.0002050020500205002
0.46391963919639195,0.00013325133251332514,0.00015375153751537516,0.0002050020500205002
0.46419639196391965,0.00013325133251332514,0.00015375153751537516,0.0002050020500205002
0.4644731447314473,0.00013325133251332514,0.00015375153751537516,0.0002050020500205002
0.464749897498975,0.00013325133251332514,0.00015375153751537516,0.0002050020500205002
0.46502665026650264,0.00013325133251332514,0.00015375153751537516,0.0002050020500205002
0.46530340303403034,0.00013325133251332514,0.00015375153751537516,0.0002050020500205002
0.46558015580155804,0.00013325133251332514,0.00015375153751537516,0.0002050020500205002
0.4658569085690857,0.00013325133251332514,0.00015375153751537516,0.0002050020500205002
0.4661336613366134,0.00013325133251332514,0.00015375153751537516,0.0002050020500205002
0.466410414104141,0.00013325133251332514,0.00015375153751537516,0.0002050020500205002
0.4666871668716687,0.00013325133251332514,0.00015375153751537516,0.0002050020500205002
0.46696391963919637,0.00013325133251332514,0.00015375153751537516,0.0002050020500205002
0.46724067240672407,0.00013325133251332514,0.00015375153751537516,0.0002050020500205002
0.4675071750717507,0.00013325133251332514,0.00015375153751537516,0.0002050020500205002
0.46777367773677736,0.00013325133251332514,0.00015375153751537516,0.0002050020500205002
0.468040180401804,0.00013325133251332514,0.00015375153751537516,0.0002050020500205002
0.46830668306683065,0.00013325133251332514,0.00015375153751537516,0.0002050020500205002
0.4685731857318573,0.00013325133251332514,0.00015375153751537516,0.0002050020500205002
0.46883968839688395,0.00013325133251332514,0.00015375153751537516,0.0002050020500205002
0.4691061910619106,0.00013325133251332514,0.00015375153751537516,0.0002050020500205002
0.4693726937269373,0.00013325133251332514,0.00015375153751537516,0.0002050020500205002
0.46963919639196394,0.00013325133251332514,0.00015375153751537516,0.0002050020500205002
0.4699056990569906,0.00013325133251332514,0.00015375153751537516,0.0002050020500205002
0.47017220172201724,0.00013325133251332514,0.00015375153751537516,0.0002050020500205002
0.4704387043870439,0.00013325133251332514,0.00015375153751537516,0.0002050020500205002
0.47070520705207053,0.00013325133251332514,0.00015375153751537516,0.0002050020500205002
0.4709717097170972,0.00013325133251332514,0.00015375153751537516,0.0002050020500205002
0.4712382123821238,0.00013325133251332514,0.00015375153751537516,0.0002050020500205002
0.47150471504715047,0.00013325133251332514,0.00015375153751537516,0.0002050020500205002
0.4717712177121771,0.00013325133251332514,0.00015375153751537516,0.0002050020500205002
0.47203772037720376,0.00013325133251332514,0.00015375153751537516,0.0002050020500205002
0.4723042230422304,0.00013325133251332514,0.00015375153751537516,0.0002050020500205002
0.47257072570725706,0.00013325133251332514,0.00015375153751537516,0.0002050020500205002
0.4728372283722837,0.00013325133251332514,0.00015375153751537516,0.0002050020500205002
0.47310373103731035,0.00013325133251332514,0.00015375153751537516,0.0002050020500205002
0.47337023370233705,0.00013325133251332514,0.00015375153751537516,0.0002050020500205002
0.4736367363673637,0.00013325133251332514,0.00015375153751537516,0.0002050020500205002
0.47390323903239034,0.00013325133251332514,0.00015375153751537516,0.0002050020500205002
0.474169741697417,0.00013325133251332514,0.00015887658876588768,0.0002050020500205002
0.47443624436244364,0.00013325133251332514,0.00016400164001640017,0.0002050020500205002
0.4747027470274703,0.00013325133251332514,0.00016400164001640017,0.0002050020500205002
0.47496924969249693,0.00013325133251332514,0.00016400164001640017,0.0002050020500205002
0.4752357523575236,0.00013325133251332514,0.00016400164001640017,0.0002050020500205002
0.4755022550225502,0.00013325133251332514,0.00016400164001640017,0.0002050020500205002
0.47576875768757687,0.00013325133251332514,0.00016400164001640017,0.0002050020500205002
0.4760352603526035,0.00013325133251332514,0.00016400164001640017,0.0002050020500205002
0.47630176301763016,0.00013325133251332514,0.00016400164001640017,0.0002050020500205002
0.4765682656826568,0.00013325133251332514,0.00016400164001640017,0.0002050020500205002
0.47683476834768346,0.00013325133251332514,0.00016400164001640017,0.0002050020500205002
0.4771012710127101,0.00013325133251332514,0.00016400164001640017,0.0002050020500205002
0.47736777367773675,0.00013325133251332514,0.00016400164001640017,0.0002050020500205002
0.47763427634276345,0.00013325133251332514,0.00016400164001640017,0.0002050020500205002
0.4779007790077901,0.00013325133251332514,0.00016400164001640017,0.0002050020500205002
0.47816728167281675,0.00013325133251332514,0.00016400164001640017,0.0002050020500205002
0.4784337843378434,0.00013325133251332514,0.00016400164001640017,0.0002050020500205002
0.47870028700287004,0.00014350143501435015,0.00016400164001640017,0.0002050020500205002
0.4789667896678967,0.00014350143501435015,0.00016400164001640017,0.0002050020500205002
0.47923329233292333,0.00014350143501435015,0.00016400164001640017,0.0002050020500205002
0.47949979499795,0.00014350143501435015,0.00016400164001640017,0.00020525830258302558
0.4797662976629766,0.00014350143501435015,0.00016400164001640017,0.00020525830258302558
0.4800328003280033,0.00014350143501435015,0.00016400164001640017,0.00020525830258302558
0.4802993029930299,0.00014350143501435015,0.00016400164001640017,0.00020525830258302558
0.48056580565805657,0.00014350143501435015,0.00016400164001640017,0.00020525830258302558
0.4808323083230832,0.00014350143501435015,0.00016400164001640017,0.00020525830258302558
0.48109881098810986,0.00014350143501435015,0.00016400164001640017,0.00020525830258302558
0.4813653136531365,0.00014350143501435015,0.00016400164001640017,0.00020525830258302558
0.4816318163181632,0.00014350143501435015,0.00016400164001640017,0.00020525830258302558
0.48189831898318986,0.00014350143501435015,0.00016400164001640017,0.00021525215252152523
0.4821648216482165,0.00014350143501435015,0.00016400164001640017,0.00021525215252152523
0.48243132431324315,0.00014350143501435015,0.00016400164001640017,0.00021525215252152523
0.4826978269782698,0.00014350143501435015,0.00016400164001640017,0.00021525215252152523
0.48296432964329644,0.00014350143501435015,0.00016400164001640017,0.00021525215252152523
0.4832308323083231,0.00014350143501435015,0.00016400164001640017,0.00021525215252152523
0.48349733497334973,0.00014350143501435015,0.00016400164001640017,0.00021525215252152523
0.4837638376383764,0.00014350143501435015,0.00016400164001640017,0.00021525215252152523
0.48403034030340303,0.00014350143501435015,0.00016400164001640017,0.00021525215252152523
0.4842968429684297,0.00014350143501435015,0.00016400164001640017,0.00021525215252152523
0.4845633456334563,0.00014350143501435015,0.00016400164001640017,0.00021525215252152523
0.48482984829848297,0.00014350143501435015,0.00016400164001640017,0.00021525215252152523
0.4850963509635096,0.00014350143501435015,0.00016400164001640017,0.00021525215252152523
0.48536285362853626,0.00014350143501435015,0.00016400164001640017,0.00021525215252152523
0.4856293562935629,0.00014350143501435015,0.00016400164001640017,0.00021525215252152523
0.4858958589585896,0.00014350143501435015,0.00016400164001640017,0.00021525215252152523
0.48616236162361626,0.00014350143501435015,0.00016400164001640017,0.00021525215252152523
0.4864288642886429,0.00014350143501435015,0.00016400164001640017,0.00021525215252152523
0.48669536695366955,0.00014350143501435015,0.00016400164001640017,0.00021525215252152523
0.4869618696186962,0.00014350143501435015,0.00016400164001640017,0.00021525215252152523
0.48722837228372284,0.00014350143501435015,0.00016400164001640017,0.00021525215252152523
0.4874948749487495,0.00014350143501435015,0.00016400164001640017,0.00021525215252152523
0.48775112751127514,0.00014350143501435015,0.00016400164001640017,0.00021525215252152523
0.48800738007380073,0.00014350143501435015,0.00016400164001640017,0.00021525215252152523
0.4882636326363264,0.00014350143501435015,0.00016400164001640017,0.00021525215252152523
0.488519885198852,0.00014350143501435015,0.00016400164001640017,0.00021525215252152523
0.4887761377613776,0.00014350143501435015,0.00016400164001640017,0.00021525215252152523
0.4890323903239032,0.00014350143501435015,0.00016400164001640017,0.00021525215252152523
0.48928864288642887,0.00014350143501435015,0.00016400164001640017,0.00021525215252152523
0.48954489544895446,0.00014350143501435015,0.00016400164001640017,0.00021525215252152523
0.4898011480114801,0.00014350143501435015,0.00016400164001640017,0.00021525215252152523
0.49005740057400576,0.00014350143501435015,0.00016400164001640017,0.00021525215252152523
0.49031365313653136,0.00014350143501435015,0.00016400164001640017,0.00021525215252152523
0.490569905699057,0.00014350143501435015,0.00016400164001640017,0.00021525215252152523
0.4908261582615826,0.00014350143501435015,0.00016400164001640017,0.00021525215252152523
0.49108241082410825,0.00014350143501435015,0.00016400164001640017,0.00021525215252152523
0.49133866338663384,0.00014350143501435015,0.00016400164001640017,0.00021525215252152523
0.4915949159491595,0.00014350143501435015,0.00016400164001640017,0.00021525215252152523
0.49185116851168514,0.00014350143501435015,0.00016400164001640017,0.00021525215252152523
0.49210742107421074,0.00014350143501435015,0.00016400164001640017,0.00021525215252152523
0.4923636736367364,0.00014350143501435015,0.00016400164001640017,0.00021525215252152523
0.492619926199262,0.00014350143501435015,0.00016400164001640017,0.00021525215252152523
0.49287617876178763,0.00014350143501435015,0.00016400164001640017,0.00021525215252152523
0.4931324313243132,0.00014350143501435015,0.00016400164001640017,0.00021525215252152523
0.4933886838868389,0.00014350143501435015,0.00016400164001640017,0.00021525215252152523
0.49364493644936447,0.00014350143501435015,0.00016400164001640017,0.00021525215252152523
0.4939011890118901,0.00014350143501435015,0.00016400164001640017,0.00021525215252152523
0.49415744157441577,0.00014350143501435015,0.00016400164001640017,0.00021525215252152523
0.49441369413694136,0.00014350143501435015,0.00016400164001640017,0.00021525215252152523
0.494669946699467,0.00014350143501435015,0.00016400164001640017,0.00021525215252152523
0.4949261992619926,0.00014350143501435015,0.00016400164001640017,0.00021525215252152523
0.49518245182451825,0.00014350143501435015,0.00016400164001640017,0.00021525215252152523
0.49543870438704385,0.00014350143501435015,0.00016400164001640017,0.00021525215252152523
0.4956949569495695,0.00014350143501435015,0.00016400164001640017,0.00021525215252152523
0.49595120951209515,0.00014350143501435015,0.00016400164001640017,0.00021525215252152523
0.49620746207462074,0.00014350143501435015,0.00016400164001640017,0.00021525215252152523
0.4964637146371464,0.00014350143501435015,0.00016400164001640017,0.00021525215252152523
0.496719967199672,0.00014350143501435015,0.00016400164001640017,0.00021525215252152523
0.49697621976219764,0.00014350143501435015,0.00016400164001640017,0.00021525215252152523
0.49723247232472323,0.00014350143501435015,0.00017425174251742517,0.00021525215252152523
0.4974887248872489,0.00014350143501435015,0.00017425174251742517,0.00021525215252152523
0.4977449774497745,0.00014350143501435015,0.00017425174251742517,0.00021525215252152523
0.4980012300123001,0.00014350143501435015,0.00017425174251742517,0.0002155084050840506
0.49825748257482577,0.00014350143501435015,0.00017425174251742517,0.00022550225502255023
0.49851373513735137,0.00014350143501435015,0.00017425174251742517,0.00022550225502255023
0.498769987699877,0.00014350143501435015,0.00017425174251742517,0.00022550225502255023
0.4990262402624026,0.00014350143501435015,0.00017425174251742517,0.00022550225502255023
0.49928249282492826,0.00014350143501435015,0.00017425174251742517,0.00022550225502255023
0.49953874538745385,0.00014350143501435015,0.00017425174251742517,0.00022550225502255023
0.4997949979499795,0.00014350143501435015,0.00017425174251742517,0.00022550225502255023
0.5000512505125051,0.00014350143501435015,0.00017425174251742517,0.00022550225502255023
0.5003075030750308,0.00014350143501435015,0.00017425174251742517,0.00022550225502255023
0.5005637556375564,0.00014350143501435015,0.00017425174251742517,0.00022550225502255023
0.500820008200082,0.00014350143501435015,0.00017425174251742517,0.00022550225502255023
0.5010762607626076,0.00014350143501435015,0.00017425174251742517,0.00022550225502255023
0.5013325133251333,0.00014350143501435015,0.00017425174251742517,0.00022550225502255023
0.5015887658876589,0.00014350143501435015,0.00017425174251742517,0.00022550225502255023
0.5018450184501845,0.00014350143501435015,0.00017425174251742517,0.00022550225502255023
0.5021012710127102,0.00014350143501435015,0.00017425174251742517,0.00022550225502255023
0.5023575235752358,0.00014350143501435015,0.00017425174251742517,0.00022550225502255023
0.5026137761377614,0.00014350143501435015,0.00017425174251742517,0.00022550225502255023
0.502870028700287,0.00014350143501435015,0.00017425174251742517,0.00022550225502255023
0.5031262812628127,0.00014350143501435015,0.00017425174251742517,0.00022550225502255023
0.5033825338253383,0.00014350143501435015,0.00017425174251742517,0.00022550225502255023
0.5036387863878639,0.00014350143501435015,0.00017425174251742517,0.00022550225502255023
0.5038950389503895,0.00014350143501435015,0.00017425174251742517,0.00022550225502255023
0.5041512915129152,0.00014350143501435015,0.00017425174251742517,0.00022550225502255023
0.5044075440754408,0.00014350143501435015,0.00017425174251742517,0.00022550225502255023
0.5046637966379663,0.00014350143501435015,0.00017425174251742517,0.00022550225502255023
0.504920049200492,0.00014350143501435015,0.00017425174251742517,0.00022550225502255023
0.5051763017630176,0.00014350143501435015,0.00017425174251742517,0.00022550225502255023
0.5054325543255432,0.00014350143501435015,0.00017425174251742517,0.00022550225502255023
0.5056888068880688,0.00014350143501435015,0.00017425174251742517,0.00022550225502255023
0.5059450594505945,0.00014350143501435015,0.00017425174251742517,0.00022550225502255023
0.5062013120131201,0.00014350143501435015,0.00017425174251742517,0.00022550225502255023
0.5064575645756457,0.00014350143501435015,0.00017425174251742517,0.00022550225502255023
0.5067138171381714,0.00014350143501435015,0.00017425174251742517,0.00022550225502255023
0.506970069700697,0.00014350143501435015,0.00017425174251742517,0.00022550225502255023
0.5072263222632226,0.00014350143501435015,0.00017425174251742517,0.00022550225502255023
0.5074825748257482,0.00014350143501435015,0.00017425174251742517,0.00022550225502255023
0.5077388273882739,0.00014350143501435015,0.00017425174251742517,0.00022550225502255023
0.5079950799507995,0.00014350143501435015,0.00017425174251742517,0.00022550225502255023
0.5082410824108241,0.00014350143501435015,0.00017425174251742517,0.00022550225502255023
0.5084870848708487,0.00014350143501435015,0.00017425174251742517,0.00022550225502255023
0.5087330873308733,0.00014350143501435015,0.00017425174251742517,0.00022550225502255023
0.5089790897908979,0.00014350143501435015,0.00017425174251742517,0.00022550225502255023
0.5092250922509225,0.00015349528495284956,0.00017425174251742517,0.00022550225502255023
0.5094710947109471,0.00015375153751537516,0.00017425174251742517,0.00022550225502255023
0.5097170971709717,0.00015375153751537516,0.00017425174251742517,0.00022550225502255023
0.5099630996309963,0.00015375153751537516,0.00017425174251742517,0.00022550225502255023
0.5102091020910209,0.00015375153751537516,0.00017425174251742517,0.00022550225502255023
0.5104551045510455,0.00015375153751537516,0.00017425174251742517,0.00022550225502255023
0.5107011070110701,0.00015375153751537516,0.00017425174251742517,0.00022550225502255023
0.5109471094710947,0.00015375153751537516,0.00017425174251742517,0.00022550225502255023
0.5111931119311193,0.00015375153751537516,0.00017425174251742517,0.00022550225502255023
0.5114391143911439,0.00015375153751537516,0.00017425174251742517,0.00022550225502255023
0.5116851168511685,0.00015375153751537516,0.00017425174251742517,0.00022550225502255023
0.5119311193111931,0.00015375153751537516,0.00017425174251742517,0.00022550225502255023
0.5121771217712177,0.00015375153751537516,0.00017425174251742517,0.00022550225502255023
0.5124231242312424,0.00015375153751537516,0.00017425174251742517,0.00022550225502255023
0.512669126691267,0.00015375153751537516,0.00017425174251742517,0.00022575850758507562
0.5129151291512916,0.00015375153751537516,0.00017425174251742517,0.00022575850758507562
0.5131611316113162,0.00015375153751537516,0.00017425174251742517,0.00022575850758507562
0.5134071340713408,0.00015375153751537516,0.00017425174251742517,0.00022575850758507562
0.5136531365313654,0.00015375153751537516,0.00017425174251742517,0.00022575850758507562
0.51389913899139,0.00015375153751537516,0.00017425174251742517,0.00023575235752357524
0.5141451414514145,0.00015375153751537516,0.00017425174251742517,0.00023575235752357524
0.5143911439114391,0.00015375153751537516,0.00017425174251742517,0.00023575235752357524
0.5146371463714637,0.00015375153751537516,0.00017425174251742517,0.00023575235752357524
0.5148831488314883,0.00015375153751537516,0.00017425174251742517,0.00023575235752357524
0.5151291512915129,0.00015375153751537516,0.00017425174251742517,0.00023575235752357524
0.5153751537515375,0.00015375153751537516,0.00017425174251742517,0.00023575235752357524
0.5156211562115621,0.00015375153751537516,0.00017425174251742517,0.00023575235752357524
0.5158671586715867,0.00015375153751537516,0.00017425174251742517,0.00023575235752357524
0.5161131611316113,0.00015375153751537516,0.00017425174251742517,0.00023575235752357524
0.5163591635916359,0.00015375153751537516,0.00017425174251742517,0.00023575235752357524
0.5166051660516605,0.00015375153751537516,0.00017425174251742517,0.00023575235752357524
0.5168511685116851,0.00015375153751537516,0.00017425174251742517,0.00023575235752357524
0.5170971709717097,0.00015375153751537516,0.00017425174251742517,0.00023575235752357524
0.5173431734317343,0.00015375153751537516,0.00017425174251742517,0.00023575235752357524
0.5175891758917589,0.00015375153751537516,0.00017425174251742517,0.00023575235752357524
0.5178351783517835,0.00015375153751537516,0.00017425174251742517,0.00023575235752357524
0.5180811808118081,0.00015375153751537516,0.00017425174251742517,0.00023575235752357524
0.5183271832718327,0.00015375153751537516,0.00017425174251742517,0.00023575235752357524
0.5185731857318573,0.00015375153751537516,0.00017425174251742517,0.00023575235752357524
0.5188191881918819,0.00015375153751537516,0.00017425174251742517,0.00023575235752357524
0.5190651906519065,0.00015375153751537516,0.00017425174251742517,0.00023575235752357524
0.5193111931119311,0.00015375153751537516,0.00017425174251742517,0.00023575235752357524
0.5195571955719557,0.00015375153751537516,0.00018450184501845018,0.00023575235752357524
0.5198031980319803,0.00015375153751537516,0.00018450184501845018,0.00023575235752357524
0.5200492004920049,0.00015375153751537516,0.00018450184501845018,0.00023575235752357524
0.5202952029520295,0.00015375153751537516,0.00018450184501845018,0.00023575235752357524
0.5205412054120542,0.00015375153751537516,0.00018450184501845018,0.00023575235752357524
0.5207872078720788,0.00015375153751537516,0.00018450184501845018,0.00023575235752357524
0.5210332103321034,0.00015375153751537516,0.00018450184501845018,0.00023575235752357524
0.521279212792128,0.00015375153751537516,0.00018450184501845018,0.00023575235752357524
0.5215252152521526,0.00015375153751537516,0.00018450184501845018,0.00023575235752357524
0.5217712177121772,0.00015375153751537516,0.00018450184501845018,0.00023575235752357524
0.5220172201722018,0.00015375153751537516,0.00018450184501845018,0.00023575235752357524
0.5222632226322264,0.00015375153751537516,0.00018450184501845018,0.00023575235752357524
0.522509225092251,0.00015375153751537516,0.00018450184501845018,0.00023575235752357524
0.5227552275522755,0.00015375153751537516,0.00018450184501845018,0.00023575235752357524
0.5230012300123001,0.00015375153751537516,0.00018450184501845018,0.00023575235752357524
0.5232472324723247,0.00015375153751537516,0.00018450184501845018,0.00023575235752357524
0.5234932349323493,0.00015375153751537516,0.00018450184501845018,0.00023575235752357524
0.5237392373923739,0.00015375153751537516,0.00018450184501845018,0.00023600861008610062
0.5239852398523985,0.00015375153751537516,0.00018450184501845018,0.0002460024600246002
0.5242312423124231,0.00015375153751537516,0.00018450184501845018,0.0002460024600246002
0.5244772447724477,0.00015375153751537516,0.00018450184501845018,0.0002460024600246002
0.5247232472324723,0.00015375153751537516,0.00018450184501845018,0.0002460024600246002
0.5249692496924969,0.00015375153751537516,0.00018450184501845018,0.0002460024600246002
0.5252152521525215,0.00015375153751537516,0.00018450184501845018,0.0002460024600246002
0.5254612546125461,0.00015375153751537516,0.00018450184501845018,0.0002460024600246002
0.5257072570725707,0.00015375153751537516,0.00018450184501845018,0.0002460024600246002
0.5259532595325953,0.00015375153751537516,0.00018450184501845018,0.0002460024600246002
0.5261992619926199,0.00015375153751537516,0.00018450184501845018,0.0002460024600246002
0.5264452644526445,0.00015375153751537516,0.00018450184501845018,0.0002460024600246002
0.5266912669126691,0.00015375153751537516,0.00018450184501845018,0.0002460024600246002
0.5269372693726937,0.00015375153751537516,0.00018450184501845018,0.0002460024600246002
0.5271832718327183,0.00015375153751537516,0.00018450184501845018,0.0002460024600246002
0.5274292742927429,0.00015375153751537516,0.00018450184501845018,0.0002460024600246002
0.5276752767527675,0.00015375153751537516,0.00018450184501845018,0.0002460024600246002
0.5279212792127921,0.00015375153751537516,0.00018450184501845018,0.0002460024600246002
0.5281672816728167,0.00015375153751537516,0.00018450184501845018,0.0002460024600246002
0.5284132841328413,0.00015375153751537516,0.00018450184501845018,0.0002460024600246002
0.5286592865928659,0.00015375153751537516,0.00018450184501845018,0.0002460024600246002
0.5288950389503895,0.00015375153751537516,0.00018450184501845018,0.0002460024600246002
0.5291307913079131,0.00015375153751537516,0.00018450184501845018,0.0002460024600246002
0.5293665436654367,0.00015375153751537516,0.00018450184501845018,0.0002460024600246002
0.5296022960229603,0.00015375153751537516,0.00018450184501845018,0.0002460024600246002
0.5298380483804838,0.00015375153751537516,0.00018450184501845018,0.0002460024600246002
0.5300738007380074,0.00015375153751537516,0.00018450184501845018,0.0002460024600246002
0.530309553095531,0.00015375153751537516,0.00018450184501845018,0.0002460024600246002
0.5305453054530546,0.00015375153751537516,0.00018450184501845018,0.0002460024600246002
0.5307810578105782,0.00015375153751537516,0.00018450184501845018,0.0002460024600246002
0.5310168101681016,0.00015375153751537516,0.00018450184501845018,0.0002460024600246002
0.5312525625256252,0.00015375153751537516,0.00018450184501845018,0.0002460024600246002
0.5314883148831488,0.00015375153751537516,0.00018450184501845018,0.0002460024600246002
0.5317240672406724,0.00016374538745387457,0.00018450184501845018,0.0002460024600246002
0.5319598195981959,0.00016374538745387457,0.00018450184501845018,0.0002460024600246002
0.5321955719557195,0.00016400164001640017,0.00018450184501845018,0.0002460024600246002
0.5324313243132431,0.00016400164001640017,0.00018450184501845018,0.0002460024600246002
0.5326670766707667,0.00016400164001640017,0.00018450184501845018,0.0002460024600246002
0.5329028290282903,0.00016400164001640017,0.00018450184501845018,0.0002460024600246002
0.5331385813858138,0.00016400164001640017,0.00018450184501845018,0.0002460024600246002
0.5333743337433374,0.00016400164001640017,0.00018450184501845018,0.0002460024600246002
0.533610086100861,0.00016400164001640017,0.00018450184501845018,0.0002460024600246002
0.5338458384583846,0.00016400164001640017,0.00018450184501845018,0.0002460024600246002
0.5340815908159081,0.00016400164001640017,0.00018450184501845018,0.0002460024600246002
0.5343173431734317,0.00016400164001640017,0.00018450184501845018,0.0002460024600246002
0.5345530955309553,0.00016400164001640017,0.00018450184501845018,0.0002460024600246002
0.5347888478884789,0.00016400164001640017,0.00018450184501845018,0.0002460024600246002
0.5350246002460025,0.00016400164001640017,0.00018450184501845018,0.0002460024600246002
0.535260352603526,0.00016400164001640017,0.00018450184501845018,0.0002460024600246002
0.5354961049610496,0.00016400164001640017,0.00018450184501845018,0.0002460024600246002
0.5357318573185732,0.00016400164001640017,0.00018450184501845018,0.0002460024600246002
0.5359676096760968,0.00016400164001640017,0.00018450184501845018,0.0002460024600246002
0.5362033620336203,0.00016400164001640017,0.00018450184501845018,0.0002460024600246002
0.5364391143911439,0.00016400164001640017,0.00018450184501845018,0.0002460024600246002
0.5366748667486675,0.00016400164001640017,0.00018450184501845018,0.0002460024600246002
0.5369106191061911,0.00016400164001640017,0.00018450184501845018,0.0002460024600246002
0.5371463714637147,0.00016400164001640017,0.00018450184501845018,0.0002460024600246002
0.5373821238212382,0.00016400164001640017,0.00018450184501845018,0.0002460024600246002
0.5376178761787618,0.00016400164001640017,0.00018450184501845018,0.0002460024600246002
0.5378536285362854,0.00016400164001640017,0.00018450184501845018,0.0002460024600246002
0.538089380893809,0.00016400164001640017,0.00018450184501845018,0.0002460024600246002
0.5383251332513325,0.00016400164001640017,0.00018450184501845018,0.0002460024600246002
0.5385608856088561,0.00016400164001640017,0.00018450184501845018,0.0002460024600246002
0.5387966379663797,0.00016400164001640017,0.00018450184501845018,0.0002460024600246002
0.5390323903239033,0.00016400164001640017,0.00018450184501845018,0.0002460024600246002
0.5392681426814269,0.00016400164001640017,0.00019475194751947519,0.0002460024600246002
0.5395038950389504,0.00016400164001640017,0.00019475194751947519,0.0002460024600246002
0.539739647396474,0.00016400164001640017,0.00019475194751947519,0.0002460024600246002
0.5399753997539976,0.00016400164001640017,0.00019475194751947519,0.0002460024600246002
0.5402111521115212,0.00016400164001640017,0.00019475194751947519,0.0002460024600246002
0.5404469044690446,0.00016400164001640017,0.00019475194751947519,0.0002460024600246002
0.5406826568265682,0.00016400164001640017,0.00019475194751947519,0.0002460024600246002
0.5409184091840918,0.00016400164001640017,0.00019475194751947519,0.0002460024600246002
0.5411541615416154,0.00016400164001640017,0.00019475194751947519,0.0002460024600246002
0.541389913899139,0.00016400164001640017,0.00019475194751947519,0.0002460024600246002
0.5416256662566625,0.00016400164001640017,0.00019475194751947519,0.0002460024600246002
0.5418614186141861,0.00016400164001640017,0.00019475194751947519,0.0002460024600246002
0.5420971709717097,0.00016400164001640017,0.00019475194751947519,0.0002460024600246002
0.5423329233292333,0.00016400164001640017,0.00019475194751947519,0.0002460024600246002
0.5425686756867568,0.00016400164001640017,0.00019475194751947519,0.0002460024600246002
0.5428044280442804,0.00016400164001640017,0.00019475194751947519,0.0002460024600246002
0.543040180401804,0.00016400164001640017,0.00019475194751947519,0.0002460024600246002
0.5432759327593276,0.00016400164001640017,0.00019475194751947519,0.0002460024600246002
0.5435116851168512,0.00016400164001640017,0.00019475194751947519,0.0002460024600246002
0.5437474374743747,0.00016400164001640017,0.00019475194751947519,0.0002460024600246002
0.5439831898318983,0.00016400164001640017,0.00019475194751947519,0.0002460024600246002
0.5442189421894219,0.00016400164001640017,0.00019475194751947519,0.0002460024600246002
0.5444546945469455,0.00016400164001640017,0.00019475194751947519,0.0002460024600246002
0.544690446904469,0.00016400164001640017,0.00019475194751947519,0.0002460024600246002
0.5449261992619926,0.00016400164001640017,0.00019475194751947519,0.0002460024600246002
0.5451619516195162,0.00016400164001640017,0.00019475194751947519,0.0002460024600246002
0.5453977039770398,0.00016400164001640017,0.00019475194751947519,0.0002460024600246002
0.5456334563345634,0.00016400164001640017,0.00019475194751947519,0.0002460024600246002
0.5458692086920869,0.00016400164001640017,0.00019475194751947519,0.0002460024600246002
0.5461049610496105,0.00016400164001640017,0.00019475194751947519,0.0002460024600246002
0.5463407134071341,0.00016400164001640017,0.00019475194751947519,0.0002460024600246002
0.5465764657646577,0.00016400164001640017,0.00019475194751947519,0.0002462587125871256
0.5468122181221812,0.00016400164001640017,0.00019475194751947519,0.0002462587125871256
0.5470479704797048,0.00016400164001640017,0.00019475194751947519,0.00025625256252562525
0.5472837228372284,0.00016400164001640017,0.00019475194751947519,0.00025625256252562525
0.547519475194752,0.00016400164001640017,0.00019475194751947519,0.00025625256252562525
0.5477552275522756,0.00016400164001640017,0.00019475194751947519,0.00025625256252562525
0.5479909799097991,0.00016400164001640017,0.00019475194751947519,0.00025625256252562525
0.5482267322673227,0.00016400164001640017,0.00019475194751947519,0.00025625256252562525
0.5484624846248463,0.00016400164001640017,0.00019475194751947519,0.00025625256252562525
0.5486982369823699,0.00016400164001640017,0.00019475194751947519,0.00025625256252562525
0.5489339893398933,0.00016400164001640017,0.00019475194751947519,0.00025625256252562525
0.549169741697417,0.00016400164001640017,0.00019475194751947519,0.00025625256252562525
0.5493952439524395,0.00016400164001640017,0.00019475194751947519,0.00025625256252562525
0.549620746207462,0.00016400164001640017,0.00019475194751947519,0.00025625256252562525
0.5498462484624846,0.00016400164001640017,0.00019475194751947519,0.00025625256252562525
0.5500717507175071,0.00016400164001640017,0.00019475194751947519,0.00025625256252562525
0.5502972529725297,0.00016400164001640017,0.00019475194751947519,0.00025625256252562525
0.5505227552275522,0.00016400164001640017,0.00019475194751947519,0.00025625256252562525
0.5507482574825748,0.00016400164001640017,0.00019475194751947519,0.00025625256252562525
0.5509737597375973,0.00016400164001640017,0.00019475194751947519,0.00025625256252562525
0.5511992619926199,0.00016400164001640017,0.00019475194751947519,0.00025625256252562525
0.5514247642476425,0.00016400164001640017,0.00019475194751947519,0.00025625256252562525
0.551650266502665,0.00016400164001640017,0.00019475194751947519,0.00025625256252562525
0.5518757687576876,0.00016400164001640017,0.00019475194751947519,0.00025625256252562525
0.5521012710127101,0.00016400164001640017,0.00019475194751947519,0.00025625256252562525
0.5523267732677327,0.00016400164001640017,0.00019475194751947519,0.00025625256252562525
0.5525522755227552,0.00016400164001640017,0.00019475194751947519,0.00025625256252562525
0.5527777777777778,0.00016400164001640017,0.00019475194751947519,0.00025625256252562525
0.5530032800328003,0.00016400164001640017,0.00019475194751947519,0.00025625256252562525
0.5532287822878229,0.00016400164001640017,0.00019475194751947519,0.00025625256252562525
0.5534542845428454,0.00016400164001640017,0.00019475194751947519,0.00025625256252562525
0.553679786797868,0.00016400164001640017,0.00019475194751947519,0.00025625256252562525
0.5539052890528905,0.00016400164001640017,0.00019475194751947519,0.00025625256252562525
0.5541307913079131,0.00016400164001640017,0.00019475194751947519,0.00025625256252562525
0.5543562935629356,0.00016400164001640017,0.00019475194751947519,0.00025625256252562525
0.5545817958179582,0.00016400164001640017,0.00019475194751947519,0.00025625256252562525
0.5548072980729807,0.00016400164001640017,0.00019475194751947519,0.00025625256252562525
0.5550328003280033,0.00016400164001640017,0.00019475194751947519,0.00025625256252562525
0.5552583025830258,0.00016400164001640017,0.00019475194751947519,0.00025625256252562525
0.5554838048380484,0.00016400164001640017,0.00019475194751947519,0.00025625256252562525
0.555709307093071,0.00016400164001640017,0.00019475194751947519,0.00025625256252562525
0.5559348093480935,0.00016400164001640017,0.00019475194751947519,0.00025625256252562525
0.5561603116031161,0.00016400164001640017,0.00019475194751947519,0.00025625256252562525
0.5563858138581386,0.00016400164001640017,0.00019475194751947519,0.00025625256252562525
0.5566113161131612,0.00016400164001640017,0.00019475194751947519,0.00025625256252562525
0.5568368183681837,0.00016400164001640017,0.00019475194751947519,0.00025625256252562525
0.5570623206232063,0.00016400164001640017,0.00019475194751947519,0.00025625256252562525
0.5572878228782288,0.00016400164001640017,0.00019475194751947519,0.00025625256252562525
0.5575133251332514,0.00016400164001640017,0.00019475194751947519,0.00025625256252562525
0.5577388273882739,0.00016400164001640017,0.00019475194751947519,0.00025625256252562525
0.5579643296432965,0.00017399548995489957,0.0001998769987699877,0.00025625256252562525
0.5581898318983189,0.00017399548995489957,0.0002050020500205002,0.00025625256252562525
0.5584153341533415,0.00017399548995489957,0.0002050020500205002,0.00025625256252562525
0.558640836408364,0.00017425174251742517,0.0002050020500205002,0.00025625256252562525
0.5588663386633866,0.00017425174251742517,0.0002050020500205002,0.00025625256252562525
0.5590918409184091,0.00017425174251742517,0.0002050020500205002,0.00025625256252562525
0.5593173431734317,0.00017425174251742517,0.0002050020500205002,0.00025625256252562525
0.5595428454284543,0.00017425174251742517,0.0002050020500205002,0.00025625256252562525
0.5597683476834768,0.00017425174251742517,0.0002050020500205002,0.00025625256252562525
0.5599938499384994,0.00017425174251742517,0.0002050020500205002,0.00025625256252562525
0.5602193521935219,0.00017425174251742517,0.0002050020500205002,0.00025625256252562525
0.5604448544485445,0.00017425174251742517,0.0002050020500205002,0.00025625256252562525
0.560670356703567,0.00017425174251742517,0.0002050020500205002,0.00025625256252562525
0.5608958589585896,0.00017425174251742517,0.0002050020500205002,0.00025625256252562525
0.5611213612136121,0.00017425174251742517,0.0002050020500205002,0.00025625256252562525
0.5613468634686347,0.00017425174251742517,0.0002050020500205002,0.00025625256252562525
0.5615723657236572,0.00017425174251742517,0.0002050020500205002,0.00025625256252562525
0.5617978679786798,0.00017425174251742517,0.0002050020500205002,0.00025625256252562525
0.5620233702337023,0.00017425174251742517,0.0002050020500205002,0.00025625256252562525
0.5622488724887249,0.00017425174251742517,0.0002050020500205002,0.00025625256252562525
0.5624743747437474,0.00017425174251742517,0.0002050020500205002,0.00025625256252562525
0.56269987699877,0.00017425174251742517,0.0002050020500205002,0.00025625256252562525
0.5629253792537925,0.00017425174251742517,0.0002050020500205002,0.00025625256252562525
0.5631508815088151,0.00017425174251742517,0.0002050020500205002,0.00025625256252562525
0.5633763837638376,0.00017425174251742517,0.0002050020500205002,0.00025625256252562525
0.5636018860188602,0.00017425174251742517,0.0002050020500205002,0.00025625256252562525
0.5638273882738828,0.00017425174251742517,0.0002050020500205002,0.00025625256252562525
0.5640528905289053,0.00017425174251742517,0.0002050020500205002,0.00025625256252562525
0.5642783927839279,0.00017425174251742517,0.0002050020500205002,0.00025625256252562525
0.5645038950389504,0.00017425174251742517,0.0002050020500205002,0.00025625256252562525
0.564729397293973,0.00017425174251742517,0.0002050020500205002,0.00025625256252562525
0.5649548995489955,0.00017425174251742517,0.0002050020500205002,0.00025625256252562525
0.5651804018040181,0.00017425174251742517,0.0002050020500205002,0.00025625256252562525
0.5654059040590406,0.00017425174251742517,0.0002050020500205002,0.00025625256252562525
0.5656314063140632,0.00017425174251742517,0.0002050020500205002,0.00025625256252562525
0.5658569085690857,0.00017425174251742517,0.0002050020500205002,0.00025625256252562525
0.5660824108241083,0.00017425174251742517,0.0002050020500205002,0.00025625256252562525
0.5663079130791308,0.00017425174251742517,0.0002050020500205002,0.00025625256252562525
0.5665334153341534,0.00017425174251742517,0.0002050020500205002,0.00025625256252562525
0.5667589175891758,0.00017425174251742517,0.0002050020500205002,0.00025625256252562525
0.5669844198441985,0.00017425174251742517,0.0002050020500205002,0.00025625256252562525
0.5672099220992209,0.00017425174251742517,0.0002050020500205002,0.00025625256252562525
0.5674354243542435,0.00017425174251742517,0.0002050020500205002,0.00025625256252562525
0.5676609266092661,0.00017425174251742517,0.0002050020500205002,0.00025625256252562525
0.5678864288642886,0.00017425174251742517,0.0002050020500205002,0.00025625256252562525
0.5681119311193112,0.00017425174251742517,0.0002050020500205002,0.00025625256252562525
0.5683374333743337,0.00017425174251742517,0.0002050020500205002,0.00025625256252562525
0.5685629356293563,0.00017425174251742517,0.0002050020500205002,0.00025625256252562525
0.5687884378843788,0.00017425174251742517,0.0002050020500205002,0.00025625256252562525
0.5690139401394014,0.00017425174251742517,0.0002050020500205002,0.00025625256252562525
0.5692394423944239,0.00017425174251742517,0.0002050020500205002,0.00025625256252562525
0.5694649446494465,0.00017425174251742517,0.0002050020500205002,0.00025625256252562525
0.569690446904469,0.00017425174251742517,0.0002050020500205002,0.00025650881508815064
0.5699056990569906,0.00017425174251742517,0.0002050020500205002,0.0002665026650266503
0.5701209512095121,0.00017425174251742517,0.0002050020500205002,0.0002665026650266503
0.5703362033620336,0.00017425174251742517,0.0002050020500205002,0.0002665026650266503
0.5705514555145551,0.00017425174251742517,0.0002050020500205002,0.0002665026650266503
0.5707667076670767,0.00017425174251742517,0.0002050020500205002,0.0002665026650266503
0.5709819598195982,0.00017425174251742517,0.0002050020500205002,0.0002665026650266503
0.5711972119721197,0.00017425174251742517,0.0002050020500205002,0.0002665026650266503
0.5714124641246412,0.00017425174251742517,0.0002050020500205002,0.0002665026650266503
0.5716277162771628,0.00017425174251742517,0.0002050020500205002,0.0002665026650266503
0.5718429684296843,0.00017425174251742517,0.0002050020500205002,0.0002665026650266503
0.5720582205822058,0.00017425174251742517,0.0002050020500205002,0.0002665026650266503
0.5722734727347274,0.00017425174251742517,0.0002050020500205002,0.0002665026650266503
0.5724887248872489,0.00017425174251742517,0.0002050020500205002,0.0002665026650266503
0.5727039770397704,0.00017425174251742517,0.0002050020500205002,0.0002665026650266503
0.5729192291922919,0.00017425174251742517,0.0002050020500205002,0.0002665026650266503
0.5731344813448135,0.00017425174251742517,0.0002050020500205002,0.0002665026650266503
0.573349733497335,0.00017425174251742517,0.0002050020500205002,0.0002665026650266503
0.5735649856498565,0.00017425174251742517,0.0002050020500205002,0.0002665026650266503
0.5737802378023781,0.00017425174251742517,0.0002050020500205002,0.0002665026650266503
0.5739954899548996,0.00017425174251742517,0.0002050020500205002,0.0002665026650266503
0.5742107421074211,0.00017425174251742517,0.0002050020500205002,0.0002665026650266503
0.5744259942599426,0.00017425174251742517,0.0002050020500205002,0.00026675891758917567
0.5746412464124642,0.00017425174251742517,0.0002050020500205002,0.00026675891758917567
0.5748564985649857,0.00017425174251742517,0.0002050020500205002,0.00027675276752767527
0.5750717507175072,0.00018424559245592458,0.0002050020500205002,0.00027675276752767527
0.5752870028700287,0.00018424559245592458,0.0002050020500205002,0.00027675276752767527
0.5755022550225503,0.00018450184501845018,0.0002050020500205002,0.00027675276752767527
0.5757175071750718,0.00018450184501845018,0.0002050020500205002,0.00027675276752767527
0.5759327593275932,0.00018450184501845018,0.0002050020500205002,0.00027675276752767527
0.5761480114801149,0.00018450184501845018,0.0002050020500205002,0.00027675276752767527
0.5763632636326363,0.00018450184501845018,0.0002050020500205002,0.00027675276752767527
0.5765067650676506,0.00018450184501845018,0.0002050020500205002,0.00027675276752767527
0.5765887658876588,0.00018450184501845018,0.0002050020500205002,0.00027675276752767527
0.576640016400164,0.00018450184501845018,0.0002050020500205002,0.00027675276752767527
0.5766912669126691,0.00018450184501845018,0.0002050020500205002,0.00027675276752767527
0.5767322673226732,0.00018450184501845018,0.0002050020500205002,0.00027675276752767527
0.5767425174251742,0.00018450184501845018,0.0002050020500205002,0.00027675276752767527
0.5767527675276752,0.00018450184501845018,0.0002050020500205002,0.00027675276752767527
