step,nodes,merges_this_step,cumulative_merges,u,mean_mass
0,97560,0,0,0.0,1.0
1,97520,40,40,0.0007108836283500391,1.0004101722723544
2,97480,40,80,0.0014217672567000783,1.0008206811653673
3,97441,39,119,0.0021148787943413663,1.0012212518344434
4,97402,39,158,0.0028079903319826543,1.0016221432824788
5,97363,39,197,0.0035011018696239427,1.0020233558949498
6,97324,39,236,0.004194213407265231,1.0024248900579507
7,97285,39,275,0.004887324944906519,1.002826746158195
8,97246,39,314,0.005580436482547807,1.0032289245830162
9,97207,39,353,0.006273548020189095,1.00363142572037
10,97168,39,392,0.0069666595578303835,1.0040342499588342
11,97129,39,431,0.0076597710954716715,1.0044373976876113
12,97090,39,470,0.008352882633112959,1.004840869296529
13,97051,39,509,0.009045994170754247,1.0052446651760414
14,97012,39,548,0.009739105708395536,1.005648785717231
15,96973,39,587,0.010432217246036823,1.0060532313118085
16,96934,39,626,0.011125328783678112,1.006458002352116
17,96895,39,665,0.0118184403213194,1.0068630992311265
18,96856,39,704,0.012511551858960688,1.0072685223424465
19,96817,39,743,0.013204663396601977,1.0076742720803165
20,96778,39,782,0.013897774934243264,1.0080803488396124
21,96739,39,821,0.014590886471884553,1.0084867530158468
22,96700,39,860,0.01528399800952584,1.0088934850051707
23,96661,39,899,0.015977109547167127,1.009300545204374
24,96622,39,938,0.016670221084808416,1.0097079340108879
25,96583,39,977,0.017363332622449705,1.0101156518227845
26,96544,39,1016,0.018056444160090994,1.0105236990387803
27,96505,39,1055,0.018749555697732283,1.0109320760582354
28,96466,39,1094,0.019442667235373568,1.011340783281156
29,96427,39,1133,0.020135778773014857,1.011749821108196
30,96388,39,1172,0.020828890310656146,1.0121591899406566
31,96349,39,1211,0.021522001848297435,1.0125688901804897
32,96310,39,1250,0.022215113385938724,1.012978922230298
33,96271,39,1289,0.02290822492358001,1.0133892864933365
34,96232,39,1328,0.023601336461221298,1.013799983373514
35,96193,39,1367,0.024294447998862587,1.0142110132753943
36,96154,39,1406,0.024987559536503876,1.0146223766041975
37,96115,39,1445,0.02568067107414516,1.0150340737658015
38,96076,39,1484,0.02637378261178645,1.015446105166743
39,96037,39,1523,0.02706689414942774,1.0158584712142196
40,95998,39,1562,0.027760005687069027,1.01627117231609
41,95959,39,1601,0.028453117224710316,1.0166842088808763
42,95920,39,1640,0.0291462287623516,1.0170975813177647
43,95881,39,1679,0.02983934029999289,1.017511290036608
44,95842,39,1718,0.03053245183763418,1.0179253354479247
45,95803,39,1757,0.03122556337527547,1.018339717962903
46,95764,39,1796,0.03191867491291676,1.0187544379934004
47,95725,39,1835,0.032611786450558046,1.0191694959519457
48,95686,39,1874,0.033304897988199335,1.01958489225174
49,95647,39,1913,0.03399800952584062,1.0200006273066589
50,95608,39,1952,0.034691121063481906,1.0204167015312526
51,95569,39,1991,0.035384232601123194,1.0208331153407486
52,95530,39,2030,0.03607734413876448,1.021249869151052
53,95491,39,2069,0.03677045567640577,1.0216669633787476
54,95452,39,2108,0.03746356721404706,1.0220843984411012
55,95413,39,2147,0.03815667875168835,1.0225021747560605
56,95374,39,2186,0.03884979028932964,1.0229202927422567
57,95335,39,2225,0.03954290182697093,1.0233387528190068
58,95296,39,2264,0.040236013364612216,1.023757555406313
59,95257,39,2303,0.0409291249022535,1.0241767009248663
60,95218,39,2342,0.04162223643989479,1.024596189796047
61,95179,39,2381,0.042315347977536076,1.0250160224419251
62,95140,39,2420,0.043008459515177365,1.0254361992852639
63,95101,39,2459,0.043701571052818654,1.0258567207495188
64,95062,39,2498,0.04439468259045994,1.0262775872588417
65,95023,39,2537,0.04508779412810123,1.0266987992380792
66,94984,39,2576,0.04578090566574252,1.027120357112777
67,94946,38,2614,0.04645624511267506,1.0275314389231773
68,94908,38,2652,0.047131584559607594,1.0279428499178151
69,94870,38,2690,0.04780692400654013,1.0283545904922526
70,94832,38,2728,0.04848226345347267,1.028766661042686
71,94794,38,2766,0.0491576029004052,1.029179061965947
72,94756,38,2804,0.04983294234733774,1.0295917936595045
73,94718,38,2842,0.05050828179427028,1.0300048565214637
74,94680,38,2880,0.05118362124120281,1.0304182509505704
75,94642,38,2918,0.05185896068813535,1.03083197734621
76,94604,38,2956,0.052534300135067886,1.0312460361084097
77,94566,38,2994,0.05320963958200042,1.0316604276378403
78,94528,38,3032,0.05388497902893297,1.0320751523358158
79,94490,38,3070,0.0545603184758655,1.0324902106042968
80,94452,38,3108,0.05523565792279804,1.03290560284589
81,94414,38,3146,0.055910997369730576,1.0333213294638508
82,94376,38,3184,0.05658633681666311,1.0337373908620835
83,94338,38,3222,0.05726167626359565,1.034153787445144
84,94300,38,3260,0.057937015710528186,1.0345705196182398
85,94262,38,3298,0.05861235515746072,1.0349875877872314
86,94224,38,3336,0.05928769460439326,1.0354049923586348
87,94186,38,3374,0.059963034051325796,1.0358227337396215
88,94148,38,3412,0.06063837349825833,1.036240812338021
89,94110,38,3450,0.06131371294519087,1.0366592285623206
90,94072,38,3488,0.061989052392123406,1.0370779828216685
91,94034,38,3526,0.06266439183905595,1.0374970755258737
92,93996,38,3564,0.06333973128598848,1.037916507085408
93,93958,38,3602,0.06401507073292102,1.0383362779114071
94,93920,38,3640,0.06469041017985355,1.038756388415673
95,93882,38,3678,0.0653657496267861,1.039176839010673
96,93844,38,3716,0.06604108907371863,1.0395976301095435
97,93806,38,3754,0.06671642852065117,1.0400187621260901
98,93768,38,3792,0.06739176796758371,1.0404402354747888
99,93730,38,3830,0.06806710741451624,1.0408620505707884
100,93692,38,3868,0.06874244686144879,1.0412842078299107
101,93654,38,3906,0.06941778630838132,1.0417067076686528
102,93616,38,3944,0.07009312575531386,1.0421295505041872
103,93578,38,3982,0.07076846520224639,1.0425527367543654
104,93540,38,4020,0.07144380464917893,1.0429762668377165
105,93502,38,4058,0.07211914409611146,1.0434001411734508
106,93464,38,4096,0.072794483543044,1.0438243601814603
107,93426,38,4134,0.07346982298997654,1.0442489242823196
108,93388,38,4172,0.07414516243690908,1.0446738338972887
109,93350,38,4210,0.07482050188384161,1.0450990894483128
110,93312,38,4248,0.07549584133077415,1.0455246913580247
111,93274,38,4286,0.0761711807777067,1.0459506400497458
112,93236,38,4324,0.07684652022463923,1.0463769359474882
113,93198,38,4362,0.07752185967157177,1.0468035794759545
114,93160,38,4400,0.0781971991185043,1.047230571060541
115,93122,38,4438,0.07887253856543684,1.0476579111273383
116,93084,38,4476,0.07954787801236937,1.0480856001031327
117,93046,38,4514,0.08022321745930192,1.0485136384154075
118,93008,38,4552,0.08089855690623445,1.0489420264923448
119,92970,38,4590,0.08157389635316699,1.0493707647628268
120,92932,38,4628,0.08224923580009952,1.049799853656437
121,92894,38,4666,0.08292457524703206,1.050229293603462
122,92856,38,4704,0.08359991469396459,1.0506590850348927
123,92818,38,4742,0.08427525414089714,1.0510892283824258
124,92780,38,4780,0.08495059358782968,1.0515197240784653
125,92742,38,4818,0.08562593303476221,1.0519505725561233
126,92704,38,4856,0.08630127248169475,1.0523817742492234
127,92666,38,4894,0.08697661192862728,1.0528133295922992
128,92628,38,4932,0.08765195137555983,1.0532452390205986
129,92590,38,4970,0.08832729082249235,1.0536775029700831
130,92552,38,5008,0.0890026302694249,1.0541101218774311
131,92514,38,5046,0.08967796971635743,1.0545430961800377
132,92476,38,5084,0.09035330916328997,1.054976426316017
133,92439,37,5121,0.09101087651951376,1.0553986953558563
134,92402,37,5158,0.09166844387573754,1.0558213025692085
135,92365,37,5195,0.09232601123196132,1.056244248362475
136,92328,37,5232,0.09298357858818511,1.0566675331427087
137,92291,37,5269,0.0936411459444089,1.057091157317615
138,92254,37,5306,0.09429871330063269,1.0575151212955536
139,92217,37,5343,0.09495628065685648,1.0579394254855397
140,92180,37,5380,0.09561384801308026,1.0583640702972446
141,92143,37,5417,0.09627141536930404,1.0587890561409983
142,92106,37,5454,0.09692898272552783,1.0592143834277896
143,92069,37,5491,0.09758655008175161,1.0596400525692686
144,92032,37,5528,0.0982441174379754,1.0600660639777468
145,91995,37,5565,0.0989016847941992,1.0604924180661992
146,91958,37,5602,0.09955925215042298,1.0609191152482655
147,91921,37,5639,0.10021681950664676,1.0613461559382513
148,91884,37,5676,0.10087438686287055,1.0617735405511297
149,91847,37,5713,0.10153195421909433,1.0622012695025422
150,91810,37,5750,0.10218952157531812,1.0626293432088008
151,91773,37,5787,0.1028470889315419,1.0630577620868884
152,91736,37,5824,0.10350465628776569,1.0634865265544606
153,91699,37,5861,0.10416222364398948,1.0639156370298477
154,91662,37,5898,0.10481979100021327,1.0643450939320547
155,91625,37,5935,0.10547735835643705,1.064774897680764
156,91588,37,5972,0.10613492571266084,1.0652050486963358
157,91551,37,6009,0.10679249306888462,1.06563554739981
158,91514,37,6046,0.1074500604251084,1.0660663942129074
159,91477,37,6083,0.10810762778133219,1.066497589558031
160,91440,37,6120,0.10876519513755598,1.0669291338582678
161,91403,37,6157,0.10942276249377977,1.0673610275373893
162,91366,37,6194,0.11008032985000356,1.067793271019854
163,91329,37,6231,0.11073789720622734,1.0682258647308085
164,91292,37,6268,0.11139546456245113,1.0686588090960873
165,91255,37,6305,0.11205303191867491,1.0690921045422168
166,91218,37,6342,0.1127105992748987,1.0695257514964152
167,91181,37,6379,0.11336816663112248,1.0699597503865936
168,91144,37,6416,0.11402573398734628,1.0703941016413587
169,91107,37,6453,0.11468330134357006,1.0708288056900128
170,91070,37,6490,0.11534086869979385,1.0712638629625564
171,91033,37,6527,0.11599843605601763,1.0716992738896884
172,90996,37,6564,0.11665600341224142,1.0721350389028088
173,90959,37,6601,0.1173135707684652,1.0725711584340196
174,90922,37,6638,0.11797113812468898,1.073007632916126
175,90885,37,6675,0.11862870548091277,1.0734444627826374
176,90848,37,6712,0.11928627283713657,1.0738816484677702
177,90811,37,6749,0.11994384019336035,1.0743191904064486
178,90774,37,6786,0.12060140754958414,1.074757089034305
179,90737,37,6823,0.12125897490580792,1.0751953447876832
180,90700,37,6860,0.1219165422620317,1.0756339581036383
181,90663,37,6897,0.12257410961825549,1.0760729294199398
182,90626,37,6934,0.12323167697447927,1.076512259175071
183,90589,37,6971,0.12388924433070306,1.0769519478082328
184,90552,37,7008,0.12454681168692686,1.0773919957593427
185,90515,37,7045,0.12520437904315063,1.0778324034690383
186,90478,37,7082,0.12586194639937442,1.0782731713786777
187,90441,37,7119,0.1265195137555982,1.0787142999303414
188,90404,37,7156,0.127177081111822,1.0791557895668333
189,90367,37,7193,0.1278346484680458,1.079597640731683
190,90330,37,7230,0.12849221582426956,1.0800398538691465
191,90293,37,7267,0.12914978318049336,1.080482429424208
192,90256,37,7304,0.12980735053671713,1.0809253678425812
193,90219,37,7341,0.13046491789294093,1.0813686695707112
194,90182,37,7378,0.1311224852491647,1.081812335055776
195,90145,37,7415,0.1317800526053885,1.0822563647456875
196,90108,37,7452,0.1324376199616123,1.0827007590890931
197,90071,37,7489,0.13309518731783607,1.0831455185353775
198,90034,37,7526,0.13375275467405986,1.0835906435346647
199,89997,37,7563,0.13441032203028364,1.084036134537818
200,89961,36,7599,0.1350501172957987,1.0844699369726882
201,89925,36,7635,0.1356899125613137,1.0849040867389492
202,89889,36,7671,0.13632970782682874,1.0853385842539132
203,89853,36,7707,0.1369695030923438,1.0857734299355615
204,89817,36,7743,0.13760929835785882,1.0862086242025453
205,89781,36,7779,0.13824909362337384,1.0866441674741871
206,89745,36,7815,0.1388888888888889,1.087080060170483
207,89709,36,7851,0.13952868415440392,1.0875163027121024
208,89673,36,7887,0.14016847941991895,1.0879528955203908
209,89637,36,7923,0.140808274685434,1.08838983901737
210,89601,36,7959,0.14144806995094902,1.0888271336257407
211,89565,36,7995,0.14208786521646408,1.089264779768883
212,89529,36,8031,0.1427276604819791,1.0897027778708575
213,89493,36,8067,0.14336745574749413,1.0901411283564078
214,89457,36,8103,0.14400725101300918,1.0905798316509607
215,89421,36,8139,0.1446470462785242,1.0910188881806286
216,89385,36,8175,0.14528684154403923,1.09145829837221
217,89349,36,8211,0.14592663680955428,1.0918980626531913
218,89313,36,8247,0.1465664320750693,1.0923381814517483
219,89277,36,8283,0.14720622734058433,1.092778655196747
220,89241,36,8319,0.1478460226060994,1.0932194843177463
221,89205,36,8355,0.1484858178716144,1.0936606692449975
222,89169,36,8391,0.14912561313712946,1.0941022104094473
223,89133,36,8427,0.1497654084026445,1.0945441082427383
224,89097,36,8463,0.15040520366815952,1.0949863631772114
225,89061,36,8499,0.15104499893367457,1.0954289756459057
226,89025,36,8535,0.1516847941991896,1.095871946082561
227,88989,36,8571,0.15232458946470462,1.0963152749216196
228,88953,36,8607,0.15296438473021967,1.0967589625982261
229,88917,36,8643,0.1536041799957347,1.0972030095482304
230,88881,36,8679,0.15424397526124972,1.0976474162081884
231,88845,36,8715,0.15488377052676477,1.0980921830153638
232,88809,36,8751,0.1555235657922798,1.098537310407729
233,88773,36,8787,0.15616336105779485,1.0989827988239667
234,88737,36,8823,0.15680315632330988,1.0994286487034721
235,88701,36,8859,0.1574429515888249,1.099874860486353
236,88665,36,8895,0.15808274685433996,1.1003214346134327
237,88629,36,8931,0.15872254211985498,1.10076837152625
238,88593,36,8967,0.15936233738537,1.1012156716670618
239,88557,36,9003,0.16000213265088506,1.101663335478844
240,88521,36,9039,0.16064192791640008,1.1021113634052937
241,88485,36,9075,0.1612817231819151,1.1025597558908289
242,88449,36,9111,0.16192151844743016,1.1030085133805922
243,88413,36,9147,0.1625613137129452,1.1034576363204507
244,88377,36,9183,0.1632011089784602,1.1039071251569978
245,88341,36,9219,0.16384090424397527,1.1043569803375557
246,88305,36,9255,0.1644806995094903,1.104807202310175
247,88269,36,9291,0.16512049477500534,1.105257791523638
248,88233,36,9327,0.16576029004052037,1.105708748427459
249,88197,36,9363,0.1664000853060354,1.1061600734718868
250,88161,36,9399,0.16703988057155045,1.1066117671079048
251,88125,36,9435,0.16767967583706547,1.107063829787234
252,88089,36,9471,0.1683194711025805,1.1075162619623335
253,88053,36,9507,0.16895926636809555,1.1079690640864026
254,88017,36,9543,0.16959906163361058,1.1084222366133816
255,87981,36,9579,0.1702388568991256,1.108875779997954
256,87945,36,9615,0.17087865216464065,1.1093296946955484
257,87909,36,9651,0.17151844743015568,1.1097839811623382
258,87873,36,9687,0.17215824269567073,1.1102386398552457
259,87837,36,9723,0.17279803796118576,1.110693671231941
260,87801,36,9759,0.17343783322670078,1.1111490757508458
261,87765,36,9795,0.17407762849221584,1.1116048538711332
262,87729,36,9831,0.17471742375773086,1.1120610060527305
263,87693,36,9867,0.17535721902324589,1.1125175327563204
264,87657,36,9903,0.17599701428876094,1.1129744344433417
265,87621,36,9939,0.17663680955427596,1.113431711575992
266,87585,36,9975,0.177276604819791,1.113889364617229
267,87549,36,10011,0.17791640008530604,1.1143473940307713
268,87513,36,10047,0.17855619535082107,1.114805800281101
269,87477,36,10083,0.1791959906163361,1.1152645838334647
270,87442,35,10118,0.1798180137911424,1.1157109855675762
271,87407,35,10153,0.18044003696594868,1.1161577448030477
272,87372,35,10188,0.18106206014075496,1.1166048619695097
273,87337,35,10223,0.18168408331556124,1.1170523374972807
274,87302,35,10258,0.18230610649036752,1.1175001718173696
275,87267,35,10293,0.1829281296651738,1.1179483653614768
276,87232,35,10328,0.1835501528399801,1.1183969185619955
277,87197,35,10363,0.1841721760147864,1.1188458318520134
278,87162,35,10398,0.18479419918959267,1.1192951056653129
279,87127,35,10433,0.18541622236439895,1.1197447404363745
280,87092,35,10468,0.18603824553920523,1.1201947366003766
281,87057,35,10503,0.1866602687140115,1.1206450945931976
282,87022,35,10538,0.1872822918888178,1.121095814851417
283,86987,35,10573,0.1879043150636241,1.1215468978123169
284,86952,35,10608,0.18852633823843037,1.1219983439138834
285,86917,35,10643,0.18914836141323665,1.1224501535948088
286,86882,35,10678,0.18977038458804293,1.1229023272944914
287,86847,35,10713,0.19039240776284921,1.123354865453038
288,86812,35,10748,0.1910144309376555,1.1238077685112657
289,86777,35,10783,0.1916364541124618,1.1242610369107022
290,86742,35,10818,0.19225847728726808,1.1247146710935878
291,86707,35,10853,0.19288050046207436,1.1251686715028775
292,86672,35,10888,0.19350252363688064,1.125623038582241
293,86637,35,10923,0.19412454681168692,1.1260777727760656
294,86602,35,10958,0.1947465699864932,1.1265328745294565
295,86567,35,10993,0.1953685931612995,1.1269883442882391
296,86532,35,11028,0.1959906163361058,1.1274441824989598
297,86497,35,11063,0.19661263951091207,1.1279003896088882
298,86462,35,11098,0.19723466268571835,1.1283569660660175
299,86427,35,11133,0.19785668586052463,1.128813912319067
300,86392,35,11168,0.1984787090353309,1.129271228817483
301,86357,35,11203,0.1991007322101372,1.129728916011441
302,86322,35,11238,0.1997227553849435,1.1301869743518453
303,86287,35,11273,0.20034477855974978,1.1306454042903333
304,86252,35,11308,0.20096680173455606,1.1311042062792747
305,86217,35,11343,0.20158882490936234,1.1315633807717735
306,86182,35,11378,0.20221084808416862,1.1320229282216705
307,86147,35,11413,0.2028328712589749,1.1324828490835432
308,86112,35,11448,0.2034548944337812,1.132943143812709
309,86077,35,11483,0.20407691760858748,1.1334038128652253
310,86042,35,11518,0.20469894078339376,1.1338648566978917
311,86007,35,11553,0.20532096395820004,1.1343262757682515
312,85972,35,11588,0.20594298713300632,1.1347880705345927
313,85937,35,11623,0.2065650103078126,1.1352502414559502
314,85902,35,11658,0.20718703348261888,1.1357127889921073
315,85867,35,11693,0.2078090566574252,1.1361757136035961
316,85832,35,11728,0.20843107983223147,1.136639015751701
317,85797,35,11763,0.20905310300703775,1.137102695898458
318,85762,35,11798,0.20967512618184403,1.137566754506658
319,85727,35,11833,0.2102971493566503,1.1380311920398474
320,85692,35,11868,0.2109191725314566,1.1384960089623302
321,85657,35,11903,0.2115411957062629,1.138961205739169
322,85622,35,11938,0.21216321888106918,1.139426782836187
323,85587,35,11973,0.21278524205587546,1.139892740719969
324,85552,35,12008,0.21340726523068174,1.1403590798578642
325,85517,35,12043,0.21402928840548802,1.140825800717986
326,85482,35,12078,0.2146513115802943,1.1412929037692146
327,85447,35,12113,0.2152733347551006,1.141760389481199
328,85412,35,12148,0.21589535792990688,1.1422282583243573
329,85377,35,12183,0.21651738110471316,1.1426965107698794
330,85342,35,12218,0.21713940427951944,1.1431651472897284
331,85307,35,12253,0.21776142745432572,1.1436341683566413
332,85272,35,12288,0.218383450629132,1.1441035744441317
333,85237,35,12323,0.21900547380393828,1.1445733660264907
334,85202,35,12358,0.2196274969787446,1.1450435435787891
335,85167,35,12393,0.22024952015355087,1.1455141075768784
336,85132,35,12428,0.22087154332835715,1.1459850584973923
337,85097,35,12463,0.22149356650316343,1.1464563968177492
338,85062,35,12498,0.2221155896779697,1.146928123016153
339,85027,35,12533,0.222737612852776,1.1474002375715948
340,84992,35,12568,0.2233596360275823,1.1478727409638554
341,84958,34,12602,0.2239638871116798,1.1483321170460699
342,84924,34,12636,0.22456813819577734,1.148791860958033
343,84890,34,12670,0.22517238927987487,1.1492519731417128
344,84856,34,12704,0.2257766403639724,1.149712454039785
345,84822,34,12738,0.22638089144806994,1.1501733040956357
346,84788,34,12772,0.22698514253216748,1.1506345237533613
347,84754,34,12806,0.227589393616265,1.151096113457772
348,84720,34,12840,0.22819364470036255,1.151558073654391
349,84686,34,12874,0.22879789578446008,1.1520204047894576
350,84652,34,12908,0.22940214686855762,1.1524831073099278
351,84618,34,12942,0.23000639795265515,1.1529461816634758
352,84584,34,12976,0.23061064903675269,1.1534096282984962
353,84550,34,13010,0.23121490012085022,1.1538734476641042
354,84516,34,13044,0.23181915120494775,1.1543376402101377
355,84482,34,13078,0.2324234022890453,1.1548022063871595
356,84448,34,13112,0.23302765337314282,1.155267146646457
357,84414,34,13146,0.23363190445724036,1.1557324614400455
358,84380,34,13180,0.2342361555413379,1.1561981512206685
359,84346,34,13214,0.23484040662543543,1.1566642164417993
360,84312,34,13248,0.23544465770953296,1.157130657557643
361,84278,34,13282,0.2360489087936305,1.1575974750231377
362,84244,34,13316,0.236653159877728,1.1580646692939556
363,84210,34,13350,0.23725741096182554,1.158532240826505
364,84176,34,13384,0.23786166204592307,1.1590001900779319
365,84142,34,13418,0.2384659131300206,1.1594685175061206
366,84108,34,13452,0.23907016421411814,1.159937223569696
367,84074,34,13486,0.23967441529821568,1.1604063087280254
368,84040,34,13520,0.2402786663823132,1.1608757734412185
369,84006,34,13554,0.24088291746641075,1.1613456181701307
370,83972,34,13588,0.24148716855050828,1.1618158433763635
371,83938,34,13622,0.24209141963460581,1.1622864495222665
372,83904,34,13656,0.24269567071870335,1.1627574370709381
373,83870,34,13690,0.24329992180280088,1.1632288064862286
374,83836,34,13724,0.24390417288689842,1.1637005582327402
375,83802,34,13758,0.24450842397099595,1.1641726927758287
376,83768,34,13792,0.2451126750550935,1.1646452105816063
377,83734,34,13826,0.24571692613919102,1.1651181121169418
378,83700,34,13860,0.24632117722328856,1.1655913978494623
379,83666,34,13894,0.2469254283073861,1.1660650682475557
380,83632,34,13928,0.24752967939148363,1.166539123780371
381,83598,34,13962,0.24813393047558116,1.167013564917821
382,83564,34,13996,0.24873818155967867,1.1674883921305825
383,83530,34,14030,0.2493424326437762,1.1679636058900993
384,83496,34,14064,0.24994668372787374,1.168439206668583
385,83462,34,14098,0.25055093481197127,1.1689151949390142
386,83428,34,14132,0.25115518589606883,1.169391571175145
387,83394,34,14166,0.25175943698016634,1.1698683358515
388,83360,34,14200,0.2523636880642639,1.170345489443378
389,83326,34,14234,0.2529679391483614,1.1708230324268536
390,83292,34,14268,0.25357219023245897,1.1713009652787782
391,83258,34,14302,0.2541764413165565,1.171779288476783
392,83224,34,14336,0.254780692400654,1.172258002499279
393,83190,34,14370,0.25538494348475155,1.1727371078254598
394,83156,34,14404,0.25598919456884905,1.1732166049353023
395,83122,34,14438,0.2565934456529466,1.1736964943095691
396,83088,34,14472,0.2571976967370441,1.1741767764298094
397,83054,34,14506,0.2578019478211417,1.174657451778361
398,83020,34,14540,0.2584061989052392,1.1751385208383522
399,82986,34,14574,0.25901044998933676,1.1756199840937025
400,82952,34,14608,0.25961470107343426,1.1761018420291254
401,82918,34,14642,0.2602189521575318,1.1765840951301285
402,82884,34,14676,0.26082320324162933,1.1770667438830171
403,82850,34,14710,0.2614274543257269,1.1775497887748945
404,82816,34,14744,0.2620317054098244,1.1780332302936631
405,82782,34,14778,0.26263595649392196,1.1785170689280278
406,82748,34,14812,0.26324020757801947,1.1790013051674966
407,82714,34,14846,0.26384445866211703,1.1794859395023818
408,82680,34,14880,0.26444870974621454,1.1799709724238026
409,82646,34,14914,0.2650529608303121,1.1804564044236865
410,82612,34,14948,0.2656572119144096,1.1809422359947708
411,82578,34,14982,0.26626146299850717,1.1814284676306037
412,82544,34,15016,0.2668657140826047,1.1819150998255477
413,82510,34,15050,0.2674699651667022,1.1824021330747787
414,82476,34,15084,0.26807421625079975,1.1828895678742908
415,82443,33,15117,0.2686606952441885,1.1833630508351225
416,82410,33,15150,0.2692471742375773,1.1838369129959956
417,82377,33,15183,0.2698336532309661,1.1843111548126297
418,82344,33,15216,0.27042013222435485,1.184785776741475
419,82311,33,15249,0.27100661121774366,1.1852607792397127
420,82278,33,15282,0.2715930902111324,1.1857361627652592
421,82245,33,15315,0.27217956920452124,1.1862119277767647
422,82212,33,15348,0.27276604819791,1.1866880747336155
423,82179,33,15381,0.27335252719129877,1.187164604095937
424,82146,33,15414,0.2739390061846876,1.1876415163245928
425,82113,33,15447,0.27452548517807634,1.188118811881188
426,82080,33,15480,0.2751119641714651,1.1885964912280702
427,82047,33,15513,0.2756984431648539,1.1890745548283301
428,82014,33,15546,0.2762849221582427,1.1895530031458044
429,81981,33,15579,0.2768714011516315,1.1900318366450764
430,81948,33,15612,0.27745788014502026,1.1905110557914775
431,81915,33,15645,0.278044359138409,1.1909906610510896
432,81882,33,15678,0.27863083813179784,1.1914706528907453
433,81849,33,15711,0.2792173171251866,1.1919510317780302
434,81816,33,15744,0.27980379611857537,1.1924317981812849
435,81783,33,15777,0.2803902751119642,1.192912952569605
436,81750,33,15810,0.28097675410535294,1.1933944954128441
437,81717,33,15843,0.28156323309874176,1.1938764271816147
438,81684,33,15876,0.2821497120921305,1.1943587483472895
439,81651,33,15909,0.2827361910855193,1.1948414593820038
440,81618,33,15942,0.2833226700789081,1.1953245607586562
441,81585,33,15975,0.28390914907229686,1.19580805295091
442,81552,33,16008,0.2844956280656856,1.196291936433196
443,81519,33,16041,0.28508210705907444,1.1967762116807126
444,81486,33,16074,0.2856685860524632,1.197260879169428
445,81453,33,16107,0.286255065045852,1.1977459393760819
446,81420,33,16140,0.2868415440392408,1.1982313927781871
447,81387,33,16173,0.28742802303262954,1.1987172398540307
448,81354,33,16206,0.28801450202601836,1.1992034810826757
449,81321,33,16239,0.2886009810194071,1.1996901169439629
450,81288,33,16272,0.2891874600127959,1.200177147918512
451,81255,33,16305,0.2897739390061847,1.2006645744877238
452,81222,33,16338,0.29036041799957346,1.2011523971337814
453,81189,33,16371,0.2909468969929623,1.201640616339652
454,81156,33,16404,0.29153337598635104,1.2021292325890878
455,81123,33,16437,0.2921198549797398,1.2026182463666284
456,81090,33,16470,0.2927063339731286,1.2031076581576026
457,81057,33,16503,0.2932928129665174,1.2035974684481292
458,81024,33,16536,0.29387929195990614,1.2040876777251184
459,80991,33,16569,0.29446577095329496,1.204578286476275
460,80958,33,16602,0.2950522499466837,1.2050692951900985
461,80925,33,16635,0.29563872894007254,1.2055607043558851
462,80892,33,16668,0.2962252079334613,1.2060525144637295
463,80859,33,16701,0.29681168692685006,1.2065447260045263
464,80826,33,16734,0.2973981659202389,1.2070373394699725
465,80793,33,16767,0.29798464491362764,1.2075303553525676
466,80760,33,16800,0.2985711239070164,1.2080237741456166
467,80727,33,16833,0.2991576029004052,1.2085175963432309
468,80694,33,16866,0.299744081893794,1.2090118224403301
469,80661,33,16899,0.3003305608871828,1.209506452932644
470,80628,33,16932,0.30091703988057156,1.2100014883167138
471,80595,33,16965,0.3015035188739603,1.210496929089894
472,80562,33,16998,0.30208999786734914,1.2109927757503538
473,80529,33,17031,0.3026764768607379,1.2114890287970792
474,80496,33,17064,0.30326295585412666,1.2119856887298748
475,80463,33,17097,0.3038494348475155,1.2124827560493643
476,80430,33,17130,0.30443591384090424,1.2129802312569937
477,80397,33,17163,0.305022392834293,1.213478114855032
478,80364,33,17196,0.3056088718276818,1.213976407346573
479,80331,33,17229,0.3061953508210706,1.214475109235538
480,80298,33,17262,0.3067818298144594,1.2149742210266756
481,80265,33,17295,0.30736830880784816,1.2154737432255653
482,80232,33,17328,0.3079547878012369,1.215973676338618
483,80199,33,17361,0.30854126679462573,1.2164740208730782
484,80166,33,17394,0.3091277457880145,1.2169747773370256
485,80133,33,17427,0.30971422478140326,1.217475946239377
486,80100,33,17460,0.3103007037747921,1.2179775280898877
487,80067,33,17493,0.31088718276818084,1.2184795233991532
488,80034,33,17526,0.31147366176156965,1.2189819326786115
489,80001,33,17559,0.3120601407549584,1.2194847564405444
490,79968,33,17592,0.3126466197483472,1.2199879951980792
491,79936,32,17624,0.31321532665102725,1.220476381104884
492,79904,32,17656,0.31378403355370726,1.2209651581898278
493,79872,32,17688,0.3143527404563873,1.2214543269230769
494,79840,32,17720,0.3149214473590673,1.221943887775551
495,79808,32,17752,0.31549015426174737,1.2224338412189255
496,79776,32,17784,0.3160588611644274,1.2229241877256318
497,79744,32,17816,0.3166275680671074,1.2234149277688604
498,79712,32,17848,0.3171962749697875,1.2239060618225612
499,79680,32,17880,0.3177649818724675,1.2243975903614457
500,79648,32,17912,0.3183336887751475,1.2248895138609883
501,79616,32,17944,0.3189023956778275,1.2253818327974277
502,79584,32,17976,0.3194711025805076,1.2258745476477684
503,79552,32,18008,0.3200398094831876,1.2263676588897827
504,79520,32,18040,0.3206085163858676,1.226861167002012
505,79488,32,18072,0.32117722328854764,1.227355072463768
506,79456,32,18104,0.3217459301912277,1.227849375755135
507,79424,32,18136,0.32231463709390773,1.2283440773569703
508,79392,32,18168,0.32288334399658775,1.228839177750907
509,79360,32,18200,0.32345205089926776,1.2293346774193548
510,79328,32,18232,0.32402075780194783,1.2298305768455022
511,79296,32,18264,0.32458946470462785,1.2303268765133173
512,79264,32,18296,0.32515817160730787,1.2308235769075495
513,79232,32,18328,0.32572687850998794,1.2313206785137318
514,79200,32,18360,0.32629558541266795,1.231818181818182
515,79168,32,18392,0.32686429231534797,1.2323160873080032
516,79136,32,18424,0.327432999218028,1.2328143954710877
517,79104,32,18456,0.32800170612070806,1.2333131067961165
518,79072,32,18488,0.3285704130233881,1.2338122217725618
519,79040,32,18520,0.3291391199260681,1.2343117408906883
520,79008,32,18552,0.3297078268287481,1.2348116646415552
521,78976,32,18584,0.3302765337314282,1.2353119935170178
522,78944,32,18616,0.3308452406341082,1.2358127280097284
523,78912,32,18648,0.3314139475367882,1.2363138686131387
524,78880,32,18680,0.3319826544394683,1.236815415821501
525,78848,32,18712,0.3325513613421483,1.23731737012987
526,78816,32,18744,0.3331200682448283,1.2378197320341047
527,78784,32,18776,0.33368877514750833,1.2383225020308692
528,78752,32,18808,0.3342574820501884,1.2388256806176352
529,78720,32,18840,0.3348261889528684,1.2393292682926829
530,78688,32,18872,0.33539489585554844,1.2398332655551036
531,78656,32,18904,0.33596360275822845,1.2403376729048006
532,78624,32,18936,0.3365323096609085,1.2408424908424909
533,78592,32,18968,0.33710101656358854,1.241347719869707
534,78560,32,19000,0.33766972346626856,1.2418533604887985
535,78528,32,19032,0.33823843036894863,1.242359413202934
536,78496,32,19064,0.33880713727162864,1.2428658785161026
537,78464,32,19096,0.33937584417430866,1.2433727569331159
538,78432,32,19128,0.3399445510769887,1.2438800489596082
539,78400,32,19160,0.34051325797966875,1.2443877551020408
540,78368,32,19192,0.34108196488234876,1.2448958758677011
541,78336,32,19224,0.3416506717850288,1.2454044117647058
542,78304,32,19256,0.3422193786877088,1.2459133633020025
543,78272,32,19288,0.34278808559038887,1.2464227309893705
544,78240,32,19320,0.3433567924930689,1.2469325153374233
545,78208,32,19352,0.3439254993957489,1.2474427168576105
546,78176,32,19384,0.344494206298429,1.2479533360622186
547,78144,32,19416,0.345062913201109,1.2484643734643734
548,78112,32,19448,0.345631620103789,1.2489758295780418
549,78080,32,19480,0.346200327006469,1.2494877049180328
550,78048,32,19512,0.3467690339091491,1.25
551,78016,32,19544,0.3473377408118291,1.250512715340443
552,77984,32,19576,0.3479064477145091,1.251025851456709
553,77952,32,19608,0.34847515461718914,1.251539408866995
554,77920,32,19640,0.3490438615198692,1.252053388090349
555,77888,32,19672,0.34961256842254923,1.252567789646672
556,77856,32,19704,0.35018127532522925,1.2530826140567202
557,77824,32,19736,0.3507499822279093,1.2535978618421053
558,77792,32,19768,0.35131868913058933,1.2541135335252982
559,77760,32,19800,0.35188739603326935,1.2546296296296295
560,77728,32,19832,0.35245610293594937,1.2551461506792918
561,77696,32,19864,0.35302480983862944,1.255663097199341
562,77664,32,19896,0.35359351674130945,1.2561804697156984
563,77632,32,19928,0.35416222364398947,1.2566982687551524
564,77600,32,19960,0.3547309305466695,1.2572164948453608
565,77568,32,19992,0.35529963744934956,1.2577351485148516
566,77536,32,20024,0.3558683443520296,1.258254230293025
567,77504,32,20056,0.3564370512547096,1.258773740710157
568,77472,32,20088,0.3570057581573896,1.2592936802973977
569,77441,31,20119,0.35755669296936093,1.259797781536912
570,77410,31,20150,0.3581076277813322,1.2603022865262885
571,77379,31,20181,0.3586585625933035,1.2608071957507851
572,77348,31,20212,0.35920949740527475,1.2613125096964368
573,77317,31,20243,0.359760432217246,1.2618182288500588
574,77286,31,20274,0.36031136702921734,1.262324353699247
575,77255,31,20305,0.3608623018411886,1.2628308847323797
576,77224,31,20336,0.3614132366531599,1.26333782243862
577,77193,31,20367,0.36196417146513116,1.2638451673079165
578,77162,31,20398,0.36251510627710243,1.2643529198310048
579,77131,31,20429,0.3630660410890737,1.26486108049941
580,77100,31,20460,0.363616975901045,1.2653696498054474
581,77069,31,20491,0.3641679107130163,1.2658786282422245
582,77038,31,20522,0.36471884552498757,1.2663880163036423
583,77007,31,20553,0.36526978033695884,1.2668978144843974
584,76976,31,20584,0.3658207151489301,1.2674080232799834
585,76945,31,20615,0.3663716499609014,1.2679186431866918
586,76914,31,20646,0.3669225847728727,1.2684296747016148
587,76883,31,20677,0.367473519584844,1.268941118322646
588,76852,31,20708,0.36802445439681525,1.2694529745484828
589,76821,31,20739,0.3685753892087865,1.2699652438786269
590,76790,31,20770,0.3691263240207578,1.2704779268133872
591,76759,31,20801,0.36967725883272906,1.2709910238538804
592,76728,31,20832,0.3702281936447004,1.2715045355020331
593,76697,31,20863,0.37077912845667166,1.272018462260584
594,76666,31,20894,0.37133006326864293,1.2725328046330837
595,76635,31,20925,0.3718809980806142,1.273047563123899
596,76604,31,20956,0.37243193289258547,1.2735627382382122
597,76573,31,20987,0.37298286770455674,1.2740783304820238
598,76542,31,21018,0.37353380251652807,1.274594340362154
599,76511,31,21049,0.37408473732849934,1.275110768386245
600,76480,31,21080,0.3746356721404706,1.2756276150627615
601,76449,31,21111,0.3751866069524419,1.2761448809009928
602,76418,31,21142,0.37573754176441315,1.276662566411055
603,76387,31,21173,0.3762884765763844,1.277180672103892
604,76356,31,21204,0.37683941138835575,1.2776991984912778
605,76325,31,21235,0.377390346200327,1.2782181460858173
606,76294,31,21266,0.3779412810122983,1.278737515400949
607,76263,31,21297,0.37849221582426956,1.279257306950946
608,76232,31,21328,0.37904315063624083,1.2797775212509181
609,76201,31,21359,0.3795940854482121,1.2802981588168134
610,76170,31,21390,0.38014502026018343,1.2808192201654194
611,76139,31,21421,0.3806959550721547,1.2813407058143658
612,76108,31,21452,0.381246889884126,1.2818626162821254
613,76077,31,21483,0.38179782469609724,1.2823849520880162
614,76046,31,21514,0.3823487595080685,1.2829077137522027
615,76015,31,21545,0.3828996943200398,1.2834309017956982
616,75984,31,21576,0.3834506291320111,1.2839545167403663
617,75953,31,21607,0.3840015639439824,1.2844785591089227
618,75922,31,21638,0.38455249875595365,1.2850030294249362
619,75891,31,21669,0.3851034335679249,1.2855279282128316
620,75860,31,21700,0.3856543683798962,1.2860532559978908
621,75829,31,21731,0.38620530319186747,1.286579013306255
622,75798,31,21762,0.3867562380038388,1.2871052006649253
623,75767,31,21793,0.38730717281581006,1.287631818601766
624,75736,31,21824,0.38785810762778133,1.2881588676455054
625,75705,31,21855,0.3884090424397526,1.288686348325738
626,75674,31,21886,0.3889599772517239,1.289214261172926
627,75643,31,21917,0.38951091206369515,1.289742606718401
628,75612,31,21948,0.3900618468756665,1.290271385494366
629,75581,31,21979,0.39061278168763774,1.2908005980338975
630,75550,31,22010,0.391163716499609,1.2913302448709465
631,75519,31,22041,0.3917146513115803,1.2918603265403408
632,75488,31,22072,0.39226558612355156,1.292390843577787
633,75457,31,22103,0.39281652093552283,1.2929217965198723
634,75426,31,22134,0.39336745574749415,1.293453185904065
635,75395,31,22165,0.3939183905594654,1.293985012268718
636,75364,31,22196,0.3944693253714367,1.2945172761530703
637,75333,31,22227,0.39502026018340797,1.2950499780972482
638,75302,31,22258,0.39557119499537924,1.295583118642267
639,75271,31,22289,0.3961221298073505,1.296116698330034
640,75240,31,22320,0.39667306461932184,1.2966507177033493
641,75209,31,22351,0.3972239994312931,1.2971851773059075
642,75178,31,22382,0.3977749342432644,1.2977200776823006
643,75147,31,22413,0.39832586905523565,1.2982554193780191
644,75116,31,22444,0.3988768038672069,1.2987912029394537
645,75085,31,22475,0.39942773867917825,1.2993274289138976
646,75054,31,22506,0.3999786734911495,1.2998640978495484
647,75023,31,22537,0.4005296083031208,1.3004012102955094
648,74992,31,22568,0.40108054311509206,1.3009387668017922
649,74962,30,22598,0.4016137058363546,1.3014594060990903
650,74932,30,22628,0.4021468685576171,1.3019804622858058
651,74902,30,22658,0.40268003127887964,1.302501935862861
652,74872,30,22688,0.40321319400014216,1.3030238273319799
653,74842,30,22718,0.4037463567214047,1.3035461371956922
654,74812,30,22748,0.4042795194426672,1.304068865957333
655,74782,30,22778,0.40481268216392974,1.3045920141210452
656,74752,30,22808,0.4053458448851923,1.3051155821917808
657,74722,30,22838,0.40587900760645484,1.3056395706753032
658,74692,30,22868,0.40641217032771737,1.3061639800781877
659,74662,30,22898,0.4069453330489799,1.3066888109078245
660,74632,30,22928,0.4074784957702424,1.3072140636724194
661,74602,30,22958,0.40801165849150495,1.307739738880995
662,74572,30,22988,0.4085448212127675,1.3082658370433944
663,74542,30,23018,0.40907798393403,1.3087923586702799
664,74512,30,23048,0.4096111466552925,1.3093193042731373
665,74482,30,23078,0.41014430937655505,1.309846674364276
666,74452,30,23108,0.4106774720978176,1.3103744694568313
667,74422,30,23138,0.4112106348190801,1.3109026900647658
668,74392,30,23168,0.4117437975403426,1.3114313367028714
669,74362,30,23198,0.41227696026160515,1.31196040988677
670,74332,30,23228,0.4128101229828677,1.3124899101329173
671,74302,30,23258,0.41334328570413026,1.3130198379586013
672,74272,30,23288,0.4138764484253928,1.3135501938819474
673,74242,30,23318,0.4144096111466553,1.3140809784219176
674,74212,30,23348,0.41494277386791784,1.314612192098313
675,74182,30,23378,0.41547593658918036,1.315143835431776
676,74152,30,23408,0.4160090993104429,1.315675908943791
677,74122,30,23438,0.4165422620317054,1.3162084131566876
678,74092,30,23468,0.41707542475296794,1.3167413485936403
679,74062,30,23498,0.41760858747423046,1.317274715778672
680,74032,30,23528,0.418141750195493,1.3178085152366543
681,74002,30,23558,0.4186749129167555,1.318342747493311
682,73972,30,23588,0.41920807563801804,1.3188774130752177
683,73942,30,23618,0.41974123835928057,1.319412512509805
684,73912,30,23648,0.4202744010805431,1.31994804632536
685,73882,30,23678,0.4208075638018056,1.3204840150510273
686,73852,30,23708,0.4213407265230682,1.321020419216812
687,73822,30,23738,0.4218738892443307,1.3215572593535803
688,73792,30,23768,0.42240705196559325,1.3220945359930616
689,73762,30,23798,0.4229402146868558,1.3226322496678506
690,73732,30,23828,0.4234733774081183,1.323170400911409
691,73702,30,23858,0.4240065401293808,1.3237089902580663
692,73672,30,23888,0.42453970285064335,1.3242480182430232
693,73642,30,23918,0.4250728655719059,1.324787485402352
694,73612,30,23948,0.4256060282931684,1.325327392272999
695,73582,30,23978,0.42613919101443093,1.3258677393927862
696,73552,30,24008,0.42667235373569345,1.3264085273004134
697,73522,30,24038,0.427205516456956,1.3269497565354589
698,73492,30,24068,0.4277386791782185,1.3274914276383825
699,73462,30,24098,0.42827184189948103,1.3280335411505269
700,73432,30,24128,0.42880500462074356,1.3285760976141192
701,73402,30,24158,0.42933816734200614,1.3291190975722733
702,73372,30,24188,0.42987133006326866,1.3296625415689909
703,73342,30,24218,0.4304044927845312,1.3302064301491643
704,73312,30,24248,0.4309376555057937,1.330750763858577
705,73282,30,24278,0.43147081822705624,1.331295543243907
706,73252,30,24308,0.43200398094831877,1.3318407688527276
707,73222,30,24338,0.4325371436695813,1.3323864412335091
708,73192,30,24368,0.4330703063908438,1.3329325609356213
709,73162,30,24398,0.43360346911210634,1.3334791285093355
710,73132,30,24428,0.43413663183336887,1.334026144505825
711,73102,30,24458,0.4346697945546314,1.334573609477169
712,73072,30,24488,0.4352029572758939,1.335121523976352
713,73042,30,24518,0.43573611999715645,1.3356698885572684
714,73012,30,24548,0.43626928271841897,1.336218703774722
715,72982,30,24578,0.4368024454396815,1.336767970184429
716,72952,30,24608,0.4373356081609441,1.33731768834302
717,72922,30,24638,0.4378687708822066,1.3378678588080415
718,72892,30,24668,0.43840193360346913,1.3384184821379574
719,72862,30,24698,0.43893509632473166,1.3389695588921522
720,72832,30,24728,0.4394682590459942,1.3395210896309315
721,72802,30,24758,0.4400014217672567,1.3400730749155243
722,72772,30,24788,0.44053458448851923,1.3406255153080855
723,72742,30,24818,0.44106774720978176,1.3411784113716971
724,72712,30,24848,0.4416009099310443,1.3417317636703707
725,72682,30,24878,0.4421340726523068,1.3422855727690488
726,72652,30,24908,0.44266723537356933,1.3428398392336067
727,72622,30,24938,0.44320039809483186,1.3433945636308557
728,72592,30,24968,0.4437335608160944,1.343949746528543
729,72562,30,24998,0.4442667235373569,1.3445053884953557
730,72532,30,25028,0.44479988625861944,1.345061490100921
731,72502,30,25058,0.445333048979882,1.3456180519158092
732,72472,30,25088,0.44586621170114454,1.3461750745115355
733,72443,29,25117,0.4463816023316983,1.3467139682232927
734,72414,29,25146,0.4468969929622521,1.3472532935620183
735,72385,29,25175,0.4474123835928059,1.3477930510464875
736,72356,29,25204,0.4479277742233596,1.3483332411963072
737,72327,29,25233,0.4484431648539134,1.3488738645319176
738,72298,29,25262,0.44895855548446717,1.349414921574594
739,72269,29,25291,0.44947394611502095,1.3499564128464487
740,72240,29,25320,0.44998933674557473,1.350498338870432
741,72211,29,25349,0.4505047273761285,1.3510407001703342
742,72182,29,25378,0.4510201180066823,1.3515834972707876
743,72153,29,25407,0.45153550863723607,1.3521267306972684
744,72124,29,25436,0.45205089926778985,1.3526704009760968
745,72095,29,25465,0.45256628989834363,1.3532145086344407
746,72066,29,25494,0.4530816805288974,1.3537590542003164
747,72037,29,25523,0.4535970711594512,1.3543040382025904
748,72008,29,25552,0.454112461790005,1.354849461170981
749,71979,29,25581,0.45462785242055875,1.3553953236360605
750,71950,29,25610,0.45514324305111253,1.3559416261292565
751,71921,29,25639,0.4556586336816663,1.3564883691828533
752,71892,29,25668,0.4561740243122201,1.357035553329995
753,71863,29,25697,0.4566894149427739,1.3575831791046853
754,71834,29,25726,0.45720480557332766,1.3581312470417908
755,71805,29,25755,0.45772019620388144,1.358679757677042
756,71776,29,25784,0.4582355868344352,1.3592287115470352
757,71747,29,25813,0.458750977464989,1.3597781091892345
758,71718,29,25842,0.4592663680955428,1.3603279511419728
759,71689,29,25871,0.45978175872609656,1.3608782379444546
760,71660,29,25900,0.46029714935665034,1.361428970136757
761,71631,29,25929,0.4608125399872041,1.3619801482598317
762,71602,29,25958,0.4613279306177579,1.3625317728555069
763,71573,29,25987,0.4618433212483117,1.3630838444664888
764,71544,29,26016,0.4623587118788654,1.3636363636363635
765,71515,29,26045,0.4628741025094192,1.3641893309095994
766,71486,29,26074,0.46338949313997296,1.3647427468315474
767,71457,29,26103,0.46390488377052674,1.3652966119484444
768,71428,29,26132,0.4644202744010805,1.3658509268074144
769,71399,29,26161,0.4649356650316343,1.36640569195647
770,71370,29,26190,0.4654510556621881,1.3669609079445144
771,71341,29,26219,0.46596644629274186,1.367516575321344
772,71312,29,26248,0.46648183692329565,1.3680726946376487
773,71283,29,26277,0.4669972275538494,1.368629266445015
774,71254,29,26306,0.4675126181844032,1.3691862912959272
775,71225,29,26335,0.468028008814957,1.3697437697437698
776,71196,29,26364,0.46854339944551077,1.3703017023428283
777,71167,29,26393,0.46905879007606455,1.370860089648292
778,71138,29,26422,0.4695741807066183,1.3714189322162558
779,71109,29,26451,0.4700895713371721,1.3719782306037211
780,71080,29,26480,0.4706049619677259,1.3725379853685988
781,71051,29,26509,0.47112035259827967,1.3730981970697105
782,71022,29,26538,0.47163574322883345,1.3736588662667906
783,70993,29,26567,0.47215113385938723,1.374219993520488
784,70964,29,26596,0.472666524489941,1.374781579392368
785,70935,29,26625,0.4731819151204948,1.3753436244449144
786,70906,29,26654,0.47369730575104857,1.375906129241531
787,70877,29,26683,0.47421269638160235,1.376469094346544
788,70848,29,26712,0.47472808701215613,1.3770325203252032
789,70819,29,26741,0.4752434776427099,1.3775964077436846
790,70790,29,26770,0.4757588682732637,1.3781607571690917
791,70761,29,26799,0.47627425890381747,1.3787255691694578
792,70732,29,26828,0.4767896495343712,1.3792908443137477
793,70703,29,26857,0.477305040164925,1.3798565831718597
794,70674,29,26886,0.47782043079547876,1.3804227863146277
795,70645,29,26915,0.47833582142603254,1.3809894543138226
796,70616,29,26944,0.4788512120565863,1.3815565877421547
797,70587,29,26973,0.4793666026871401,1.3821241871732755
798,70558,29,27002,0.4798819933176939,1.3826922531817796
799,70529,29,27031,0.48039738394824766,1.3832607863432063
800,70500,29,27060,0.48091277457880144,1.3838297872340426
801,70471,29,27089,0.4814281652093552,1.3843992564317238
802,70442,29,27118,0.481943555839909,1.384969194514636
803,70413,29,27147,0.4824589464704628,1.3855396020621191
804,70384,29,27176,0.48297433710101656,1.386110479654467
805,70355,29,27205,0.48348972773157034,1.38668182787293
806,70326,29,27234,0.4840051183621241,1.3872536472997186
807,70297,29,27263,0.4845205089926779,1.3878259385180023
808,70268,29,27292,0.4850358996232317,1.3883987021119144
809,70239,29,27321,0.48555129025378546,1.3889719386665527
810,70210,29,27350,0.48606668088433924,1.3895456487679818
811,70181,29,27379,0.486582071514893,1.3901198330032345
812,70152,29,27408,0.4870974621454468,1.3906944919603148
813,70123,29,27437,0.4876128527760006,1.391269626228199
814,70094,29,27466,0.48812824340655436,1.3918452363968385
815,70065,29,27495,0.48864363403710814,1.3924213230571612
816,70036,29,27524,0.4891590246676619,1.3929978868010737
817,70007,29,27553,0.4896744152982157,1.3935749282214636
818,69978,29,27582,0.4901898059287695,1.394152447912201
819,69950,28,27610,0.49068742446861446,1.394710507505361
820,69922,28,27638,0.4911850430084595,1.3952690140442208
821,69894,28,27666,0.49168266154830453,1.3958279680659285
822,69866,28,27694,0.49218028008814957,1.3963873701084935
823,69838,28,27722,0.4926778986279946,1.3969472207107878
824,69810,28,27750,0.49317551716783964,1.3975075204125484
825,69782,28,27778,0.4936731357076847,1.3980682697543778
826,69754,28,27806,0.49417075424752965,1.3986294692777475
827,69726,28,27834,0.4946683727873747,1.3991911195249978
828,69698,28,27862,0.4951659913272197,1.399753221039341
829,69670,28,27890,0.49566360986706476,1.4003157743648629
830,69642,28,27918,0.4961612284069098,1.4008787800465237
831,69614,28,27946,0.49665884694675483,1.4014422386301606
832,69586,28,27974,0.49715646548659986,1.4020061506624897
833,69558,28,28002,0.4976540840264449,1.4025705166911067
834,69530,28,28030,0.4981517025662899,1.4031353372644901
835,69502,28,28058,0.4986493211061349,1.403700612932002
836,69474,28,28086,0.49914693964597995,1.4042663442438899
837,69446,28,28114,0.499644558185825,1.4048325317512889
838,69418,28,28142,0.50014217672567,1.4053991760062232
839,69390,28,28170,0.500639795265515,1.4059662775616082
840,69362,28,28198,0.50113741380536,1.4065338369712523
841,69334,28,28226,0.5016350323452051,1.4071018547898577
842,69306,28,28254,0.5021326508850501,1.407670331573024
843,69278,28,28282,0.5026302694248952,1.4082392678772482
844,69250,28,28310,0.5031278879647402,1.4088086642599278
845,69222,28,28338,0.5036255065045852,1.4093785212793621
846,69194,28,28366,0.5041231250444302,1.409948839494754
847,69166,28,28394,0.5046207435842752,1.4105196194662117
848,69138,28,28422,0.5051183621241203,1.4110908617547513
849,69110,28,28450,0.5056159806639653,1.4116625669222977
850,69082,28,28478,0.5061135992038104,1.4122347355316869
851,69054,28,28506,0.5066112177436554,1.4128073681466677
852,69026,28,28534,0.5071088362835003,1.413380465331904
853,68998,28,28562,0.5076064548233454,1.4139540276529754
854,68970,28,28590,0.5081040733631904,1.414528055676381
855,68942,28,28618,0.5086016919030355,1.4151025499695395
856,68914,28,28646,0.5090993104428805,1.4156775111007922
857,68886,28,28674,0.5095969289827256,1.4162529396394041
858,68858,28,28702,0.5100945475225706,1.4168288361555665
859,68830,28,28730,0.5105921660624155,1.4174052012203981
860,68802,28,28758,0.5110897846022606,1.4179820354059476
861,68774,28,28786,0.5115874031421056,1.418559339285195
862,68746,28,28814,0.5120850216819507,1.4191371134320543
863,68718,28,28842,0.5125826402217957,1.4197153584213744
864,68690,28,28870,0.5130802587616408,1.4202940748289417
865,68662,28,28898,0.5135778773014857,1.4208732632314818
866,68634,28,28926,0.5140754958413307,1.4214529242066614
867,68606,28,28954,0.5145731143811758,1.4220330583330905
868,68578,28,28982,0.5150707329210208,1.4226136661903235
869,68550,28,29010,0.5155683514608659,1.423194748358862
870,68522,28,29038,0.5160659700007109,1.423776305420157
871,68494,28,29066,0.516563588540556,1.4243583379566094
872,68466,28,29094,0.5170612070804009,1.424940846551573
873,68438,28,29122,0.5175588256202459,1.4255238317893568
874,68410,28,29150,0.518056444160091,1.4261072942552258
875,68382,28,29178,0.518554062699936,1.4266912345354041
876,68354,28,29206,0.5190516812397811,1.4272756532170758
877,68326,28,29234,0.519549299779626,1.427860550888388
878,68298,28,29262,0.5200469183194711,1.428445928138452
879,68270,28,29290,0.5205445368593161,1.4290317855573458
880,68242,28,29318,0.5210421553991612,1.4296181237361156
881,68214,28,29346,0.5215397739390062,1.430204943266778
882,68186,28,29374,0.5220373924788512,1.4307922447423225
883,68158,28,29402,0.5225350110186963,1.4313800287567124
884,68130,28,29430,0.5230326295585412,1.4319682959048876
885,68102,28,29458,0.5235302480983863,1.432557046782767
886,68074,28,29486,0.5240278666382313,1.4331462819872491
887,68046,28,29514,0.5245254851780764,1.4337360021162155
888,68018,28,29542,0.5250231037179214,1.434326207768532
889,67990,28,29570,0.5255207222577664,1.4349168995440507
890,67962,28,29598,0.5260183407976115,1.4355080780436127
891,67934,28,29626,0.5265159593374564,1.4360997438690493
892,67906,28,29654,0.5270135778773015,1.436691897623185
893,67878,28,29682,0.5275111964171465,1.4372845399098382
894,67850,28,29710,0.5280088149569916,1.4378776713338246
895,67822,28,29738,0.5285064334968366,1.4384712925009584
896,67794,28,29766,0.5290040520366815,1.4390654040180546
897,67766,28,29794,0.5295016705765266,1.4396600064929315
898,67738,28,29822,0.5299992891163716,1.440255100534412
899,67710,28,29850,0.5304969076562167,1.440850686752326
900,67682,28,29878,0.5309945261960617,1.4414467657575132
901,67654,28,29906,0.5314921447359068,1.4420433381618234
902,67626,28,29934,0.5319897632757518,1.442640404578121
903,67598,28,29962,0.5324873818155967,1.4432379656202847
904,67570,28,29990,0.5329850003554418,1.4438360219032116
905,67542,28,30018,0.5334826188952868,1.4444345740428177
906,67514,28,30046,0.5339802374351319,1.4450336226560416
907,67486,28,30074,0.5344778559749769,1.4456331683608452
908,67459,27,30101,0.5349577024241132,1.4462117730769801
909,67432,27,30128,0.5354375488732495,1.4467908411436707
910,67405,27,30155,0.5359173953223857,1.4473703731177212
911,67378,27,30182,0.536397241771522,1.4479503695568285
912,67351,27,30209,0.5368770882206583,1.448530831019584
913,67324,27,30236,0.5373569346697945,1.4491117580654744
914,67297,27,30263,0.5378367811189309,1.449693151254885
915,67270,27,30290,0.5383166275680671,1.4502750111491007
916,67243,27,30317,0.5387964740172034,1.4508573383103074
917,67216,27,30344,0.5392763204663397,1.451440133301595
918,67189,27,30371,0.5397561669154759,1.4520233966869578
919,67162,27,30398,0.5402360133646122,1.4526071290312974
920,67135,27,30425,0.5407158598137485,1.4531913309004245
921,67108,27,30452,0.5411957062628847,1.4537760028610598
922,67081,27,30479,0.5416755527120211,1.4543611454808365
923,67054,27,30506,0.5421553991611573,1.4549467593283025
924,67027,27,30533,0.5426352456102936,1.4555328449729215
925,67000,27,30560,0.5431150920594299,1.4561194029850746
926,66973,27,30587,0.5435949385085661,1.4567064339360638
927,66946,27,30614,0.5440747849577025,1.4572939383981118
928,66919,27,30641,0.5445546314068387,1.4578819169443655
929,66892,27,30668,0.545034477855975,1.4584703701488968
930,66865,27,30695,0.5455143243051113,1.4590592985867046
931,66838,27,30722,0.5459941707542475,1.4596487028337173
932,66811,27,30749,0.5464740172033838,1.4602385834667944
933,66784,27,30776,0.5469538636525201,1.4608289410637278
934,66757,27,30803,0.5474337101016563,1.4614197762032446
935,66730,27,30830,0.5479135565507927,1.4620110894650082
936,66703,27,30857,0.5483934029999289,1.4626028814296208
937,66676,27,30884,0.5488732494490652,1.463195152678625
938,66649,27,30911,0.5493530958982015,1.4637879037945056
939,66622,27,30938,0.5498329423473377,1.4643811353606917
940,66595,27,30965,0.550312788796474,1.4649748479615587
941,66568,27,30992,0.5507926352456103,1.46556904218243
942,66541,27,31019,0.5512724816947465,1.466163718609579
943,66514,27,31046,0.5517523281438829,1.4667588778302312
944,66487,27,31073,0.5522321745930191,1.4673545204325658
945,66460,27,31100,0.5527120210421554,1.4679506470057178
946,66433,27,31127,0.5531918674912917,1.4685472581397798
947,66406,27,31154,0.5536717139404279,1.469144354425805
948,66379,27,31181,0.5541515603895643,1.4697419364558069
949,66352,27,31208,0.5546314068387005,1.4703400048227635
950,66325,27,31235,0.5551112532878367,1.4709385601206182
951,66298,27,31262,0.5555910997369731,1.471537602944282
952,66271,27,31289,0.5560709461861093,1.472137133889635
953,66244,27,31316,0.5565507926352457,1.4727371535535294
954,66217,27,31343,0.5570306390843819,1.4733376625337904
955,66190,27,31370,0.5575104855335181,1.473938661429219
956,66163,27,31397,0.5579903319826545,1.4745401508395932
957,66136,27,31424,0.5584701784317907,1.4751421313656707
958,66109,27,31451,0.558950024880927,1.4757446036091908
959,66082,27,31478,0.5594298713300633,1.4763475681728762
960,66055,27,31505,0.5599097177791995,1.4769510256604346
961,66028,27,31532,0.5603895642283359,1.4775549766765614
962,66001,27,31559,0.5608694106774721,1.478159421826942
963,65974,27,31586,0.5613492571266083,1.4787643617182527
964,65947,27,31613,0.5618291035757447,1.4793697969581634
965,65920,27,31640,0.5623089500248809,1.4799757281553398
966,65893,27,31667,0.5627887964740172,1.4805821559194452
967,65866,27,31694,0.5632686429231535,1.4811890808611423
968,65839,27,31721,0.5637484893722897,1.481796503592096
969,65812,27,31748,0.5642283358214261,1.4824044247249741
970,65785,27,31775,0.5647081822705623,1.4830128448734514
971,65758,27,31802,0.5651880287196985,1.4836217646522096
972,65731,27,31829,0.5656678751688349,1.484231184676941
973,65704,27,31856,0.5661477216179711,1.4848411055643491
974,65677,27,31883,0.5666275680671075,1.4854515279321527
975,65650,27,31910,0.5671074145162437,1.486062452399086
976,65623,27,31937,0.5675872609653799,1.4866738795849017
977,65596,27,31964,0.5680671074145163,1.4872858101103725
978,65569,27,31991,0.5685469538636525,1.4878982445972944
979,65542,27,32018,0.5690268003127888,1.4885111836684874
980,65515,27,32045,0.5695066467619251,1.4891246279477983
981,65488,27,32072,0.5699864932110613,1.4897385780601027
982,65461,27,32099,0.5704663396601977,1.4903530346313072
983,65434,27,32126,0.5709461861093339,1.4909679982883517
984,65407,27,32153,0.5714260325584701,1.4915834696592107
985,65380,27,32180,0.5719058790076065,1.492199449372897
986,65353,27,32207,0.5723857254567427,1.4928159380594617
987,65326,27,32234,0.5728655719058791,1.4934329363499985
988,65299,27,32261,0.5733454183550153,1.4940504448766443
989,65272,27,32288,0.5738252648041515,1.4946684642725825
990,65245,27,32315,0.5743051112532879,1.4952869951720438
991,65218,27,32342,0.5747849577024241,1.49590603821031
992,65191,27,32369,0.5752648041515603,1.496525594023715
993,65164,27,32396,0.5757446506006967,1.4971456632496472
994,65137,27,32423,0.5762244970498329,1.4977662465265518
995,65110,27,32450,0.5767043434989693,1.4983873444939333
996,65083,27,32477,0.5771841899481055,1.4990089577923575
997,65056,27,32504,0.5776640363972417,1.499631087063453
998,65029,27,32531,0.5781438828463781,1.5002537329499146
999,65002,27,32558,0.5786237292955143,1.5008768960955048
1000,64975,27,32585,0.5791035757446507,1.5015005771450558
1001,64949,26,32611,0.5795656501030781,1.5021016489861276
1002,64923,26,32637,0.5800277244615056,1.5027032022549789
1003,64897,26,32663,0.5804897988199331,1.5033052375302403
1004,64871,26,32689,0.5809518731783607,1.5039077553914693
1005,64845,26,32715,0.5814139475367882,1.5045107564191533
1006,64819,26,32741,0.5818760218952157,1.5051142411947114
1007,64793,26,32767,0.5823380962536433,1.5057182103004954
1008,64767,26,32793,0.5828001706120708,1.5063226643197924
1009,64741,26,32819,0.5832622449704983,1.5069276038368267
1010,64715,26,32845,0.5837243193289259,1.5075330294367613
1011,64689,26,32871,0.5841863936873534,1.5081389417056996
1012,64663,26,32897,0.5846484680457809,1.5087453412306884
1013,64637,26,32923,0.5851105424042085,1.5093522285997185
1014,64611,26,32949,0.585572616762636,1.5099596044017272
1015,64585,26,32975,0.5860346911210634,1.5105674692266007
1016,64559,26,33001,0.586496765479491,1.5111758236651744
1017,64533,26,33027,0.5869588398379185,1.511784668309237
1018,64507,26,33053,0.587420914196346,1.5123940037515309
1019,64481,26,33079,0.5878829885547736,1.513003830585754
1020,64455,26,33105,0.5883450629132011,1.5136141494065627
1021,64429,26,33131,0.5888071372716286,1.5142249608095733
1022,64403,26,33157,0.5892692116300562,1.5148362653913638
1023,64377,26,33183,0.5897312859884837,1.5154480637494758
1024,64351,26,33209,0.5901933603469112,1.5160603564824167
1025,64325,26,33235,0.5906554347053388,1.516673144189662
1026,64299,26,33261,0.5911175090637663,1.5172864274716558
1027,64273,26,33287,0.5915795834221937,1.517900206929815
1028,64247,26,33313,0.5920416577806213,1.5185144831665291
1029,64221,26,33339,0.5925037321390488,1.5191292567851638
1030,64195,26,33365,0.5929658064974763,1.5197445283900615
1031,64169,26,33391,0.5934278808559039,1.520360298586545
1032,64143,26,33417,0.5938899552143314,1.5209765679809177
1033,64117,26,33443,0.5943520295727589,1.5215933371804669
1034,64091,26,33469,0.5948141039311865,1.5222106067934655
1035,64065,26,33495,0.595276178289614,1.5228283774291735
1036,64039,26,33521,0.5957382526480415,1.5234466496978403
1037,64013,26,33547,0.5962003270064691,1.5240654242107072
1038,63987,26,33573,0.5966624013648966,1.5246847015800085
1039,63961,26,33599,0.597124475723324,1.525304482418974
1040,63935,26,33625,0.5975865500817517,1.5259247673418315
1041,63909,26,33651,0.5980486244401791,1.526545556963808
1042,63883,26,33677,0.5985106987986066,1.5271668519011317
1043,63857,26,33703,0.5989727731570342,1.5277886527710354
1044,63831,26,33729,0.5994348475154617,1.5284109601917564
1045,63805,26,33755,0.5998969218738892,1.5290337747825407
1046,63779,26,33781,0.6003589962323168,1.5296570971636432
1047,63753,26,33807,0.6008210705907443,1.5302809279563314
1048,63727,26,33833,0.6012831449491718,1.5309052677828863
1049,63701,26,33859,0.6017452193075994,1.531530117266605
1050,63675,26,33885,0.6022072936660269,1.5321554770318022
1051,63649,26,33911,0.6026693680244544,1.532781347703813
1052,63623,26,33937,0.603131442382882,1.5334077299089952
1053,63597,26,33963,0.6035935167413095,1.53403462427473
1054,63571,26,33989,0.6040555910997369,1.5346620314294255
1055,63545,26,34015,0.6045176654581645,1.5352899520025178
1056,63519,26,34041,0.604979739816592,1.5359183866244746
1057,63493,26,34067,0.6054418141750195,1.5365473359267952
1058,63467,26,34093,0.6059038885334471,1.5371768005420139
1059,63441,26,34119,0.6063659628918746,1.5378067811037026
1060,63415,26,34145,0.6068280372503021,1.5384372782464717
1061,63389,26,34171,0.6072901116087297,1.5390682926059727
1062,63363,26,34197,0.6077521859671572,1.5396998248189007
1063,63337,26,34223,0.6082142603255847,1.540331875522996
1064,63311,26,34249,0.6086763346840123,1.540964445357047
1065,63285,26,34275,0.6091384090424398,1.5415975349608912
1066,63259,26,34301,0.6096004834008673,1.5422311449754185
1067,63233,26,34327,0.6100625577592949,1.5428652760425727
1068,63207,26,34353,0.6105246321177223,1.543499928805354
1069,63181,26,34379,0.6109867064761498,1.5441351039078204
1070,63155,26,34405,0.6114487808345774,1.5447708019950914
1071,63129,26,34431,0.6119108551930049,1.5454070237133488
1072,63103,26,34457,0.6123729295514324,1.5460437697098395
1073,63077,26,34483,0.61283500390986,1.5466810406328773
1074,63051,26,34509,0.6132970782682875,1.5473188371318456
1075,63025,26,34535,0.613759152626715,1.5479571598571995
1076,62999,26,34561,0.6142212269851426,1.5485960094604676
1077,62973,26,34587,0.6146833013435701,1.5492353865942547
1078,62947,26,34613,0.6151453757019976,1.5498752919122436
1079,62921,26,34639,0.615607450060425,1.550515726069198
1080,62895,26,34665,0.6160695244188527,1.5511566897209634
1081,62869,26,34691,0.6165315987772801,1.5517981835244716
1082,62843,26,34717,0.6169936731357076,1.55244020813774
1083,62817,26,34743,0.6174557474941352,1.5530827642198768
1084,62791,26,34769,0.6179178218525627,1.5537258524310809
1085,62765,26,34795,0.6183798962109902,1.5543694734326456
1086,62739,26,34821,0.6188419705694178,1.5550136278869602
1087,62713,26,34847,0.6193040449278453,1.5556583164575128
1088,62687,26,34873,0.6197661192862728,1.5563035398088918
1089,62661,26,34899,0.6202281936447004,1.556949298606789
1090,62635,26,34925,0.6206902680031279,1.557595593518001
1091,62609,26,34951,0.6211523423615554,1.558242425210433
1092,62583,26,34977,0.621614416719983,1.558889794353099
1093,62557,26,35003,0.6220764910784105,1.559537701616126
1094,62531,26,35029,0.6225385654368379,1.5601861476707553
1095,62505,26,35055,0.6230006397952655,1.5608351331893449
1096,62479,26,35081,0.623462714153693,1.5614846588453721
1097,62454,25,35106,0.6239070164214118,1.562109712748583
1098,62429,25,35131,0.6243513186891306,1.5627352672636114
1099,62404,25,35156,0.6247956209568494,1.563361322992116
1100,62379,25,35181,0.6252399232245681,1.563987880536719
1101,62354,25,35206,0.6256842254922869,1.5646149405010104
1102,62329,25,35231,0.6261285277600057,1.5652425034895474
1103,62304,25,35256,0.6265728300277245,1.5658705701078584
1104,62279,25,35281,0.6270171322954432,1.5664991409624431
1105,62254,25,35306,0.6274614345631621,1.5671282166607767
1106,62229,25,35331,0.6279057368308808,1.5677577978113098
1107,62204,25,35356,0.6283500390985995,1.5683878850234712
1108,62179,25,35381,0.6287943413663183,1.5690184789076698
1109,62154,25,35406,0.6292386436340371,1.5696495800752968
1110,62129,25,35431,0.6296829459017559,1.5702811891387274
1111,62104,25,35456,0.6301272481694746,1.570913306711323
1112,62079,25,35481,0.6305715504371935,1.5715459334074324
1113,62054,25,35506,0.6310158527049122,1.5721790698423954
1114,62029,25,35531,0.631460154972631,1.5728127166325427
1115,62004,25,35556,0.6319044572403497,1.5734468743952004
1116,61979,25,35581,0.6323487595080686,1.574081543748689
1117,61954,25,35606,0.6327930617757873,1.5747167253123284
1118,61929,25,35631,0.6332373640435061,1.575352419706438
1119,61904,25,35656,0.6336816663112248,1.5759886275523391
1120,61879,25,35681,0.6341259685789437,1.5766253494723574
1121,61854,25,35706,0.6345702708466624,1.5772625860898244
1122,61829,25,35731,0.6350145731143811,1.5779003380290801
1123,61804,25,35756,0.6354588753821,1.5785386059154747
1124,61779,25,35781,0.6359031776498187,1.5791773903753703
1125,61754,25,35806,0.6363474799175375,1.5798166920361434
1126,61729,25,35831,0.6367917821852562,1.580456511526187
1127,61704,25,35856,0.6372360844529751,1.5810968494749125
1128,61679,25,35881,0.6376803867206938,1.5817377065127516
1129,61654,25,35906,0.6381246889884126,1.5823790832711584
1130,61629,25,35931,0.6385689912561314,1.583020980382612
1131,61604,25,35956,0.6390132935238502,1.583663398480618
1132,61579,25,35981,0.6394575957915689,1.584306338199711
1133,61554,25,36006,0.6399018980592877,1.5849498001754556
1134,61529,25,36031,0.6403462003270065,1.5855937850444506
1135,61504,25,36056,0.6407905025947253,1.5862382934443289
1136,61479,25,36081,0.641234804862444,1.5868833260137607
1137,61454,25,36106,0.6416791071301627,1.5875288833924561
1138,61429,25,36131,0.6421234093978816,1.588174966221166
1139,61404,25,36156,0.6425677116656003,1.5888215751416845
1140,61379,25,36181,0.6430120139333191,1.5894687107968524
1141,61354,25,36206,0.6434563162010379,1.590116373830557
1142,61329,25,36231,0.6439006184687567,1.5907645648877367
1143,61304,25,36256,0.6443449207364754,1.5914132846143807
1144,61279,25,36281,0.6447892230041942,1.5920625336575336
1145,61254,25,36306,0.645233525271913,1.5927123126652953
1146,61229,25,36331,0.6456778275396318,1.593362622286825
1147,61204,25,36356,0.6461221298073505,1.5940134631723417
1148,61179,25,36381,0.6465664320750694,1.5946648359731281
1149,61154,25,36406,0.6470107343427881,1.5953167413415312
1150,61129,25,36431,0.6474550366105069,1.5959691799309657
1151,61104,25,36456,0.6478993388782256,1.5966221523959152
1152,61079,25,36481,0.6483436411459444,1.597275659391935
1153,61054,25,36506,0.6487879434136632,1.5979297015756544
1154,61029,25,36531,0.6492322456813819,1.598584279604778
1155,61004,25,36556,0.6496765479491007,1.5992393941380894
1156,60979,25,36581,0.6501208502168195,1.5998950458354515
1157,60954,25,36606,0.6505651524845383,1.6005512353578109
1158,60929,25,36631,0.651009454752257,1.6012079633671978
1159,60904,25,36656,0.6514537570199759,1.6018652305267307
1160,60879,25,36681,0.6518980592876946,1.6025230375006159
1161,60854,25,36706,0.6523423615554134,1.6031813849541525
1162,60829,25,36731,0.6527866638231321,1.6038402735537325
1163,60804,25,36756,0.653230966090851,1.6044997039668443
1164,60779,25,36781,0.6536752683585697,1.6051596768620742
1165,60754,25,36806,0.6541195706262884,1.605820192909109
1166,60729,25,36831,0.6545638728940073,1.6064812527787384
1167,60704,25,36856,0.655008175161726,1.6071428571428572
1168,60679,25,36881,0.6554524774294448,1.6078050066744674
1169,60654,25,36906,0.6558967796971635,1.6084677020476803
1170,60629,25,36931,0.6563410819648824,1.6091309439377195
1171,60604,25,36956,0.6567853842326011,1.6097947330209228
1172,60579,25,36981,0.6572296865003199,1.6104590699747436
1173,60554,25,37006,0.6576739887680386,1.6111239554777554
1174,60529,25,37031,0.6581182910357575,1.6117893902096516
1175,60504,25,37056,0.6585625933034762,1.6124553748512496
1176,60479,25,37081,0.659006895571195,1.6131219100844922
1177,60454,25,37106,0.6594511978389138,1.6137889965924506
1178,60429,25,37131,0.6598955001066326,1.614456635059326
1179,60404,25,37156,0.6603398023743513,1.6151248261704523
1180,60379,25,37181,0.66078410464207,1.615793570612299
1181,60354,25,37206,0.6612284069097889,1.6164628690724725
1182,60329,25,37231,0.6616727091775076,1.617132722239719
1183,60304,25,37256,0.6621170114452264,1.6178031308039267
1184,60279,25,37281,0.6625613137129452,1.618474095456129
1185,60254,25,37306,0.663005615980664,1.6191456168885052
1186,60229,25,37331,0.6634499182483827,1.6198176957943848
1187,60204,25,37356,0.6638942205161015,1.620490332868248
1188,60179,25,37381,0.6643385227838203,1.6211635288057296
1189,60154,25,37406,0.6647828250515391,1.6218372843036206
1190,60129,25,37431,0.6652271273192578,1.6225116000598714
1191,60104,25,37456,0.6656714295869766,1.6231864767735924
1192,60079,25,37481,0.6661157318546954,1.623861915145059
1193,60054,25,37506,0.6665600341224142,1.6245379158757118
1194,60029,25,37531,0.6670043363901329,1.6252144796681605
1195,60004,25,37556,0.6674486386578518,1.6258916072261849
1196,59979,25,37581,0.6678929409255705,1.6265692992547391
1197,59955,24,37605,0.6683194711025805,1.6272204153114835
1198,59931,24,37629,0.6687460012795905,1.62787205286079
1199,59907,24,37653,0.6691725314566006,1.6285242125294206
1200,59883,24,37677,0.6695990616336106,1.629176894945143
1201,59859,24,37701,0.6700255918106206,1.6298301007367313
1202,59835,24,37725,0.6704521219876306,1.6304838305339684
1203,59811,24,37749,0.6708786521646406,1.631138084967648
1204,59787,24,37773,0.6713051823416507,1.631792864669577
1205,59763,24,37797,0.6717317125186607,1.6324481702725766
1206,59739,24,37821,0.6721582426956707,1.6331040024104857
1207,59715,24,37845,0.6725847728726807,1.6337603617181613
1208,59691,24,37869,0.6730113030496908,1.634417248831482
1209,59667,24,37893,0.6734378332267008,1.6350746643873497
1210,59643,24,37917,0.6738643634037108,1.635732609023691
1211,59619,24,37941,0.6742908935807208,1.6363910833794595
1212,59595,24,37965,0.6747174237577308,1.6370500880946388
1213,59571,24,37989,0.6751439539347409,1.6377096238102433
1214,59547,24,38013,0.6755704841117509,1.6383696911683208
1215,59523,24,38037,0.6759970142887609,1.639030290811955
1216,59499,24,38061,0.6764235444657709,1.639691423385267
1217,59475,24,38085,0.676850074642781,1.6403530895334173
1218,59451,24,38109,0.677276604819791,1.641015289902609
1219,59427,24,38133,0.677703134996801,1.6416780251400878
1220,59403,24,38157,0.678129665173811,1.6423412958941468
1221,59379,24,38181,0.6785561953508211,1.6430051028141262
1222,59355,24,38205,0.6789827255278311,1.643669446550417
1223,59331,24,38229,0.6794092557048411,1.6443343277544622
1224,59307,24,38253,0.6798357858818511,1.6449997470787596
1225,59283,24,38277,0.6802623160588611,1.6456657051768635
1226,59259,24,38301,0.6806888462358712,1.6463322027033869
1227,59235,24,38325,0.6811153764128812,1.6469992403140035
1228,59211,24,38349,0.6815419065898912,1.6476668186654506
1229,59187,24,38373,0.6819684367669012,1.6483349384155304
1230,59163,24,38397,0.6823949669439113,1.6490036002231123
1231,59139,24,38421,0.6828214971209213,1.6496728047481357
1232,59115,24,38445,0.6832480272979313,1.6503425526516113
1233,59091,24,38469,0.6836745574749413,1.6510128445956238
1234,59067,24,38493,0.6841010876519513,1.6516836812433338
1235,59043,24,38517,0.6845276178289614,1.6523550632589807
1236,59019,24,38541,0.6849541480059714,1.6530269913078839
1237,58995,24,38565,0.6853806781829814,1.6536994660564455
1238,58971,24,38589,0.6858072083599914,1.6543724881721524
1239,58947,24,38613,0.6862337385370015,1.6550460583235789
1240,58923,24,38637,0.6866602687140115,1.655720177180388
1241,58899,24,38661,0.6870867988910215,1.6563948454133346
1242,58875,24,38685,0.6875133290680315,1.6570700636942675
1243,58851,24,38709,0.6879398592450416,1.657745832696131
1244,58827,24,38733,0.6883663894220516,1.6584221530929675
1245,58803,24,38757,0.6887929195990616,1.6590990255599205
1246,58779,24,38781,0.6892194497760716,1.6597764507732353
1247,58755,24,38805,0.6896459799530816,1.660454429410263
1248,58731,24,38829,0.6900725101300917,1.661132962149461
1249,58707,24,38853,0.6904990403071017,1.661812049670397
1250,58683,24,38877,0.6909255704841117,1.6624916926537499
1251,58659,24,38901,0.6913521006611217,1.6631718917813123
1252,58635,24,38925,0.6917786308381318,1.6638526477359938
1253,58611,24,38949,0.6922051610151418,1.6645339612018222
1254,58587,24,38973,0.6926316911921518,1.665215832863946
1255,58563,24,38997,0.6930582213691618,1.6658982634086368
1256,58539,24,39021,0.6934847515461718,1.6665812535232922
1257,58515,24,39045,0.693911281723182,1.6672648038964368
1258,58491,24,39069,0.694337811900192,1.6679489152177258
1259,58467,24,39093,0.694764342077202,1.6686335881779466
1260,58443,24,39117,0.695190872254212,1.669318823469021
1261,58419,24,39141,0.695617402431222,1.6700046217840085
1262,58395,24,39165,0.696043932608232,1.6706909838171076
1263,58371,24,39189,0.696470462785242,1.6713779102636583
1264,58347,24,39213,0.696896992962252,1.672065401820145
1265,58323,24,39237,0.6973235231392622,1.6727534591841984
1266,58299,24,39261,0.6977500533162722,1.6734420830545977
1267,58275,24,39285,0.6981765834932822,1.6741312741312742
1268,58251,24,39309,0.6986031136702922,1.6748210331153113
1269,58227,24,39333,0.6990296438473022,1.6755113607089493
1270,58203,24,39357,0.6994561740243123,1.6762022576155868
1271,58179,24,39381,0.6998827042013223,1.6768937245397824
1272,58155,24,39405,0.7003092343783323,1.6775857621872583
1273,58131,24,39429,0.7007357645553423,1.6782783712649016
1274,58107,24,39453,0.7011622947323524,1.6789715524807682
1275,58083,24,39477,0.7015888249093624,1.6796653065440834
1276,58059,24,39501,0.7020153550863724,1.6803596341652458
1277,58035,24,39525,0.7024418852633824,1.6810545360558284
1278,58011,24,39549,0.7028684154403924,1.6817500129285825
1279,57987,24,39573,0.7032949456174025,1.6824460654974391
1280,57963,24,39597,0.7037214757944125,1.6831426944775114
1281,57939,24,39621,0.7041480059714225,1.6838399005850981
1282,57915,24,39645,0.7045745361484325,1.6845376845376845
1283,57891,24,39669,0.7050010663254426,1.6852360470539463
1284,57867,24,39693,0.7054275965024526,1.685934988853751
1285,57843,24,39717,0.7058541266794626,1.6866345106581608
1286,57819,24,39741,0.7062806568564726,1.687334613189436
1287,57795,24,39765,0.7067071870334826,1.6880352971710355
1288,57771,24,39789,0.7071337172104927,1.6887365633276212
1289,57747,24,39813,0.7075602473875027,1.689438412385059
1290,57723,24,39837,0.7079867775645127,1.6901408450704225
1291,57699,24,39861,0.7084133077415227,1.690843862111995
1292,57675,24,39885,0.7088398379185328,1.6915474642392718
1293,57651,24,39909,0.7092663680955428,1.692251652182963
1294,57627,24,39933,0.7096928982725528,1.6929564266749961
1295,57603,24,39957,0.7101194284495628,1.6936617884485183
1296,57579,24,39981,0.7105459586265729,1.6943677382378992
1297,57555,24,40005,0.7109724888035829,1.6950742767787335
1298,57531,24,40029,0.7113990189805929,1.6957814048078428
1299,57507,24,40053,0.7118255491576029,1.6964891230632793
1300,57483,24,40077,0.7122520793346129,1.6971974322843275
1301,57460,23,40100,0.7126608374209142,1.6978767838496345
1302,57437,23,40123,0.7130695955072155,1.6985566794923133
1303,57414,23,40146,0.7134783535935167,1.6992371198662348
1304,57391,23,40169,0.713887111679818,1.6999181056263177
1305,57368,23,40192,0.7142958697661193,1.7005996374285315
1306,57345,23,40215,0.7147046278524205,1.701281715929898
1307,57322,23,40238,0.7151133859387219,1.701964341788493
1308,57299,23,40261,0.7155221440250231,1.7026475156634495
1309,57276,23,40284,0.7159309021113244,1.7033312382149592
1310,57253,23,40307,0.7163396601976256,1.704015510104274
1311,57230,23,40330,0.7167484182839269,1.7047003319937095
1312,57207,23,40353,0.7171571763702282,1.7053857045466463
1313,57184,23,40376,0.7175659344565295,1.7060716284275321
1314,57161,23,40399,0.7179746925428308,1.7067581043018842
1315,57138,23,40422,0.718383450629132,1.7074451328362912
1316,57115,23,40445,0.7187922087154333,1.7081327146984155
1317,57092,23,40468,0.7192009668017345,1.7088208505569957
1318,57069,23,40491,0.7196097248880359,1.7095095410818484
1319,57046,23,40514,0.7200184829743371,1.71019878694387
1320,57023,23,40537,0.7204272410606384,1.7108885888150396
1321,57000,23,40560,0.7208359991469396,1.711578947368421
1322,56977,23,40583,0.7212447572332409,1.7122698632781648
1323,56954,23,40606,0.7216535153195421,1.7129613372195105
1324,56931,23,40629,0.7220622734058435,1.7136533698687886
1325,56908,23,40652,0.7224710314921448,1.7143459619034231
1326,56885,23,40675,0.722879789578446,1.7150391140019337
1327,56862,23,40698,0.7232885476647473,1.715732826843938
1328,56839,23,40721,0.7236973057510485,1.7164271011101533
1329,56816,23,40744,0.7241060638373499,1.7171219374823994
1330,56793,23,40767,0.7245148219236511,1.7178173366436005
1331,56770,23,40790,0.7249235800099524,1.7185132992777876
1332,56747,23,40813,0.7253323380962536,1.7192098260701005
1333,56724,23,40836,0.7257410961825549,1.7199069177067907
1334,56701,23,40859,0.7261498542688561,1.7206045748752226
1335,56678,23,40882,0.7265586123551575,1.7213027982638767
1336,56655,23,40905,0.7269673704414588,1.722001588562351
1337,56632,23,40928,0.72737612852776,1.7227009464613645
1338,56609,23,40951,0.7277848866140613,1.7234008726527583
1339,56586,23,40974,0.7281936447003625,1.7241013678294985
1340,56563,23,40997,0.7286024027866638,1.724802432685678
1341,56540,23,41020,0.7290111608729651,1.7255040679165192
1342,56517,23,41043,0.7294199189592664,1.7262062742183768
1343,56494,23,41066,0.7298286770455676,1.7269090522887387
1344,56471,23,41089,0.7302374351318689,1.7276124028262294
1345,56448,23,41112,0.7306461932181701,1.7283163265306123
1346,56425,23,41135,0.7310549513044715,1.7290208241027913
1347,56402,23,41158,0.7314637093907728,1.729725896244814
1348,56379,23,41181,0.731872467477074,1.7304315436598734
1349,56356,23,41204,0.7322812255633753,1.7311377670523103
1350,56333,23,41227,0.7326899836496765,1.7318445671276161
1351,56310,23,41250,0.7330987417359778,1.7325519445924347
1352,56287,23,41273,0.7335074998222791,1.733259900154565
1353,56264,23,41296,0.7339162579085804,1.7339684345229631
1354,56241,23,41319,0.7343250159948816,1.7346775484077452
1355,56218,23,41342,0.7347337740811829,1.7353872425201893
1356,56195,23,41365,0.7351425321674842,1.7360975175727378
1357,56172,23,41388,0.7355512902537854,1.7368083742790001
1358,56149,23,41411,0.7359600483400868,1.7375198133537553
1359,56126,23,41434,0.736368806426388,1.738231835512953
1360,56103,23,41457,0.7367775645126893,1.738944441473718
1361,56080,23,41480,0.7371863225989905,1.7396576319543509
1362,56057,23,41503,0.7375950806852918,1.7403714076743315
1363,56034,23,41526,0.738003838771593,1.7410857693543207
1364,56011,23,41549,0.7384125968578944,1.741800717716163
1365,55988,23,41572,0.7388213549441957,1.7425162534828893
1366,55965,23,41595,0.7392301130304969,1.7432323773787188
1367,55942,23,41618,0.7396388711167982,1.7439490901290622
1368,55919,23,41641,0.7400476292030994,1.7446663924605232
1369,55896,23,41664,0.7404563872894008,1.7453842851009016
1370,55873,23,41687,0.740865145375702,1.7461027687791957
1371,55850,23,41710,0.7412739034620033,1.7468218442256043
1372,55827,23,41733,0.7416826615483045,1.7475415121715299
1373,55804,23,41756,0.7420914196346058,1.7482617733495807
1374,55781,23,41779,0.742500177720907,1.748982628493573
1375,55758,23,41802,0.7429089358072084,1.7497040783385345
1376,55735,23,41825,0.7433176938935097,1.750426123620705
1377,55712,23,41848,0.7437264519798109,1.7511487650775417
1378,55689,23,41871,0.7441352100661122,1.7518720034477187
1379,55666,23,41894,0.7445439681524134,1.7525958394711314
1380,55643,23,41917,0.7449527262387147,1.7533202738888989
1381,55620,23,41940,0.745361484325016,1.7540453074433657
1382,55597,23,41963,0.7457702424113173,1.754770940878105
1383,55574,23,41986,0.7461790004976185,1.7554971749379207
1384,55551,23,42009,0.7465877585839198,1.7562240103688502
1385,55528,23,42032,0.746996516670221,1.7569514479181674
1386,55505,23,42055,0.7474052747565224,1.7576794883343843
1387,55482,23,42078,0.7478140328428237,1.7584081323672542
1388,55459,23,42101,0.7482227909291249,1.7591373807677744
1389,55436,23,42124,0.7486315490154262,1.7598672342881883
1390,55413,23,42147,0.7490403071017274,1.760597693681988
1391,55390,23,42170,0.7494490651880287,1.7613287597039178
1392,55367,23,42193,0.74985782327433,1.7620604331099752
1393,55344,23,42216,0.7502665813606313,1.7627927146574154
1394,55321,23,42239,0.7506753394469325,1.7635256051047523
1395,55298,23,42262,0.7510840975332338,1.7642591052117618
1396,55275,23,42285,0.751492855619535,1.7649932157394843
1397,55252,23,42308,0.7519016137058363,1.765727937450228
1398,55229,23,42331,0.7523103717921377,1.7664632711075703
1399,55206,23,42354,0.7527191298784389,1.7671992174763613
1400,55183,23,42377,0.7531278879647402,1.7679357773227262
1401,55160,23,42400,0.7535366460510414,1.7686729514140682
1402,55137,23,42423,0.7539454041373427,1.7694107405190707
1403,55114,23,42446,0.754354162223644,1.7701491454077003
1404,55091,23,42469,0.7547629203099453,1.7708881668512098
1405,55068,23,42492,0.7551716783962465,1.77162780562214
1406,55045,23,42515,0.7555804364825478,1.7723680624943228
1407,55022,23,42538,0.755989194568849,1.7731089382428846
1408,54999,23,42561,0.7563979526551503,1.773850433644248
1409,54977,22,42583,0.7567889386507429,1.774560270658639
1410,54955,22,42605,0.7571799246463354,1.7752706760076427
1411,54933,22,42627,0.7575709106419279,1.7759816503740922
1412,54911,22,42649,0.7579618966375204,1.776693194441915
1413,54889,22,42671,0.758352882633113,1.777405308896136
1414,54867,22,42693,0.7587438686287055,1.778117994422877
1415,54845,22,42715,0.759134854624298,1.7788312517093627
1416,54823,22,42737,0.7595258406198905,1.7795450814439195
1417,54801,22,42759,0.7599168266154831,1.7802594843159796
1418,54779,22,42781,0.7603078126110756,1.7809744610160827
1419,54757,22,42803,0.7606987986066681,1.7816900122358785
1420,54735,22,42825,0.7610897846022606,1.7824061386681282
1421,54713,22,42847,0.7614807705978531,1.7831228410067077
1422,54691,22,42869,0.7618717565934456,1.7838401199466092
1423,54669,22,42891,0.7622627425890381,1.7845579761839434
1424,54647,22,42913,0.7626537285846307,1.7852764104159424
1425,54625,22,42935,0.7630447145802233,1.7859954233409612
1426,54603,22,42957,0.7634357005758158,1.7867150156584803
1427,54581,22,42979,0.7638266865714083,1.7874351880691084
1428,54559,22,43001,0.7642176725670008,1.7881559412745835
1429,54537,22,43023,0.7646086585625933,1.7888772759777765
1430,54515,22,43045,0.7649996445581858,1.7895991928826929
1431,54493,22,43067,0.7653906305537783,1.7903216926944745
1432,54471,22,43089,0.7657816165493708,1.791044776119403
1433,54449,22,43111,0.7661726025449634,1.791768443864901
1434,54427,22,43133,0.766563588540556,1.7924926966395356
1435,54405,22,43155,0.7669545745361485,1.793217535153019
1436,54383,22,43177,0.767345560531741,1.7939429601162127
1437,54361,22,43199,0.7677365465273335,1.7946689722411286
1438,54339,22,43221,0.768127532522926,1.7953955722409318
1439,54317,22,43243,0.7685185185185185,1.7961227608299428
1440,54295,22,43265,0.768909504514111,1.7968505387236393
1441,54273,22,43287,0.7693004905097036,1.79757890663866
1442,54251,22,43309,0.7696914765052961,1.7983078652928057
1443,54229,22,43331,0.7700824625008886,1.7990374154050415
1444,54207,22,43353,0.7704734484964811,1.7997675576955006
1445,54185,22,43375,0.7708644344920736,1.800498292885485
1446,54163,22,43397,0.7712554204876662,1.8012296216974688
1447,54141,22,43419,0.7716464064832587,1.8019615448551005
1448,54119,22,43441,0.7720373924788512,1.8026940630832056
1449,54097,22,43463,0.7724283784744438,1.8034271771077879
1450,54075,22,43485,0.7728193644700363,1.8041608876560333
1451,54053,22,43507,0.7732103504656288,1.8048951954563115
1452,54031,22,43529,0.7736013364612213,1.8056301012381781
1453,54009,22,43551,0.7739923224568138,1.806365605732378
1454,53987,22,43573,0.7743833084524063,1.8071017096708466
1455,53965,22,43595,0.7747742944479988,1.8078384137867136
1456,53943,22,43617,0.7751652804435913,1.808575718814304
1457,53921,22,43639,0.7755562664391839,1.8093136254891415
1458,53899,22,43661,0.7759472524347765,1.8100521345479508
1459,53877,22,43683,0.776338238430369,1.8107912467286598
1460,53855,22,43705,0.7767292244259615,1.811530962770402
1461,53833,22,43727,0.777120210421554,1.8122712834135195
1462,53811,22,43749,0.7775111964171465,1.813012209399565
1463,53789,22,43771,0.777902182412739,1.8137537414713045
1464,53767,22,43793,0.7782931684083315,1.8144958803727194
1465,53745,22,43815,0.778684154403924,1.8152386268490093
1466,53723,22,43837,0.7790751403995166,1.8159819816465945
1467,53701,22,43859,0.7794661263951091,1.8167259455131188
1468,53679,22,43881,0.7798571123907017,1.8174705191974516
1469,53657,22,43903,0.7802480983862942,1.8182157034496897
1470,53635,22,43925,0.7806390843818867,1.8189614990211616
1471,53613,22,43947,0.7810300703774792,1.8197079066644284
1472,53591,22,43969,0.7814210563730717,1.8204549271332873
1473,53569,22,43991,0.7818120423686642,1.8212025611827736
1474,53547,22,44013,0.7822030283642568,1.8219508095691634
1475,53525,22,44035,0.7825940143598493,1.8226996730499767
1476,53503,22,44057,0.7829850003554418,1.8234491523839784
1477,53481,22,44079,0.7833759863510343,1.824199248331183
1478,53459,22,44101,0.7837669723466268,1.8249499616528555
1479,53437,22,44123,0.7841579583422194,1.8257012931115144
1480,53415,22,44145,0.7845489443378119,1.826453243470935
1481,53393,22,44167,0.7849399303334044,1.827205813496151
1482,53371,22,44189,0.785330916328997,1.827959003953458
1483,53349,22,44211,0.7857219023245895,1.8287128156104144
1484,53327,22,44233,0.786112888320182,1.8294672492358468
1485,53305,22,44255,0.7865038743157745,1.8302223055998499
1486,53283,22,44277,0.786894860311367,1.8309779854737909
1487,53261,22,44299,0.7872858463069595,1.831734289630311
1488,53239,22,44321,0.787676832302552,1.832491218843329
1489,53217,22,44343,0.7880678182981445,1.8332487738880432
1490,53195,22,44365,0.7884588042937372,1.8340069555409344
1491,53173,22,44387,0.7888497902893297,1.834765764579768
1492,53151,22,44409,0.7892407762849222,1.8355252017835977
1493,53129,22,44431,0.7896317622805147,1.8362852679327675
1494,53107,22,44453,0.7900227482761072,1.837045963808914
1495,53085,22,44475,0.7904137342716997,1.8378072901949702
1496,53063,22,44497,0.7908047202672922,1.8385692478751672
1497,53041,22,44519,0.7911957062628847,1.839331837635037
1498,53019,22,44541,0.7915866922584773,1.8400950602614157
1499,52997,22,44563,0.7919776782540698,1.8408589165424458
1500,52975,22,44585,0.7923686642496623,1.841623407267579
1501,52948,27,44612,0.7928485106987986,1.842562514164841
1502,52921,27,44639,0.7933283571479349,1.8435025793163395
1503,52894,27,44666,0.7938082035970712,1.8444436041895111
1504,52867,27,44693,0.7942880500462074,1.8453855902547904
1505,52840,27,44720,0.7947678964953437,1.846328538985617
1506,52813,27,44747,0.79524774294448,1.847272451858444
1507,52786,27,44774,0.7957275893936163,1.848217330352745
1508,52759,27,44801,0.7962074358427526,1.8491631759510225
1509,52732,27,44828,0.7966872822918888,1.8501099901388152
1510,52705,27,44855,0.7971671287410251,1.8510577744047054
1511,52678,27,44882,0.7976469751901614,1.8520065302403281
1512,52651,27,44909,0.7981268216392976,1.8529562591403772
1513,52624,27,44936,0.798606668088434,1.8539069626026148
1514,52597,27,44963,0.7990865145375702,1.854858642127878
1515,52570,27,44990,0.7995663609867065,1.8558112992200875
1516,52543,27,45017,0.8000462074358428,1.856764935386255
1517,52516,27,45044,0.800526053884979,1.8577195521364918
1518,52489,27,45071,0.8010059003341153,1.8586751509840156
1519,52462,27,45098,0.8014857467832516,1.8596317334451604
1520,52435,27,45125,0.8019655932323878,1.8605893010393821
1521,52408,27,45152,0.8024454396815242,1.8615478552892688
1522,52381,27,45179,0.8029252861306604,1.8625073977205475
1523,52354,27,45206,0.8034051325797967,1.8634679298620926
1524,52327,27,45233,0.803884979028933,1.8644294532459342
1525,52300,27,45260,0.8043648254780692,1.8653919694072658
1526,52273,27,45287,0.8048446719272055,1.8663554798844528
1527,52246,27,45314,0.8053245183763418,1.8673199862190406
1528,52219,27,45341,0.805804364825478,1.8682854899557633
1529,52192,27,45368,0.8062842112746144,1.8692519926425506
1530,52165,27,45395,0.8067640577237506,1.8702194958305378
1531,52138,27,45422,0.8072439041728869,1.8711880010740727
1532,52111,27,45449,0.8077237506220232,1.8721575099307248
1533,52084,27,45476,0.8082035970711594,1.8731280239612933
1534,52057,27,45503,0.8086834435202958,1.8740995447298154
1535,52030,27,45530,0.809163289969432,1.8750720738035749
1536,52003,27,45557,0.8096431364185683,1.8760456127531104
1537,51976,27,45584,0.8101229828677046,1.877020163152224
1538,51950,26,45610,0.810585057226132,1.8779595765158807
1539,51924,26,45636,0.8110471315845597,1.8788999306678993
1540,51898,26,45662,0.8115092059429871,1.879841227022236
1541,51872,26,45688,0.8119712803014146,1.8807834669956818
1542,51846,26,45714,0.8124333546598422,1.8817266520078695
1543,51820,26,45740,0.8128954290182697,1.8826707834812813
1544,51794,26,45766,0.8133575033766972,1.8836158628412558
1545,51768,26,45792,0.8138195777351248,1.8845618915159945
1546,51742,26,45818,0.8142816520935523,1.88550887093657
1547,51716,26,45844,0.8147437264519798,1.8864568025369324
1548,51690,26,45870,0.8152058008104074,1.8874056877539176
1549,51664,26,45896,0.8156678751688349,1.888355528027253
1550,51638,26,45922,0.8161299495272624,1.8893063247995663
1551,51612,26,45948,0.81659202388569,1.8902580795163915
1552,51586,26,45974,0.8170540982441175,1.8912107936261777
1553,51560,26,46000,0.8175161726025449,1.8921644685802947
1554,51534,26,46026,0.8179782469609725,1.8931191058330423
1555,51508,26,46052,0.8184403213194,1.8940747068416557
1556,51482,26,46078,0.8189023956778275,1.8950312730663144
1557,51456,26,46104,0.819364470036255,1.8959888059701493
1558,51430,26,46130,0.8198265443946826,1.8969473070192495
1559,51404,26,46156,0.8202886187531101,1.8979067776826706
1560,51378,26,46182,0.8207506931115376,1.8988672194324419
1561,51352,26,46208,0.8212127674699652,1.8998286337435737
1562,51326,26,46234,0.8216748418283927,1.9007910220940654
1563,51300,26,46260,0.8221369161868202,1.9017543859649122
1564,51274,26,46286,0.8225989905452478,1.902718726840114
1565,51248,26,46312,0.8230610649036753,1.9036840462066813
1566,51222,26,46338,0.8235231392621027,1.9046503455546444
1567,51196,26,46364,0.8239852136205303,1.9056176263770608
1568,51170,26,46390,0.8244472879789578,1.9065858901700214
1569,51144,26,46416,0.8249093623373853,1.9075551384326608
1570,51118,26,46442,0.8253714366958129,1.9085253726671623
1571,51092,26,46468,0.8258335110542404,1.9094965943787676
1572,51066,26,46494,0.8262955854126679,1.9104688050757843
1573,51040,26,46520,0.8267576597710955,1.9114420062695925
1574,51014,26,46546,0.827219734129523,1.912416199474654
1575,50988,26,46572,0.8276818084879505,1.9133913862085197
1576,50962,26,46598,0.8281438828463781,1.914367567991837
1577,50936,26,46624,0.8286059572048056,1.9153447463483588
1578,50910,26,46650,0.829068031563233,1.9163229228049499
1579,50884,26,46676,0.8295301059216607,1.9173020988915965
1580,50858,26,46702,0.8299921802800881,1.9182822761414133
1581,50832,26,46728,0.8304542546385156,1.9192634560906516
1582,50806,26,46754,0.8309163289969432,1.9202456402787071
1583,50780,26,46780,0.8313784033553707,1.9212288302481293
1584,50754,26,46806,0.8318404777137982,1.922213027544627
1585,50728,26,46832,0.8323025520722258,1.9231982337170794
1586,50702,26,46858,0.8327646264306533,1.9241844503175418
1587,50676,26,46884,0.8332267007890808,1.925171678901255
1588,50650,26,46910,0.8336887751475084,1.9261599210266536
1589,50624,26,46936,0.8341508495059359,1.927149178255373
1590,50598,26,46962,0.8346129238643634,1.928139452152259
1591,50572,26,46988,0.835074998222791,1.9291307442853753
1592,50546,26,47014,0.8355370725812185,1.9301230562260119
1593,50520,26,47040,0.8359991469396459,1.9311163895486936
1594,50494,26,47066,0.8364612212980735,1.932110745831188
1595,50468,26,47092,0.836923295656501,1.9331061266545138
1596,50442,26,47118,0.8373853700149285,1.9341025336029498
1597,50416,26,47144,0.8378474443733561,1.935099968264043
1598,50390,26,47170,0.8383095187317836,1.9360984322286168
1599,50364,26,47196,0.8387715930902111,1.937097927090779
1600,50338,26,47222,0.8392336674486387,1.938098454447932
1601,50312,26,47248,0.8396957418070662,1.9391000159007792
1602,50286,26,47274,0.8401578161654937,1.940102613053335
1603,50260,26,47300,0.8406198905239213,1.9411062475129328
1604,50234,26,47326,0.8410819648823488,1.9421109208902336
1605,50208,26,47352,0.8415440392407763,1.9431166347992352
1606,50182,26,47378,0.8420061135992039,1.9441233908572795
1607,50156,26,47404,0.8424681879576313,1.9451311906850626
1608,50130,26,47430,0.8429302623160588,1.9461400359066428
1609,50104,26,47456,0.8433923366744864,1.947149928149449
1610,50078,26,47482,0.8438544110329139,1.9481608690442909
1611,50052,26,47508,0.8443164853913414,1.9491728602253655
1612,50026,26,47534,0.844778559749769,1.9501859033302682
1613,50000,26,47560,0.8452406341081965,1.9512
1614,49975,25,47585,0.8456849363759152,1.952176088044022
1615,49950,25,47610,0.846129238643634,1.9531531531531532
1616,49925,25,47635,0.8465735409113528,1.9541311967951929
1617,49900,25,47660,0.8470178431790716,1.9551102204408817
1618,49875,25,47685,0.8474621454467903,1.9560902255639099
1619,49850,25,47710,0.8479064477145092,1.9570712136409227
1620,49825,25,47735,0.8483507499822279,1.9580531861515305
1621,49800,25,47760,0.8487950522499467,1.9590361445783133
1622,49775,25,47785,0.8492393545176654,1.9600200904068308
1623,49750,25,47810,0.8496836567853843,1.9610050251256281
1624,49725,25,47835,0.850127959053103,1.9619909502262443
1625,49700,25,47860,0.8505722613208218,1.9629778672032192
1626,49675,25,47885,0.8510165635885406,1.9639657775541017
1627,49650,25,47910,0.8514608658562594,1.9649546827794562
1628,49625,25,47935,0.8519051681239781,1.9659445843828716
1629,49600,25,47960,0.8523494703916968,1.9669354838709678
1630,49575,25,47985,0.8527937726594157,1.9679273827534038
1631,49550,25,48010,0.8532380749271344,1.968920282542886
1632,49525,25,48035,0.8536823771948532,1.9699141847551742
1633,49500,25,48060,0.8541266794625719,1.970909090909091
1634,49475,25,48085,0.8545709817302908,1.9719050025265286
1635,49450,25,48110,0.8550152839980095,1.972901921132457
1636,49425,25,48135,0.8554595862657283,1.9738998482549317
1637,49400,25,48160,0.8559038885334471,1.9748987854251012
1638,49375,25,48185,0.8563481908011659,1.9758987341772152
1639,49350,25,48210,0.8567924930688846,1.9768996960486322
1640,49325,25,48235,0.8572367953366034,1.9779016725798277
1641,49300,25,48260,0.8576810976043222,1.9789046653144016
1642,49275,25,48285,0.858125399872041,1.9799086757990867
1643,49250,25,48310,0.8585697021397597,1.9809137055837562
1644,49225,25,48335,0.8590140044074785,1.9819197562214321
1645,49200,25,48360,0.8594583066751973,1.9829268292682927
1646,49175,25,48385,0.859902608942916,1.9839349262836807
1647,49150,25,48410,0.8603469112106348,1.984944048830112
1648,49125,25,48435,0.8607912134783536,1.9859541984732825
1649,49100,25,48460,0.8612355157460724,1.9869653767820774
1650,49075,25,48485,0.8616798180137911,1.9879775853285786
1651,49050,25,48510,0.8621241202815099,1.9889908256880735
1652,49025,25,48535,0.8625684225492287,1.9900050994390617
1653,49000,25,48560,0.8630127248169475,1.9910204081632652
1654,48975,25,48585,0.8634570270846662,1.9920367534456356
1655,48950,25,48610,0.8639013293523851,1.9930541368743615
1656,48925,25,48635,0.8643456316201038,1.9940725600408788
1657,48900,25,48660,0.8647899338878225,1.9950920245398773
1658,48875,25,48685,0.8652342361555413,1.9961125319693094
1659,48850,25,48710,0.8656785384232601,1.9971340839303993
1660,48825,25,48735,0.8661228406909789,1.9981566820276497
1661,48800,25,48760,0.8665671429586976,1.9991803278688525
1662,48775,25,48785,0.8670114452264165,2.000205023065095
1663,48750,25,48810,0.8674557474941352,2.0012307692307694
1664,48725,25,48835,0.867900049761854,2.0022575679835812
1665,48700,25,48860,0.8683443520295727,2.0032854209445583
1666,48675,25,48885,0.8687886542972916,2.0043143297380586
1667,48650,25,48910,0.8692329565650103,2.005344295991778
1668,48625,25,48935,0.8696772588327291,2.006375321336761
1669,48600,25,48960,0.8701215611004478,2.0074074074074075
1670,48575,25,48985,0.8705658633681667,2.0084405558414824
1671,48550,25,49010,0.8710101656358854,2.0094747682801235
1672,48525,25,49035,0.8714544679036041,2.010510046367852
1673,48500,25,49060,0.871898770171323,2.011546391752577
1674,48475,25,49085,0.8723430724390417,2.012583806085611
1675,48450,25,49110,0.8727873747067605,2.013622291021672
1676,48425,25,49135,0.8732316769744792,2.0146618482188954
1677,48400,25,49160,0.8736759792421981,2.015702479338843
1678,48375,25,49185,0.8741202815099168,2.0167441860465116
1679,48350,25,49210,0.8745645837776356,2.0177869700103415
1680,48325,25,49235,0.8750088860453544,2.0188308329022244
1681,48300,25,49260,0.8754531883130732,2.0198757763975155
1682,48275,25,49285,0.8758974905807919,2.020921802175039
1683,48250,25,49310,0.8763417928485107,2.0219689119170985
1684,48225,25,49335,0.8767860951162295,2.023017107309487
1685,48200,25,49360,0.8772303973839483,2.0240663900414937
1686,48175,25,49385,0.877674699651667,2.025116761805916
1687,48150,25,49410,0.8781190019193857,2.0261682242990653
1688,48125,25,49435,0.8785633041871046,2.0272207792207793
1689,48100,25,49460,0.8790076064548233,2.028274428274428
1690,48075,25,49485,0.8794519087225421,2.0293291731669267
1691,48050,25,49510,0.8798962109902609,2.030385015608741
1692,48025,25,49535,0.8803405132579797,2.031441957313899
1693,48000,25,49560,0.8807848155256984,2.0325
1694,47976,24,49584,0.8812113457027084,2.0335167583791898
1695,47952,24,49608,0.8816378758797185,2.0345345345345347
1696,47928,24,49632,0.8820644060567285,2.0355533299949924
1697,47904,24,49656,0.8824909362337385,2.0365731462925853
1698,47880,24,49680,0.8829174664107485,2.037593984962406
1699,47856,24,49704,0.8833439965877585,2.0386158475426277
1700,47832,24,49728,0.8837705267647686,2.0396387355745107
1701,47808,24,49752,0.8841970569417786,2.0406626506024095
1702,47784,24,49776,0.8846235871187886,2.041687594173782
1703,47760,24,49800,0.8850501172957986,2.042713567839196
1704,47736,24,49824,0.8854766474728087,2.0437405731523377
1705,47712,24,49848,0.8859031776498187,2.0447686116700203
1706,47688,24,49872,0.8863297078268287,2.045797684952189
1707,47664,24,49896,0.8867562380038387,2.0468277945619335
1708,47640,24,49920,0.8871827681808488,2.047858942065491
1709,47616,24,49944,0.8876092983578588,2.048891129032258
1710,47592,24,49968,0.8880358285348688,2.049924357034796
1711,47568,24,49992,0.8884623587118788,2.0509586276488396
1712,47544,24,50016,0.8888888888888888,2.0519939424533065
1713,47520,24,50040,0.889315419065899,2.053030303030303
1714,47496,24,50064,0.889741949242909,2.0540677109651337
1715,47472,24,50088,0.890168479419919,2.0551061678463096
1716,47448,24,50112,0.8905950095969289,2.056145675265554
1717,47424,24,50136,0.891021539773939,2.057186234817814
1718,47400,24,50160,0.891448069950949,2.0582278481012657
1719,47376,24,50184,0.891874600127959,2.059270516717325
1720,47352,24,50208,0.892301130304969,2.0603142422706537
1721,47328,24,50232,0.892727660481979,2.0613590263691686
1722,47304,24,50256,0.8931541906589892,2.0624048706240488
1723,47280,24,50280,0.8935807208359992,2.063451776649746
1724,47256,24,50304,0.8940072510130092,2.064499746063992
1725,47232,24,50328,0.8944337811900192,2.0655487804878048
1726,47208,24,50352,0.8948603113670293,2.066598881545501
1727,47184,24,50376,0.8952868415440393,2.0676500508647
1728,47160,24,50400,0.8957133717210493,2.068702290076336
1729,47136,24,50424,0.8961399018980593,2.069755600814664
1730,47112,24,50448,0.8965664320750694,2.0708099847172696
1731,47088,24,50472,0.8969929622520794,2.0718654434250765
1732,47064,24,50496,0.8974194924290894,2.072921978582356
1733,47040,24,50520,0.8978460226060994,2.0739795918367347
1734,47016,24,50544,0.8982725527831094,2.0750382848392035
1735,46992,24,50568,0.8986990829601195,2.0760980592441265
1736,46968,24,50592,0.8991256131371295,2.077158916709249
1737,46944,24,50616,0.8995521433141395,2.0782208588957056
1738,46920,24,50640,0.8999786734911495,2.079283887468031
1739,46896,24,50664,0.9004052036681596,2.0803480040941658
1740,46872,24,50688,0.9008317338451696,2.0814132104454686
1741,46848,24,50712,0.9012582640221796,2.0824795081967213
1742,46824,24,50736,0.9016847941991896,2.0835468990261403
1743,46800,24,50760,0.9021113243761996,2.0846153846153848
1744,46776,24,50784,0.9025378545532097,2.085684966649564
1745,46752,24,50808,0.9029643847302197,2.0867556468172483
1746,46728,24,50832,0.9033909149072297,2.0878274268104775
1747,46704,24,50856,0.9038174450842397,2.0889003083247686
1748,46680,24,50880,0.9042439752612498,2.089974293059126
1749,46656,24,50904,0.9046705054382598,2.0910493827160495
1750,46632,24,50928,0.9050970356152698,2.092125579001544
1751,46608,24,50952,0.9055235657922798,2.093202883625129
1752,46584,24,50976,0.9059500959692899,2.0942812982998453
1753,46560,24,51000,0.9063766261462999,2.095360824742268
1754,46536,24,51024,0.9068031563233099,2.0964414646725116
1755,46512,24,51048,0.9072296865003199,2.0975232198142413
1756,46488,24,51072,0.9076562166773299,2.0986060918946823
1757,46464,24,51096,0.90808274685434,2.0996900826446283
1758,46440,24,51120,0.90850927703135,2.10077519379845
1759,46416,24,51144,0.90893580720836,2.1018614270941054
1760,46392,24,51168,0.90936233738537,2.1029487842731505
1761,46368,24,51192,0.9097888675623801,2.1040372670807455
1762,46344,24,51216,0.9102153977393901,2.1051268772656653
1763,46320,24,51240,0.9106419279164001,2.106217616580311
1764,46296,24,51264,0.9110684580934101,2.1073094867807156
1765,46272,24,51288,0.9114949882704201,2.108402489626556
1766,46248,24,51312,0.9119215184474302,2.1094966268811626
1767,46224,24,51336,0.9123480486244402,2.1105919003115265
1768,46200,24,51360,0.9127745788014502,2.1116883116883116
1769,46176,24,51384,0.9132011089784602,2.112785862785863
1770,46152,24,51408,0.9136276391554703,2.1138845553822154
1771,46128,24,51432,0.9140541693324803,2.1149843912591053
1772,46104,24,51456,0.9144806995094903,2.116085372201978
1773,46080,24,51480,0.9149072296865003,2.1171875
1774,46056,24,51504,0.9153337598635103,2.1182907764460657
1775,46032,24,51528,0.9157602900405204,2.119395203336809
1776,46008,24,51552,0.9161868202175304,2.1205007824726136
1777,45984,24,51576,0.9166133503945404,2.12160751565762
1778,45961,23,51599,0.9170221084808416,2.12266921955571
1779,45938,23,51622,0.917430866567143,2.1237319865906223
1780,45915,23,51645,0.9178396246534443,2.124795818360013
1781,45892,23,51668,0.9182483827397455,2.1258607164647434
1782,45869,23,51691,0.9186571408260468,2.126926682508884
1783,45846,23,51714,0.919065898912348,2.127993718099725
1784,45823,23,51737,0.9194746569986493,2.129061824847784
1785,45800,23,51760,0.9198834150849506,2.1301310043668122
1786,45777,23,51783,0.9202921731712519,2.131201258273806
1787,45754,23,51806,0.9207009312575531,2.1322725881890108
1788,45731,23,51829,0.9211096893438544,2.133344995735934
1789,45708,23,51852,0.9215184474301557,2.1344184825413492
1790,45685,23,51875,0.9219272055164569,2.135493050235307
1791,45662,23,51898,0.9223359636027583,2.136568700451141
1792,45639,23,51921,0.9227447216890595,2.1376454348254783
1793,45616,23,51944,0.9231534797753608,2.1387232549982462
1794,45593,23,51967,0.923562237861662,2.139802162612682
1795,45570,23,51990,0.9239709959479633,2.140882159315339
1796,45547,23,52013,0.9243797540342646,2.1419632467560983
1797,45524,23,52036,0.9247885121205659,2.143045426588173
1798,45501,23,52059,0.9251972702068672,2.1441287004681215
1799,45478,23,52082,0.9256060282931684,2.1452130700558514
1800,45455,23,52105,0.9260147863794697,2.14629853701463
1801,45432,23,52128,0.9264235444657709,2.1473851030110933
1802,45409,23,52151,0.9268323025520723,2.1484727697152546
1803,45386,23,52174,0.9272410606383735,2.149561538800511
1804,45363,23,52197,0.9276498187246748,2.1506514119436546
1805,45340,23,52220,0.928058576810976,2.1517423908248787
1806,45317,23,52243,0.9284673348972773,2.1528344771277887
1807,45294,23,52266,0.9288760929835785,2.153927672539409
1808,45271,23,52289,0.9292848510698799,2.1550219787501934
1809,45248,23,52312,0.9296936091561812,2.156117397454031
1810,45225,23,52335,0.9301023672424824,2.157213930348259
1811,45202,23,52358,0.9305111253287837,2.1583115791336667
1812,45179,23,52381,0.9309198834150849,2.159410345514509
1813,45156,23,52404,0.9313286415013863,2.160510231198512
1814,45133,23,52427,0.9317373995876875,2.1616112378968824
1815,45110,23,52450,0.9321461576739888,2.162713367324318
1816,45087,23,52473,0.93255491576029,2.163816621199015
1817,45064,23,52496,0.9329636738465913,2.164921001242677
1818,45041,23,52519,0.9333724319328925,2.1660265091805244
1819,45018,23,52542,0.9337811900191939,2.1671331467413033
1820,44995,23,52565,0.9341899481054952,2.1682409156572953
1821,44972,23,52588,0.9345987061917964,2.1693498176643247
1822,44949,23,52611,0.9350074642780977,2.1704598545017686
1823,44926,23,52634,0.9354162223643989,2.1715710279125675
1824,44903,23,52657,0.9358249804507002,2.172683339643231
1825,44880,23,52680,0.9362337385370015,2.1737967914438503
1826,44857,23,52703,0.9366424966233028,2.174911385068105
1827,44834,23,52726,0.937051254709604,2.1760271222732745
1828,44811,23,52749,0.9374600127959053,2.177144004820245
1829,44788,23,52772,0.9378687708822065,2.1782620344735197
1830,44765,23,52795,0.9382775289685078,2.1793812130012284
1831,44742,23,52818,0.9386862870548092,2.1805015421751373
1832,44719,23,52841,0.9390950451411104,2.1816230237706566
1833,44696,23,52864,0.9395038032274117,2.1827456595668515
1834,44673,23,52887,0.9399125613137129,2.183869451346451
1835,44650,23,52910,0.9403213194000142,2.1849944008958566
1836,44627,23,52933,0.9407300774863155,2.186120510005154
1837,44604,23,52956,0.9411388355726168,2.1872477804681196
1838,44581,23,52979,0.941547593658918,2.1883762140822323
1839,44558,23,53002,0.9419563517452193,2.1895058126486826
1840,44535,23,53025,0.9423651098315206,2.190636577972381
1841,44512,23,53048,0.9427738679178218,2.19176851186197
1842,44489,23,53071,0.9431826260041232,2.19290161612983
1843,44466,23,53094,0.9435913840904244,2.1940358925920926
1844,44443,23,53117,0.9440001421767257,2.1951713430686497
1845,44420,23,53140,0.9444089002630269,2.196307969383161
1846,44397,23,53163,0.9448176583493282,2.1974457733630652
1847,44374,23,53186,0.9452264164356294,2.198584756839591
1848,44351,23,53209,0.9456351745219308,2.1997249216477646
1849,44328,23,53232,0.946043932608232,2.200866269626421
1850,44305,23,53255,0.9464526906945333,2.2020088026182147
1851,44282,23,53278,0.9468614487808346,2.2031525224696265
1852,44259,23,53301,0.9472702068671358,2.2042974310309766
1853,44236,23,53324,0.9476789649534372,2.2054435301564337
1854,44213,23,53347,0.9480877230397384,2.2065908217040238
1855,44190,23,53370,0.9484964811260397,2.2077393075356415
1856,44167,23,53393,0.9489052392123409,2.2088889895170603
1857,44144,23,53416,0.9493139972986422,2.2100398695179413
1858,44121,23,53439,0.9497227553849434,2.2111919494118446
1859,44098,23,53462,0.9501315134712448,2.2123452310762395
1860,44075,23,53485,0.9505402715575461,2.213499716392513
1861,44052,23,53508,0.9509490296438473,2.214655407245982
1862,44029,23,53531,0.9513577877301486,2.2158123055259034
1863,44006,23,53554,0.9517665458164498,2.216970413125483
1864,43983,23,53577,0.9521753039027511,2.2181297319418865
1865,43961,22,53599,0.9525662898983437,2.2192397807147244
1866,43939,22,53621,0.9529572758939362,2.220350941077403
1867,43917,22,53643,0.9533482618895287,2.221463214700458
1868,43895,22,53665,0.9537392478851212,2.222576603257774
1869,43873,22,53687,0.9541302338807137,2.223691108426595
1870,43851,22,53709,0.9545212198763062,2.2248067318875284
1871,43829,22,53731,0.9549122058718987,2.225923475324557
1872,43807,22,53753,0.9553031918674912,2.227041340425046
1873,43785,22,53775,0.9556941778630839,2.228160328879753
1874,43763,22,53797,0.9560851638586764,2.229280442382835
1875,43741,22,53819,0.9564761498542689,2.2304016826318556
1876,43719,22,53841,0.9568671358498614,2.231524051327798
1877,43697,22,53863,0.9572581218454539,2.232647550175069
1878,43675,22,53885,0.9576491078410464,2.233772180881511
1879,43653,22,53907,0.9580400938366389,2.2348979451584086
1880,43631,22,53929,0.9584310798322314,2.2360248447204967
1881,43609,22,53951,0.958822065827824,2.237152881285973
1882,43587,22,53973,0.9592130518234165,2.238282056576502
1883,43565,22,53995,0.959604037819009,2.239412372317227
1884,43543,22,54017,0.9599950238146016,2.2405438302367773
1885,43521,22,54039,0.9603860098101941,2.241676432067278
1886,43499,22,54061,0.9607769958057866,2.242810179544357
1887,43477,22,54083,0.9611679818013791,2.243945074407158
1888,43455,22,54105,0.9615589677969716,2.245081118398343
1889,43433,22,54127,0.9619499537925642,2.246218313264108
1890,43411,22,54149,0.9623409397881567,2.247356660754187
1891,43389,22,54171,0.9627319257837492,2.2484961626218625
1892,43367,22,54193,0.9631229117793417,2.249636820623977
1893,43345,22,54215,0.9635138977749342,2.250778636520937
1894,43323,22,54237,0.9639048837705267,2.251921612076726
1895,43301,22,54259,0.9642958697661193,2.253065749058913
1896,43279,22,54281,0.9646868557617118,2.254211049238661
1897,43257,22,54303,0.9650778417573044,2.2553575143907345
1898,43235,22,54325,0.9654688277528969,2.256505146293512
1899,43213,22,54347,0.9658598137484894,2.2576539467289938
1900,43191,22,54369,0.9662507997440819,2.2588039174828087
1901,43169,22,54391,0.9666417857396744,2.2599550603442284
1902,43147,22,54413,0.9670327717352669,2.261107377106172
1903,43125,22,54435,0.9674237577308594,2.2622608695652175
1904,43103,22,54457,0.9678147437264519,2.263415539521611
1905,43081,22,54479,0.9682057297220446,2.2645713887792764
1906,43059,22,54501,0.9685967157176371,2.265728419145823
1907,43037,22,54523,0.9689877017132296,2.266886632432558
1908,43015,22,54545,0.9693786877088221,2.2680460304544927
1909,42993,22,54567,0.9697696737044146,2.269206615030354
1910,42971,22,54589,0.9701606597000071,2.270368387982593
1911,42949,22,54611,0.9705516456955996,2.2715313511373956
1912,42927,22,54633,0.9709426316911921,2.2726955063246908
1913,42905,22,54655,0.9713336176867847,2.273860855378161
1914,42883,22,54677,0.9717246036823772,2.2750274001352517
1915,42861,22,54699,0.9721155896779697,2.2761951424371807
1916,42839,22,54721,0.9725065756735622,2.2773640841289478
1917,42817,22,54743,0.9728975616691548,2.2785342270593456
1918,42795,22,54765,0.9732885476647473,2.2797055730809674
1919,42773,22,54787,0.9736795336603398,2.2808781240502185
1920,42751,22,54809,0.9740705196559323,2.282051881827326
1921,42729,22,54831,0.9744615056515249,2.2832268482763465
1922,42707,22,54853,0.9748524916471174,2.284403025265179
1923,42685,22,54875,0.9752434776427099,2.2855804146655734
1924,42663,22,54897,0.9756344636383024,2.28675901835314
1925,42641,22,54919,0.9760254496338949,2.287938838207359
1926,42619,22,54941,0.9764164356294874,2.2891198761115934
1927,42597,22,54963,0.9768074216250799,2.2903021339530953
1928,42575,22,54985,0.9771984076206724,2.2914856136230184
1929,42553,22,55007,0.9775893936162651,2.2926703170164267
1930,42531,22,55029,0.9779803796118576,2.293856246032306
1931,42509,22,55051,0.9783713656074501,2.295043402573573
1932,42487,22,55073,0.9787623516030426,2.296231788547085
1933,42465,22,55095,0.9791533375986351,2.2974214058636524
1934,42443,22,55117,0.9795443235942276,2.2986122564380462
1935,42421,22,55139,0.9799353095898201,2.29980434218901
1936,42399,22,55161,0.9803262955854126,2.3009976650392696
1937,42377,22,55183,0.9807172815810052,2.302192226915544
1938,42355,22,55205,0.9811082675765977,2.303388029748554
1939,42333,22,55227,0.9814992535721903,2.3045850754730353
1940,42311,22,55249,0.9818902395677828,2.305783366027747
1941,42289,22,55271,0.9822812255633753,2.3069829033554825
1942,42267,22,55293,0.9826722115589678,2.3081836894030805
1943,42245,22,55315,0.9830631975545603,2.3093857261214343
1944,42223,22,55337,0.9834541835501528,2.3105890154655047
1945,42201,22,55359,0.9838451695457454,2.311793559394327
1946,42179,22,55381,0.9842361555413379,2.312999359871026
1947,42157,22,55403,0.9846271415369304,2.314206418862822
1948,42135,22,55425,0.9850181275325229,2.3154147383410466
1949,42113,22,55447,0.9854091135281154,2.3166243202811483
1950,42091,22,55469,0.985800099523708,2.317835166662707
1951,42069,22,55491,0.9861910855193005,2.319047279469443
1952,42047,22,55513,0.986582071514893,2.320260660689229
1953,42025,22,55535,0.9869730575104856,2.3214753123140985
1954,42003,22,55557,0.9873640435060781,2.3226912363402614
1955,41981,22,55579,0.9877550295016706,2.3239084347681094
1956,41960,21,55600,0.9881282434065544,2.325071496663489
1957,41939,21,55621,0.9885014573114381,2.32623572331243
1958,41918,21,55642,0.9888746712163219,2.3274011164654804
1959,41897,21,55663,0.9892478851212057,2.3285676778766975
1960,41876,21,55684,0.9896210990260894,2.3297354093036584
1961,41855,21,55705,0.9899943129309732,2.3309043125074664
1962,41834,21,55726,0.9903675268358569,2.332074389252761
1963,41813,21,55747,0.9907407407407407,2.333245641307727
1964,41792,21,55768,0.9911139546456245,2.334418070444104
1965,41771,21,55789,0.9914871685505083,2.335591678437193
1966,41750,21,55810,0.9918603824553921,2.336766467065868
1967,41729,21,55831,0.9922335963602759,2.3379424381125835
1968,41708,21,55852,0.9926068102651596,2.3391195933633835
1969,41687,21,55873,0.9929800241700434,2.340297934607911
1970,41666,21,55894,0.9933532380749271,2.341477463639418
1971,41645,21,55915,0.9937264519798109,2.3426581822547723
1972,41624,21,55936,0.9940996658846947,2.3438400922544687
1973,41603,21,55957,0.9944728797895784,2.345023195442636
1974,41582,21,55978,0.9948460936944622,2.34620749362705
1975,41561,21,55999,0.995219307599346,2.3473929886191383
1976,41540,21,56020,0.9955925215042297,2.3485796822339915
1977,41519,21,56041,0.9959657354091135,2.349767576290373
1978,41498,21,56062,0.9963389493139972,2.350956672610728
1979,41477,21,56083,0.9967121632188811,2.3521469730211924
1980,41456,21,56104,0.9970853771237649,2.353338479351602
1981,41435,21,56125,0.9974585910286486,2.3545311934355015
1982,41414,21,56146,0.9978318049335324,2.355725117110156
1983,41393,21,56167,0.9982050188384162,2.3569202522165584
1984,41372,21,56188,0.9985782327432999,2.3581166005994394
1985,41351,21,56209,0.9989514466481837,2.3593141641072766
1986,41330,21,56230,0.9993246605530675,2.3605129445923057
1987,41316,14,56244,0.99957346982299,2.3613128085971535
1988,41308,8,56252,0.99971564654866,2.361770117168587
1989,41303,5,56257,0.9998045070022037,2.3620560249860785
1990,41298,5,56262,0.9998933674557475,2.362342002033997
1991,41294,4,56266,0.9999644558185825,2.362570833535138
1992,41293,1,56267,0.9999822279092913,2.3626280483374904
1993,41292,1,56268,1.0,2.362685265911072
