u,phi,delta_phi,microstep
0.0,1.025010250102501e-05,0.0,-1
0.0004100041000410004,2.050020500205002e-05,1.025010250102501e-05,0
0.0008200082000820008,3.075030750307503e-05,1.0250102501025007e-05,1
0.0012197621976219762,4.100041000410004e-05,1.0250102501025014e-05,2
0.0016195161951619516,5.125051250512505e-05,1.0250102501025007e-05,3
0.002019270192701927,6.150061500615006e-05,1.0250102501025007e-05,4
0.0024190241902419026,8.200082000820008e-05,2.0500205002050027e-05,5
0.002818778187781878,9.225092250922509e-05,1.0250102501025007e-05,6
0.0032185321853218534,9.225092250922509e-05,0.0,7
0.0036182861828618286,0.0001025010250102501,1.0250102501025007e-05,8
0.004018040180401804,0.00011275112751127512,1.025010250102502e-05,9
0.004417794177941779,0.0001230012300123001,1.0250102501024993e-05,10
0.004817548175481755,0.00017425174251742517,5.125051250512506e-05,11
0.00521730217302173,0.00017425174251742517,0.0,12
0.005617056170561706,0.00017425174251742517,0.0,13
0.006016810168101681,0.00018450184501845018,1.0250102501025007e-05,14
0.006416564165641656,0.00019475194751947519,1.0250102501025007e-05,15
0.006816318163181631,0.00019475194751947519,0.0,16
0.0072160721607216075,0.00019475194751947519,0.0,17
0.007615826158261583,0.00019475194751947519,0.0,18
0.008015580155801559,0.0002050020500205002,1.0250102501025007e-05,19
0.008415334153341534,0.0002050020500205002,0.0,20
0.008815088150881509,0.0002050020500205002,0.0,21
0.009214842148421484,0.0002665026650266503,6.15006150061501e-05,22
0.00961459614596146,0.0002665026650266503,0.0,23
0.010014350143501435,0.0002665026650266503,0.0,24
0.01041410414104141,0.0002665026650266503,0.0,25
0.010813858138581385,0.00027675276752767527,1.025010250102498e-05,26
0.011213612136121362,0.0002870028700287003,1.0250102501025034e-05,27
0.011613366133661337,0.0002972529725297253,1.025010250102498e-05,28
0.012013120131201312,0.0003075030750307503,1.0250102501025034e-05,29
0.012412874128741288,0.0003075030750307503,0.0,30
0.012812628126281263,0.0003075030750307503,0.0,31
0.013212382123821238,0.0003075030750307503,0.0,32
0.013612136121361213,0.0003075030750307503,0.0,33
0.014011890118901188,0.0003075030750307503,0.0,34
0.014411644116441165,0.0003075030750307503,0.0,35
0.01481139811398114,0.0003075030750307503,0.0,36
0.015211152111521116,0.0003075030750307503,0.0,37
0.01561090610906109,0.0003177531775317753,1.025010250102498e-05,38
0.016010660106601068,0.0003177531775317753,0.0,39
0.01641041410414104,0.0003177531775317753,0.0,40
0.016810168101681018,0.0003177531775317753,0.0,41
0.01720992209922099,0.0003177531775317753,0.0,42
0.01760967609676097,0.00032800328003280033,1.0250102501025034e-05,43
0.018009430094300942,0.00033825338253382536,1.0250102501025034e-05,44
0.01840918409184092,0.00036900369003690036,3.0750307503074994e-05,45
0.018808938089380892,0.0003792537925379254,1.0250102501025034e-05,46
0.01920869208692087,0.0003792537925379254,0.0,47
0.019608446084460846,0.00038950389503895037,1.025010250102498e-05,48
0.02000820008200082,0.00038950389503895037,0.0,49
0.020407954079540797,0.0003997539975399754,1.0250102501025034e-05,50
0.02080770807708077,0.0004100041000410004,1.025010250102498e-05,51
0.021207462074620747,0.0004202542025420254,1.0250102501025034e-05,52
0.02160721607216072,0.00043050430504305045,1.0250102501025034e-05,53
0.022006970069700697,0.00044075440754407543,1.025010250102498e-05,54
0.02240672406724067,0.00045100451004510047,1.0250102501025034e-05,55
0.022806478064780648,0.00046125461254612545,1.025010250102498e-05,56
0.023206232062320625,0.0004715047150471505,1.0250102501025034e-05,57
0.023605986059860598,0.00048175481754817546,1.025010250102498e-05,58
0.024005740057400575,0.0004920049200492004,1.025010250102498e-05,59
0.02440549405494055,0.0005022550225502255,1.0250102501025088e-05,60
0.024805248052480525,0.0005125051250512505,1.025010250102498e-05,61
0.0252050020500205,0.0005227552275522755,1.025010250102498e-05,62
0.025604756047560476,0.0005330053300533006,1.0250102501025088e-05,63
0.026004510045100453,0.0005432554325543256,1.025010250102498e-05,64
0.026404264042640426,0.0005535055350553505,1.025010250102498e-05,65
0.026793767937679378,0.0005637556375563755,1.025010250102498e-05,66
0.027183271832718327,0.0005740057400574006,1.0250102501025088e-05,67
0.02757277572775728,0.0005842558425584256,1.025010250102498e-05,68
0.027962279622796227,0.0005945059450594506,1.025010250102498e-05,69
0.02835178351783518,0.0006047560475604757,1.0250102501025088e-05,70
0.028741287412874128,0.0006150061500615006,1.025010250102498e-05,71
0.02913079130791308,0.0006252562525625256,1.025010250102498e-05,72
0.02952029520295203,0.0006355063550635506,1.025010250102498e-05,73
0.02990979909799098,0.0006457564575645757,1.0250102501025088e-05,74
0.03029930299302993,0.0006560065600656007,1.025010250102498e-05,75
0.03068880688806888,0.0006662566625666256,1.025010250102498e-05,76
0.03107831078310783,0.0007277572775727757,6.15006150061501e-05,77
0.03146781467814678,0.0007380073800738007,1.025010250102498e-05,78
0.03185731857318573,0.0007482574825748257,1.025010250102498e-05,79
0.03224682246822468,0.0007585075850758508,1.0250102501025088e-05,80
0.032636326363263635,0.0007687576875768758,1.025010250102498e-05,81
0.03302583025830258,0.0007790077900779007,1.025010250102498e-05,82
0.03341533415334153,0.0007892578925789258,1.0250102501025088e-05,83
0.033804838048380484,0.0007995079950799508,1.025010250102498e-05,84
0.034194341943419436,0.0008917589175891758,9.225092250922504e-05,85
0.03458384583845839,0.0009122591225912259,2.0500205002050068e-05,86
0.03497334973349733,0.0009225092250922509,1.025010250102498e-05,87
0.035362853628536285,0.0009635096350963509,4.100041000410003e-05,88
0.03575235752357524,0.0009840098400984009,2.050020500204996e-05,89
0.03614186141861419,0.001014760147601476,3.075030750307505e-05,90
0.036531365313653134,0.001025010250102501,1.0250102501025088e-05,91
0.036920869208692086,0.001035260352603526,1.0250102501025088e-05,92
0.03731037310373104,0.001045510455104551,1.0250102501024871e-05,93
0.03769987699876999,0.0010660106601066012,2.0500205002050177e-05,94
0.038089380893808936,0.001107011070110701,4.100041000409992e-05,95
0.03847888478884789,0.0011172611726117262,1.0250102501025088e-05,96
0.03886838868388684,0.001127511275112751,1.0250102501024871e-05,97
0.03925789257892579,0.0011377613776137761,1.0250102501025088e-05,98
0.03964739647396474,0.0011480114801148012,1.0250102501025088e-05,99
0.04003690036900369,0.001158261582615826,1.0250102501024871e-05,100
0.04042640426404264,0.0011685116851168512,1.0250102501025088e-05,101
0.04081590815908159,0.0011787617876178763,1.0250102501025088e-05,102
0.04120541205412054,0.0011890118901189011,1.0250102501024871e-05,103
0.04159491594915949,0.0011992619926199262,1.0250102501025088e-05,104
0.04198441984419844,0.0012095120951209513,1.0250102501025088e-05,105
0.042373923739237394,0.0012300123001230013,2.050020500204996e-05,106
0.04276342763427634,0.0012402624026240261,1.0250102501024871e-05,107
0.04315293152931529,0.0012505125051250512,1.0250102501025088e-05,108
0.043542435424354244,0.0012607626076260763,1.0250102501025088e-05,109
0.043931939319393196,0.0012812628126281263,2.050020500204996e-05,110
0.04432144321443215,0.0012915129151291514,1.0250102501025088e-05,111
0.04471094710947109,0.0013017630176301762,1.0250102501024871e-05,112
0.045100451004510045,0.0013120131201312013,1.0250102501025088e-05,113
0.045489954899549,0.0013222632226322264,1.0250102501025088e-05,114
0.04587945879458795,0.0013325133251332513,1.0250102501024871e-05,115
0.046268962689626894,0.0013427634276342764,1.0250102501025088e-05,116
0.046658466584665846,0.0013530135301353015,1.0250102501025088e-05,117
0.0470479704797048,0.0013632636326363263,1.0250102501024871e-05,118
0.04743747437474375,0.0013735137351373514,1.0250102501025088e-05,119
0.047826978269782695,0.0013837638376383763,1.0250102501024871e-05,120
0.04821648216482165,0.0013940139401394014,1.0250102501025088e-05,121
0.0486059860598606,0.0014042640426404265,1.0250102501025088e-05,122
0.04899548995489955,0.0014145141451414513,1.0250102501024871e-05,123
0.0493849938499385,0.0014350143501435015,2.0500205002050177e-05,124
0.04977449774497745,0.0014555145551455515,2.050020500204996e-05,125
0.0501640016400164,0.0014657646576465766,1.0250102501025088e-05,126
0.05055350553505535,0.0014760147601476014,1.0250102501024871e-05,127
0.0509430094300943,0.0014862648626486265,1.0250102501025088e-05,128
0.05133251332513325,0.0014862648626486265,0.0,129
0.0517220172201722,0.0014862648626486265,0.0,130
0.052111521115211154,0.0014862648626486265,0.0,131
0.052490774907749074,0.0014862648626486265,0.0,132
0.052870028700287,0.0014862648626486265,0.0,133
0.05324928249282493,0.0014862648626486265,0.0,134
0.053628536285362856,0.0014862648626486265,0.0,135
0.054007790077900776,0.0014862648626486265,0.0,136
0.0543870438704387,0.0014862648626486265,0.0,137
0.05476629766297663,0.0014862648626486265,0.0,138
0.05514555145551456,0.0014862648626486265,0.0,139
0.05552480524805248,0.0014862648626486265,0.0,140
0.055904059040590405,0.0014862648626486265,0.0,141
0.05628331283312833,0.0014862648626486265,0.0,142
0.05666256662566626,0.0014862648626486265,0.0,143
0.05704182041820418,0.0014862648626486265,0.0,144
0.05742107421074211,0.0014862648626486265,0.0,145
0.057800328003280034,0.0014862648626486265,0.0,146
0.05817958179581796,0.0014862648626486265,0.0,147
0.05855883558835588,0.0014862648626486265,0.0,148
0.05893808938089381,0.0014862648626486265,0.0,149
0.059317343173431736,0.0014862648626486265,0.0,150
0.05969659696596966,0.0014862648626486265,0.0,151
0.06007585075850758,0.0014862648626486265,0.0,152
0.06045510455104551,0.0014862648626486265,0.0,153
0.06083435834358344,0.0014862648626486265,0.0,154
0.06121361213612136,0.0014862648626486265,0.0,155
0.061592865928659285,0.0014862648626486265,0.0,156
0.06197211972119721,0.0014862648626486265,0.0,157
0.06235137351373514,0.0014862648626486265,0.0,158
0.06273062730627306,0.0014862648626486265,0.0,159
0.063109881098811,0.0014862648626486265,0.0,160
0.06348913489134891,0.0014862648626486265,0.0,161
0.06386838868388683,0.0014862648626486265,0.0,162
0.06424764247642477,0.0014965149651496514,1.0250102501024871e-05,163
0.06462689626896269,0.0014965149651496514,0.0,164
0.06500615006150061,0.0014965149651496514,0.0,165
0.06538540385403854,0.0014965149651496514,0.0,166
0.06576465764657646,0.0014965149651496514,0.0,167
0.0661439114391144,0.0014965149651496514,0.0,168
0.06652316523165232,0.0014965149651496514,0.0,169
0.06690241902419024,0.0014965149651496514,0.0,170
0.06728167281672817,0.0014965149651496514,0.0,171
0.06766092660926609,0.0014965149651496514,0.0,172
0.06804018040180401,0.0014965149651496514,0.0,173
0.06841943419434195,0.0014965149651496514,0.0,174
0.06879868798687987,0.0014965149651496514,0.0,175
0.0691779417794178,0.0014965149651496514,0.0,176
0.06955719557195572,0.0014965149651496514,0.0,177
0.06993644936449364,0.0014965149651496514,0.0,178
0.07031570315703158,0.0014965149651496514,0.0,179
0.0706949569495695,0.0014965149651496514,0.0,180
0.07107421074210742,0.0014965149651496514,0.0,181
0.07145346453464535,0.0014965149651496514,0.0,182
0.07183271832718327,0.0014965149651496514,0.0,183
0.07221197211972119,0.0014965149651496514,0.0,184
0.07259122591225912,0.0014965149651496514,0.0,185
0.07297047970479704,0.0014965149651496514,0.0,186
0.07334973349733498,0.0014965149651496514,0.0,187
0.0737289872898729,0.0014965149651496514,0.0,188
0.07410824108241082,0.0014965149651496514,0.0,189
0.07448749487494875,0.0014965149651496514,0.0,190
0.07486674866748667,0.0014965149651496514,0.0,191
0.0752460024600246,0.0014965149651496514,0.0,192
0.07562525625256253,0.0014965149651496514,0.0,193
0.07600451004510045,0.0014965149651496514,0.0,194
0.07638376383763838,0.0014965149651496514,0.0,195
0.0767630176301763,0.0014965149651496514,0.0,196
0.07714227142271422,0.0014965149651496514,0.0,197
0.07752152521525216,0.0014965149651496514,0.0,198
0.07789052890528905,0.0014965149651496514,0.0,199
0.07825953259532595,0.0014965149651496514,0.0,200
0.07862853628536286,0.0014965149651496514,0.0,201
0.07899753997539975,0.0014965149651496514,0.0,202
0.07936654366543665,0.0014965149651496514,0.0,203
0.07973554735547356,0.0014965149651496514,0.0,204
0.08010455104551045,0.0014965149651496514,0.0,205
0.08047355473554736,0.0014965149651496514,0.0,206
0.08084255842558426,0.0014965149651496514,0.0,207
0.08121156211562115,0.0014965149651496514,0.0,208
0.08158056580565806,0.0014965149651496514,0.0,209
0.08194956949569496,0.0014965149651496514,0.0,210
0.08231857318573185,0.0014965149651496514,0.0,211
0.08268757687576876,0.0014965149651496514,0.0,212
0.08305658056580566,0.0014965149651496514,0.0,213
0.08342558425584255,0.0014965149651496514,0.0,214
0.08379458794587946,0.0014965149651496514,0.0,215
0.08416359163591636,0.0014965149651496514,0.0,216
0.08453259532595327,0.0014965149651496514,0.0,217
0.08490159901599016,0.0015067650676506765,1.0250102501025088e-05,218
0.08527060270602706,0.0015170151701517016,1.0250102501025088e-05,219
0.08563960639606397,0.0015170151701517016,0.0,220
0.08600861008610086,0.0015170151701517016,0.0,221
0.08637761377613776,0.0015170151701517016,0.0,222
0.08674661746617467,0.0015170151701517016,0.0,223
0.08711562115621156,0.0015272652726527264,1.0250102501024871e-05,224
0.08748462484624846,0.0015375153751537515,1.0250102501025088e-05,225
0.08785362853628537,0.0015375153751537515,0.0,226
0.08822263222632226,0.0015375153751537515,0.0,227
0.08859163591635916,0.0015375153751537515,0.0,228
0.08896063960639607,0.0015375153751537515,0.0,229
0.08932964329643296,0.0015375153751537515,0.0,230
0.08969864698646987,0.0015375153751537515,0.0,231
0.09006765067650677,0.0015375153751537515,0.0,232
0.09043665436654366,0.0015375153751537515,0.0,233
0.09080565805658057,0.0023575235752357525,0.000820008200082001,234
0.09117466174661747,0.0023677736777367774,1.0250102501024871e-05,235
0.09154366543665436,0.0023780237802378023,1.0250102501024871e-05,236
0.09191266912669127,0.0023882738827388276,1.0250102501025305e-05,237
0.09228167281672817,0.0023985239852398524,1.0250102501024871e-05,238
0.09265067650676506,0.0024087740877408773,1.0250102501024871e-05,239
0.09301968019680197,0.0024190241902419026,1.0250102501025305e-05,240
0.09338868388683887,0.0024292742927429275,1.0250102501024871e-05,241
0.09375768757687578,0.0024395243952439524,1.0250102501024871e-05,242
0.09412669126691267,0.0024497744977449777,1.0250102501025305e-05,243
0.09449569495694957,0.0024600246002460025,1.0250102501024871e-05,244
0.09486469864698648,0.0024702747027470274,1.0250102501024871e-05,245
0.09523370233702337,0.0024805248052480523,1.0250102501024871e-05,246
0.09560270602706027,0.0025010250102501025,2.0500205002050177e-05,247
0.09597170971709718,0.0025317753177531775,3.075030750307505e-05,248
0.09634071340713407,0.0025420254202542024,1.0250102501024871e-05,249
0.09670971709717097,0.0025522755227552277,1.0250102501025305e-05,250
0.09707872078720788,0.0025625256252562525,1.0250102501024871e-05,251
0.09744772447724477,0.0025727757277572774,1.0250102501024871e-05,252
0.09781672816728167,0.0025727757277572774,0.0,253
0.09818573185731858,0.0025727757277572774,0.0,254
0.09855473554735547,0.0025727757277572774,0.0,255
0.09892373923739238,0.0025727757277572774,0.0,256
0.09929274292742928,0.0025727757277572774,0.0,257
0.09966174661746617,0.0025727757277572774,0.0,258
0.10003075030750308,0.0025727757277572774,0.0,259
0.10039975399753998,0.0025727757277572774,0.0,260
0.10076875768757687,0.0025727757277572774,0.0,261
0.10113776137761378,0.0025727757277572774,0.0,262
0.10150676506765068,0.0025727757277572774,0.0,263
0.10187576875768757,0.0025727757277572774,0.0,264
0.10224477244772448,0.0025727757277572774,0.0,265
0.10261377613776138,0.0025727757277572774,0.0,266
0.10298277982779828,0.0025727757277572774,0.0,267
0.10335178351783518,0.0025830258302583027,1.0250102501025305e-05,268
0.10371053710537105,0.0025830258302583027,0.0,269
0.10406929069290694,0.0025830258302583027,0.0,270
0.1044280442804428,0.0025830258302583027,0.0,271
0.10478679786797868,0.0025830258302583027,0.0,272
0.10514555145551456,0.0025830258302583027,0.0,273
0.10550430504305043,0.0025932759327593276,1.0250102501024871e-05,274
0.1058630586305863,0.0026035260352603525,1.0250102501024871e-05,275
0.10622181221812219,0.0026035260352603525,0.0,276
0.10658056580565806,0.0026035260352603525,0.0,277
0.10693931939319393,0.0026035260352603525,0.0,278
0.10729807298072981,0.0026035260352603525,0.0,279
0.10765682656826568,0.0026035260352603525,0.0,280
0.10801558015580155,0.0026137761377613778,1.0250102501025305e-05,281
0.10837433374333744,0.0026137761377613778,0.0,282
0.10873308733087331,0.0026137761377613778,0.0,283
0.10909184091840918,0.0026137761377613778,0.0,284
0.10945059450594506,0.0026137761377613778,0.0,285
0.10980934809348093,0.0026137761377613778,0.0,286
0.11016810168101682,0.0026137761377613778,0.0,287
0.11052685526855269,0.0026240262402624026,1.0250102501024871e-05,288
0.11088560885608856,0.0026342763427634275,1.0250102501024871e-05,289
0.11124436244362444,0.002644526445264453,1.0250102501025305e-05,290
0.11160311603116031,0.0026547765477654777,1.0250102501024871e-05,291
0.11196186961869618,0.0026650266502665026,1.0250102501024871e-05,292
0.11232062320623207,0.002675276752767528,1.0250102501025305e-05,293
0.11267937679376794,0.002675276752767528,0.0,294
0.11303813038130381,0.002675276752767528,0.0,295
0.11339688396883969,0.002675276752767528,0.0,296
0.11375563755637556,0.002675276752767528,0.0,297
0.11411439114391143,0.002675276752767528,0.0,298
0.11447314473144732,0.002675276752767528,0.0,299
0.11483189831898319,0.002675276752767528,0.0,300
0.11519065190651906,0.002675276752767528,0.0,301
0.11554940549405494,0.002675276752767528,0.0,302
0.11590815908159081,0.002675276752767528,0.0,303
0.11626691266912668,0.0026855268552685527,1.0250102501024871e-05,304
0.11662566625666257,0.0026957769577695776,1.0250102501024871e-05,305
0.11698441984419844,0.002706027060270603,1.0250102501025305e-05,306
0.11734317343173432,0.002716277162771628,1.0250102501024871e-05,307
0.1177019270192702,0.0027265272652726527,1.0250102501024871e-05,308
0.11806068060680606,0.0027265272652726527,0.0,309
0.11841943419434195,0.0027367773677736775,1.0250102501024871e-05,310
0.11877818778187782,0.0027367773677736775,0.0,311
0.11913694136941369,0.0027367773677736775,0.0,312
0.11949569495694957,0.002747027470274703,1.0250102501025305e-05,313
0.11985444854448545,0.0027572775727757277,1.0250102501024871e-05,314
0.12021320213202132,0.0027675276752767526,1.0250102501024871e-05,315
0.1205719557195572,0.002777777777777778,1.0250102501025305e-05,316
0.12093070930709307,0.0027880278802788028,1.0250102501024871e-05,317
0.12128946289462894,0.0027982779827798276,1.0250102501024871e-05,318
0.12164821648216483,0.002808528085280853,1.0250102501025305e-05,319
0.1220069700697007,0.002818778187781878,1.0250102501024871e-05,320
0.12236572365723657,0.0028290282902829027,1.0250102501024871e-05,321
0.12272447724477245,0.002839278392783928,1.0250102501025305e-05,322
0.12308323083230832,0.002849528495284953,1.0250102501024871e-05,323
0.12344198441984419,0.002911029110291103,6.15006150061501e-05,324
0.12380073800738008,0.002921279212792128,1.0250102501024871e-05,325
0.12415949159491595,0.002921279212792128,0.0,326
0.12451824518245183,0.002921279212792128,0.0,327
0.1248769987699877,0.002931529315293153,1.0250102501025305e-05,328
0.12523575235752357,0.002931529315293153,0.0,329
0.12559450594505944,0.002931529315293153,0.0,330
0.1259532595325953,0.002931529315293153,0.0,331
0.1263120131201312,0.002931529315293153,0.0,332
0.12667076670766708,0.002931529315293153,0.0,333
0.12702952029520295,0.002931529315293153,0.0,334
0.12738827388273882,0.002931529315293153,0.0,335
0.1277470274702747,0.002931529315293153,0.0,336
0.1281057810578106,0.002931529315293153,0.0,337
0.12846453464534646,0.002931529315293153,0.0,338
0.12882328823288233,0.002931529315293153,0.0,339
0.12917179171791718,0.002931529315293153,0.0,340
0.12952029520295202,0.002941779417794178,1.0250102501024871e-05,341
0.12986879868798687,0.002972529725297253,3.075030750307505e-05,342
0.13021730217302174,0.002982779827798278,1.0250102501024871e-05,343
0.1305658056580566,0.002993029930299303,1.0250102501024871e-05,344
0.13091430914309143,0.003003280032800328,1.0250102501025305e-05,345
0.13126281262812628,0.003013530135301353,1.0250102501024871e-05,346
0.13161131611316113,0.003023780237802378,1.0250102501024871e-05,347
0.13195981959819597,0.003034030340303403,1.0250102501025305e-05,348
0.13230832308323084,0.003044280442804428,1.0250102501024871e-05,349
0.1326568265682657,0.003054530545305453,1.0250102501024871e-05,350
0.13300533005330054,0.003064780647806478,1.0250102501025305e-05,351
0.13335383353833538,0.003075030750307503,1.0250102501024871e-05,352
0.13370233702337023,0.003075030750307503,0.0,353
0.13405084050840507,0.003075030750307503,0.0,354
0.13439934399343995,0.003075030750307503,0.0,355
0.1347478474784748,0.003075030750307503,0.0,356
0.13509635096350964,0.003075030750307503,0.0,357
0.13544485444854448,0.003075030750307503,0.0,358
0.13579335793357933,0.003075030750307503,0.0,359
0.13614186141861417,0.003085280852808528,1.0250102501024871e-05,360
0.13649036490364905,0.0030955309553095532,1.0250102501025305e-05,361
0.1368388683886839,0.003280032800328003,0.00018450184501844985,362
0.13718737187371874,0.0032902829028290284,1.0250102501025305e-05,363
0.13753587535875358,0.0033005330053300533,1.0250102501024871e-05,364
0.13788437884378843,0.003310783107831078,1.0250102501024871e-05,365
0.13823288232882328,0.0033210332103321034,1.0250102501025305e-05,366
0.13858138581385815,0.0033312833128331283,1.0250102501024871e-05,367
0.138929889298893,0.0033312833128331283,0.0,368
0.13927839278392784,0.0033312833128331283,0.0,369
0.13962689626896269,0.0033312833128331283,0.0,370
0.13997539975399753,0.0033312833128331283,0.0,371
0.14032390323903238,0.0033312833128331283,0.0,372
0.14067240672406725,0.0033312833128331283,0.0,373
0.1410209102091021,0.0033312833128331283,0.0,374
0.14136941369413694,0.0033312833128331283,0.0,375
0.1417179171791718,0.003341533415334153,1.0250102501024871e-05,376
0.14206642066420663,0.003341533415334153,0.0,377
0.14241492414924148,0.003341533415334153,0.0,378
0.14276342763427635,0.003341533415334153,0.0,379
0.1431119311193112,0.003341533415334153,0.0,380
0.14346043460434604,0.003341533415334153,0.0,381
0.1438089380893809,0.003341533415334153,0.0,382
0.14415744157441573,0.003341533415334153,0.0,383
0.1445059450594506,0.003341533415334153,0.0,384
0.14485444854448545,0.003341533415334153,0.0,385
0.1452029520295203,0.003341533415334153,0.0,386
0.14555145551455514,0.0034337843378433783,9.225092250922514e-05,387
0.14589995899959,0.0034440344403444036,1.0250102501025305e-05,388
0.14624846248462484,0.003966789667896679,0.0005227552275522754,389
0.1465969659696597,0.004007790077900779,4.100041000410035e-05,390
0.14694546945469456,0.004018040180401804,1.0250102501024871e-05,391
0.1472939729397294,0.004028290282902829,1.0250102501024871e-05,392
0.14764247642476425,0.004038540385403854,1.0250102501024871e-05,393
0.1479909799097991,0.004048790487904879,1.0250102501024871e-05,394
0.14833948339483394,0.004059040590405904,1.0250102501024871e-05,395
0.1486879868798688,0.0040692906929069295,1.0250102501025739e-05,396
0.14903649036490366,0.004079540795407954,1.0250102501024871e-05,397
0.1493849938499385,0.004089790897908979,1.0250102501024871e-05,398
0.14973349733497335,0.004100041000410004,1.0250102501024871e-05,399
0.1500820008200082,0.004100041000410004,0.0,400
0.15043050430504304,0.004100041000410004,0.0,401
0.1507790077900779,0.004100041000410004,0.0,402
0.15112751127511276,0.004100041000410004,0.0,403
0.1514760147601476,0.004100041000410004,0.0,404
0.15182451824518245,0.004100041000410004,0.0,405
0.1521730217302173,0.004100041000410004,0.0,406
0.15252152521525214,0.004100041000410004,0.0,407
0.15287002870028701,0.004100041000410004,0.0,408
0.15321853218532186,0.004100041000410004,0.0,409
0.1535670356703567,0.004100041000410004,0.0,410
0.15391553915539155,0.004100041000410004,0.0,411
0.1542640426404264,0.004100041000410004,0.0,412
0.15461254612546124,0.004100041000410004,0.0,413
0.1549507995079951,0.004100041000410004,0.0,414
0.1552890528905289,0.004100041000410004,0.0,415
0.15562730627306273,0.004100041000410004,0.0,416
0.15596555965559655,0.004110291102911029,1.0250102501024871e-05,417
0.15630381303813037,0.004120541205412054,1.0250102501024871e-05,418
0.1566420664206642,0.0041307913079130796,1.0250102501025739e-05,419
0.15698031980319804,0.004141041410414104,1.0250102501024871e-05,420
0.15731857318573186,0.004141041410414104,0.0,421
0.15765682656826568,0.004141041410414104,0.0,422
0.1579950799507995,0.004141041410414104,0.0,423
0.15833333333333333,0.004141041410414104,0.0,424
0.15867158671586715,0.004141041410414104,0.0,425
0.159009840098401,0.004141041410414104,0.0,426
0.15934809348093482,0.004151291512915129,1.0250102501024871e-05,427
0.15968634686346864,0.004151291512915129,0.0,428
0.16002460024600246,0.004151291512915129,0.0,429
0.16036285362853628,0.004151291512915129,0.0,430
0.1607011070110701,0.004151291512915129,0.0,431
0.16103936039360395,0.004151291512915129,0.0,432
0.16137761377613777,0.004151291512915129,0.0,433
0.1617158671586716,0.004151291512915129,0.0,434
0.1620541205412054,0.004151291512915129,0.0,435
0.16239237392373923,0.004151291512915129,0.0,436
0.16273062730627305,0.004151291512915129,0.0,437
0.1630688806888069,0.004151291512915129,0.0,438
0.16340713407134072,0.004151291512915129,0.0,439
0.16374538745387454,0.004151291512915129,0.0,440
0.16408364083640836,0.004151291512915129,0.0,441
0.16442189421894218,0.004151291512915129,0.0,442
0.164760147601476,0.004151291512915129,0.0,443
0.16509840098400985,0.004151291512915129,0.0,444
0.16543665436654367,0.004151291512915129,0.0,445
0.1657749077490775,0.004151291512915129,0.0,446
0.16611316113161131,0.004151291512915129,0.0,447
0.16645141451414514,0.004151291512915129,0.0,448
0.16678966789667896,0.004151291512915129,0.0,449
0.1671279212792128,0.004264042640426405,0.00011275112751127532,450
0.16746617466174663,0.0042742927429274295,1.0250102501024871e-05,451
0.16780442804428045,0.004284542845428454,1.0250102501024871e-05,452
0.16814268142681427,0.004284542845428454,0.0,453
0.1684809348093481,0.004284542845428454,0.0,454
0.1688191881918819,0.004284542845428454,0.0,455
0.16915744157441576,0.004284542845428454,0.0,456
0.16949569495694958,0.004284542845428454,0.0,457
0.1698339483394834,0.004284542845428454,0.0,458
0.17017220172201722,0.004284542845428454,0.0,459
0.17051045510455104,0.004284542845428454,0.0,460
0.17084870848708486,0.004284542845428454,0.0,461
0.1711869618696187,0.004284542845428454,0.0,462
0.17152521525215253,0.004284542845428454,0.0,463
0.17186346863468635,0.004284542845428454,0.0,464
0.17220172201722017,0.004284542845428454,0.0,465
0.172539975399754,0.004284542845428454,0.0,466
0.1728782287822878,0.004284542845428454,0.0,467
0.17321648216482166,0.004284542845428454,0.0,468
0.17355473554735548,0.0076978269782697825,0.003413284132841328,469
0.1738929889298893,0.007708077080770807,1.0250102501024871e-05,470
0.17423124231242312,0.007718327183271833,1.0250102501025739e-05,471
0.17456949569495694,0.007728577285772858,1.0250102501024871e-05,472
0.17490774907749077,0.007738827388273883,1.0250102501024871e-05,473
0.1752460024600246,0.007790077900779008,5.1250512505125224e-05,474
0.17558425584255843,0.007800328003280033,1.0250102501024871e-05,475
0.17592250922509226,0.007810578105781058,1.0250102501024871e-05,476
0.17626076260762608,0.007820828208282083,1.0250102501024871e-05,477
0.1765990159901599,0.007831078310783108,1.0250102501024871e-05,478
0.17693726937269372,0.007841328413284132,1.0250102501024871e-05,479
0.17727552275522757,0.007851578515785157,1.0250102501024871e-05,480
0.1776137761377614,0.007861828618286182,1.0250102501024871e-05,481
0.1779520295202952,0.007872078720787207,1.0250102501024871e-05,482
0.17829028290282903,0.007882328823288234,1.0250102501026606e-05,483
0.17862853628536285,0.007892578925789259,1.0250102501024871e-05,484
0.17896678966789667,0.007902829028290283,1.0250102501024871e-05,485
0.17930504305043052,0.007913079130791308,1.0250102501024871e-05,486
0.17964329643296434,0.008159081590815909,0.0002460024600246004,487
0.17998154981549816,0.008169331693316934,1.0250102501024871e-05,488
0.18031980319803198,0.008169331693316934,0.0,489
0.18064780647806478,0.008169331693316934,0.0,490
0.18097580975809757,0.008169331693316934,0.0,491
0.18130381303813037,0.008169331693316934,0.0,492
0.1816318163181632,0.008169331693316934,0.0,493
0.181959819598196,0.008169331693316934,0.0,494
0.18228782287822878,0.008169331693316934,0.0,495
0.18261582615826158,0.008169331693316934,0.0,496
0.18294382943829438,0.008169331693316934,0.0,497
0.18327183271832717,0.008179581795817958,1.0250102501024871e-05,498
0.18359983599836,0.008179581795817958,0.0,499
0.1839278392783928,0.008189831898318983,1.0250102501024871e-05,500
0.1842558425584256,0.008189831898318983,0.0,501
0.18458384583845838,0.008189831898318983,0.0,502
0.18491184911849118,0.008189831898318983,0.0,503
0.18523985239852397,0.008189831898318983,0.0,504
0.1855678556785568,0.008189831898318983,0.0,505
0.1858958589585896,0.008189831898318983,0.0,506
0.1862238622386224,0.008200082000820008,1.0250102501024871e-05,507
0.18655186551865519,0.008210332103321033,1.0250102501024871e-05,508
0.18687986879868798,0.008210332103321033,0.0,509
0.18720787207872078,0.008210332103321033,0.0,510
0.1875358753587536,0.008220582205822058,1.0250102501024871e-05,511
0.1878638786387864,0.008230832308323083,1.0250102501024871e-05,512
0.1881918819188192,0.008241082410824108,1.0250102501024871e-05,513
0.188519885198852,0.008251332513325133,1.0250102501024871e-05,514
0.18884788847888478,0.008251332513325133,0.0,515
0.18917589175891758,0.008251332513325133,0.0,516
0.18950389503895038,0.008251332513325133,0.0,517
0.1898318983189832,0.008251332513325133,0.0,518
0.190159901599016,0.008251332513325133,0.0,519
0.1904879048790488,0.008251332513325133,0.0,520
0.1908159081590816,0.008251332513325133,0.0,521
0.19114391143911438,0.008261582615826159,1.0250102501026606e-05,522
0.19147191471914718,0.008271832718327184,1.0250102501024871e-05,523
0.19179991799918,0.008271832718327184,0.0,524
0.1921279212792128,0.008271832718327184,0.0,525
0.1924559245592456,0.008271832718327184,0.0,526
0.1927839278392784,0.008271832718327184,0.0,527
0.1931119311193112,0.008271832718327184,0.0,528
0.19343993439934398,0.008271832718327184,0.0,529
0.1937679376793768,0.008271832718327184,0.0,530
0.1940959409594096,0.008271832718327184,0.0,531
0.1944239442394424,0.008271832718327184,0.0,532
0.1947519475194752,0.008271832718327184,0.0,533
0.195079950799508,0.008271832718327184,0.0,534
0.19540795407954079,0.008271832718327184,0.0,535
0.1957359573595736,0.008271832718327184,0.0,536
0.1960639606396064,0.008282082820828209,1.0250102501024871e-05,537
0.1963919639196392,0.008292332923329234,1.0250102501024871e-05,538
0.196719967199672,0.008302583025830259,1.0250102501024871e-05,539
0.1970479704797048,0.008323083230832308,2.0500205002049743e-05,540
0.1973759737597376,0.008333333333333333,1.0250102501024871e-05,541
0.19770397703977038,0.008343583435834358,1.0250102501024871e-05,542
0.1980319803198032,0.008353833538335383,1.0250102501024871e-05,543
0.198359983599836,0.008353833538335383,0.0,544
0.1986879868798688,0.008353833538335383,0.0,545
0.1990159901599016,0.008353833538335383,0.0,546
0.1993439934399344,0.008353833538335383,0.0,547
0.1996719967199672,0.008353833538335383,0.0,548
0.2,0.008353833538335383,0.0,549
0.2003280032800328,0.008353833538335383,0.0,550
0.2006560065600656,0.008353833538335383,0.0,551
0.2009840098400984,0.008353833538335383,0.0,552
0.2013120131201312,0.008364083640836408,1.0250102501024871e-05,553
0.201640016400164,0.008374333743337433,1.0250102501024871e-05,554
0.20196801968019681,0.008384583845838458,1.0250102501024871e-05,555
0.2022960229602296,0.008394833948339484,1.0250102501026606e-05,556
0.2026240262402624,0.008394833948339484,0.0,557
0.2029520295202952,0.008394833948339484,0.0,558
0.203280032800328,0.008394833948339484,0.0,559
0.2036080360803608,0.008405084050840509,1.0250102501024871e-05,560
0.20393603936039362,0.008405084050840509,0.0,561
0.2042640426404264,0.008405084050840509,0.0,562
0.2045920459204592,0.008415334153341534,1.0250102501024871e-05,563
0.204920049200492,0.008415334153341534,0.0,564
0.2052480524805248,0.008425584255842559,1.0250102501024871e-05,565
0.2055760557605576,0.008425584255842559,0.0,566
0.2059040590405904,0.008425584255842559,0.0,567
0.2062218122181222,0.008425584255842559,0.0,568
0.20653956539565396,0.008435834358343584,1.0250102501024871e-05,569
0.20685731857318573,0.008446084460844609,1.0250102501024871e-05,570
0.2071750717507175,0.008456334563345633,1.0250102501024871e-05,571
0.20749282492824928,0.008466584665846658,1.0250102501024871e-05,572
0.20781057810578105,0.008466584665846658,0.0,573
0.20812833128331285,0.008476834768347683,1.0250102501024871e-05,574
0.20844608446084462,0.008487084870848708,1.0250102501024871e-05,575
0.2087638376383764,0.008487084870848708,0.0,576
0.20908159081590816,0.008487084870848708,0.0,577
0.20939934399343993,0.008487084870848708,0.0,578
0.2097170971709717,0.008487084870848708,0.0,579
0.21003485034850347,0.008487084870848708,0.0,580
0.21035260352603527,0.008487084870848708,0.0,581
0.21067035670356704,0.008497334973349733,1.0250102501024871e-05,582
0.2109881098810988,0.008497334973349733,0.0,583
0.21130586305863058,0.008507585075850758,1.0250102501024871e-05,584
0.21162361623616235,0.008507585075850758,0.0,585
0.21194136941369413,0.008517835178351784,1.0250102501026606e-05,586
0.21225912259122592,0.008538335383353834,2.0500205002049743e-05,587
0.2125768757687577,0.008538335383353834,0.0,588
0.21289462894628947,0.008538335383353834,0.0,589
0.21321238212382124,0.008538335383353834,0.0,590
0.213530135301353,0.008538335383353834,0.0,591
0.21384788847888478,0.008538335383353834,0.0,592
0.21416564165641658,0.008548585485854859,1.0250102501024871e-05,593
0.21448339483394835,0.008558835588355884,1.0250102501024871e-05,594
0.21480114801148012,0.008558835588355884,0.0,595
0.2151189011890119,0.008558835588355884,0.0,596
0.21543665436654366,0.008569085690856909,1.0250102501024871e-05,597
0.21575440754407543,0.008579335793357934,1.0250102501024871e-05,598
0.2160721607216072,0.008589585895858958,1.0250102501024871e-05,599
0.216389913899139,0.008599835998359983,1.0250102501024871e-05,600
0.21670766707667077,0.008610086100861008,1.0250102501024871e-05,601
0.21702542025420254,0.008620336203362033,1.0250102501024871e-05,602
0.21734317343173432,0.008630586305863058,1.0250102501024871e-05,603
0.2176609266092661,0.008630586305863058,0.0,604
0.21797867978679786,0.008630586305863058,0.0,605
0.21829643296432966,0.008630586305863058,0.0,606
0.21861418614186143,0.008630586305863058,0.0,607
0.2189319393193932,0.008630586305863058,0.0,608
0.21924969249692497,0.008630586305863058,0.0,609
0.21956744567445674,0.008630586305863058,0.0,610
0.2198851988519885,0.008630586305863058,0.0,611
0.22020295202952028,0.008640836408364083,1.0250102501024871e-05,612
0.22052070520705208,0.008640836408364083,0.0,613
0.22083845838458385,0.008640836408364083,0.0,614
0.22115621156211562,0.008681836818368184,4.100041000410122e-05,615
0.2214739647396474,0.008692086920869209,1.0250102501024871e-05,616
0.22179171791717917,0.008692086920869209,0.0,617
0.22210947109471094,0.008692086920869209,0.0,618
0.22242722427224274,0.008692086920869209,0.0,619
0.2227449774497745,0.008692086920869209,0.0,620
0.22306273062730628,0.008692086920869209,0.0,621
0.22338048380483805,0.008692086920869209,0.0,622
0.22369823698236982,0.008702337023370234,1.0250102501024871e-05,623
0.2240159901599016,0.008712587125871259,1.0250102501024871e-05,624
0.22433374333743336,0.008712587125871259,0.0,625
0.22465149651496516,0.008712587125871259,0.0,626
0.22496924969249693,0.008722837228372284,1.0250102501024871e-05,627
0.2252870028700287,0.008722837228372284,0.0,628
0.22560475604756047,0.008722837228372284,0.0,629
0.22592250922509224,0.008722837228372284,0.0,630
0.22624026240262401,0.008733087330873308,1.0250102501024871e-05,631
0.2265580155801558,0.008743337433374333,1.0250102501024871e-05,632
0.22687576875768758,0.008743337433374333,0.0,633
0.22719352193521936,0.008743337433374333,0.0,634
0.22751127511275113,0.008743337433374333,0.0,635
0.2278290282902829,0.008743337433374333,0.0,636
0.22814678146781467,0.008743337433374333,0.0,637
0.22846453464534644,0.008743337433374333,0.0,638
0.22878228782287824,0.008753587535875358,1.0250102501024871e-05,639
0.22910004100041,0.008763837638376383,1.0250102501024871e-05,640
0.22941779417794178,0.008763837638376383,0.0,641
0.22973554735547355,0.008763837638376383,0.0,642
0.23005330053300532,0.008763837638376383,0.0,643
0.2303710537105371,0.008763837638376383,0.0,644
0.2306888068880689,0.008763837638376383,0.0,645
0.23100656006560066,0.008763837638376383,0.0,646
0.23132431324313243,0.008763837638376383,0.0,647
0.23163181631816318,0.008763837638376383,0.0,648
0.23193931939319393,0.00877408774087741,1.0250102501026606e-05,649
0.23224682246822467,0.00877408774087741,0.0,650
0.23255432554325542,0.00877408774087741,0.0,651
0.2328618286182862,0.00877408774087741,0.0,652
0.23316933169331694,0.00877408774087741,0.0,653
0.23347683476834769,0.00877408774087741,0.0,654
0.23378433784337843,0.00877408774087741,0.0,655
0.23409184091840918,0.011480114801148012,0.0027060270602706025,656
0.23439934399343992,0.011490364903649037,1.0250102501024871e-05,657
0.2347068470684707,0.011705617056170561,0.00021525215252152403,658
0.23501435014350144,0.011715867158671586,1.0250102501024871e-05,659
0.2353218532185322,0.011767117671176712,5.125051250512609e-05,660
0.23562935629356294,0.011777367773677737,1.0250102501024871e-05,661
0.23593685936859368,0.011787617876178762,1.0250102501024871e-05,662
0.23624436244362443,0.011797867978679787,1.0250102501024871e-05,663
0.23655186551865517,0.011859368593685938,6.150061500615096e-05,664
0.23685936859368595,0.011869618696186962,1.0250102501024871e-05,665
0.2371668716687167,0.012546125461254613,0.0006765067650676502,666
0.23747437474374744,0.012679376793767938,0.00013325133251332506,667
0.2377818778187782,0.012689626896268963,1.0250102501024871e-05,668
0.23808938089380893,0.012710127101271012,2.0500205002049743e-05,669
0.23839688396883968,0.013007380073800739,0.0002972529725297265,670
0.23870438704387043,0.013017630176301764,1.0250102501024871e-05,671
0.2390118901189012,0.013027880278802789,1.0250102501024871e-05,672
0.23931939319393195,0.013632636326363263,0.0006047560475604744,673
0.2396268962689627,0.013632636326363263,0.0,674
0.23993439934399344,0.013632636326363263,0.0,675
0.24024190241902418,0.013632636326363263,0.0,676
0.24054940549405493,0.013632636326363263,0.0,677
0.2408569085690857,0.013632636326363263,0.0,678
0.24116441164411645,0.013632636326363263,0.0,679
0.2414719147191472,0.013632636326363263,0.0,680
0.24177941779417794,0.013632636326363263,0.0,681
0.2420869208692087,0.013632636326363263,0.0,682
0.24239442394423943,0.013632636326363263,0.0,683
0.24270192701927018,0.013632636326363263,0.0,684
0.24300943009430095,0.013632636326363263,0.0,685
0.2433169331693317,0.013632636326363263,0.0,686
0.24362443624436245,0.013632636326363263,0.0,687
0.2439319393193932,0.013632636326363263,0.0,688
0.24423944239442394,0.013632636326363263,0.0,689
0.24454694546945469,0.013632636326363263,0.0,690
0.24485444854448543,0.013632636326363263,0.0,691
0.2451619516195162,0.013632636326363263,0.0,692
0.24546945469454695,0.013632636326363263,0.0,693
0.2457769577695777,0.013632636326363263,0.0,694
0.24608446084460844,0.013632636326363263,0.0,695
0.2463919639196392,0.013632636326363263,0.0,696
0.24669946699466994,0.013632636326363263,0.0,697
0.2470069700697007,0.013632636326363263,0.0,698
0.24731447314473146,0.013632636326363263,0.0,699
0.2476219762197622,0.013632636326363263,0.0,700
0.24792947929479295,0.013632636326363263,0.0,701
0.2482369823698237,0.013632636326363263,0.0,702
0.24854448544485444,0.013632636326363263,0.0,703
0.2488519885198852,0.013632636326363263,0.0,704
0.24915949159491596,0.013632636326363263,0.0,705
0.2494669946699467,0.013632636326363263,0.0,706
0.24977449774497745,0.013632636326363263,0.0,707
0.2500820008200082,0.013632636326363263,0.0,708
0.25038950389503895,0.013796637966379664,0.0001640016400164014,709
0.2506970069700697,0.013827388273882739,3.0750307503074614e-05,710
0.25100451004510044,0.013847888478884789,2.0500205002049743e-05,711
0.2513120131201312,0.013888888888888888,4.1000410004099486e-05,712
0.25161951619516193,0.01392988929889299,4.100041000410122e-05,713
0.2519270192701927,0.013940139401394014,1.0250102501024871e-05,714
0.2522345223452235,0.013950389503895039,1.0250102501024871e-05,715
0.2525420254202542,0.013960639606396064,1.0250102501024871e-05,716
0.25284952849528497,0.013970889708897089,1.0250102501024871e-05,717
0.2531570315703157,0.013981139811398114,1.0250102501024871e-05,718
0.25346453464534646,0.013991389913899139,1.0250102501024871e-05,719
0.2537720377203772,0.014001640016400163,1.0250102501024871e-05,720
0.25407954079540795,0.014011890118901188,1.0250102501024871e-05,721
0.2543870438704387,0.014022140221402213,1.0250102501024871e-05,722
0.25469454694546945,0.01403239032390324,1.0250102501026606e-05,723
0.2550020500205002,0.014042640426404265,1.0250102501024871e-05,724
0.25530955309553094,0.01405289052890529,1.0250102501024871e-05,725
0.2556170561705617,0.014063140631406314,1.0250102501024871e-05,726
0.25592455924559243,0.01407339073390734,1.0250102501024871e-05,727
0.25623206232062323,0.014083640836408364,1.0250102501024871e-05,728
0.256539565395654,0.014093890938909389,1.0250102501024871e-05,729
0.2568470684706847,0.014186141861418615,9.225092250922558e-05,730
0.25715457154571547,0.01419639196391964,1.0250102501024871e-05,731
0.25745182451824516,0.014206642066420664,1.0250102501024871e-05,732
0.2577490774907749,0.01421689216892169,1.0250102501024871e-05,733
0.2580463304633046,0.014227142271422714,1.0250102501024871e-05,734
0.25834358343583436,0.014237392373923739,1.0250102501024871e-05,735
0.2586408364083641,0.014247642476424764,1.0250102501024871e-05,736
0.2589380893808938,0.014257892578925789,1.0250102501024871e-05,737
0.25923534235342355,0.014268142681426814,1.0250102501024871e-05,738
0.25953259532595324,0.014309143091430915,4.100041000410122e-05,739
0.259829848298483,0.01431939319393194,1.0250102501024871e-05,740
0.2601271012710127,0.014329643296432965,1.0250102501024871e-05,741
0.26042435424354243,0.01433989339893399,1.0250102501024871e-05,742
0.2607216072160722,0.014350143501435014,1.0250102501024871e-05,743
0.2610188601886019,0.01436039360393604,1.0250102501024871e-05,744
0.2613161131611316,0.014370643706437064,1.0250102501024871e-05,745
0.2616133661336613,0.014391143911439114,2.0500205002049743e-05,746
0.26191061910619107,0.014401394013940139,1.0250102501024871e-05,747
0.26220787207872076,0.014411644116441165,1.0250102501026606e-05,748
0.2625051250512505,0.01442189421894219,1.0250102501024871e-05,749
0.26280237802378026,0.014432144321443215,1.0250102501024871e-05,750
0.26309963099630995,0.01444239442394424,1.0250102501024871e-05,751
0.2633968839688397,0.014452644526445265,1.0250102501024871e-05,752
0.2636941369413694,0.01454489544895449,9.225092250922558e-05,753
0.26399138991389914,0.01456539565395654,2.0500205002049743e-05,754
0.26428864288642884,0.014596145961459615,3.0750307503074614e-05,755
0.2645858958589586,0.014637146371463714,4.1000410004099486e-05,756
0.26488314883148834,0.01472939729397294,9.225092250922558e-05,757
0.26518040180401803,0.01483189831898319,0.00010250102501025045,758
0.2654776547765478,0.01491389913899139,8.200082000819897e-05,759
0.26577490774907747,0.01493439934399344,2.0500205002051478e-05,760
0.2660721607216072,0.01505740057400574,0.0001230012300123002,761
0.2663694136941369,0.015088150881508815,3.0750307503074614e-05,762
0.26666666666666666,0.015621156211562116,0.0005330053300533003,763
0.2669639196391964,0.015723657236572364,0.00010250102501024871,764
0.2672611726117261,0.015795407954079542,7.175071750717757e-05,765
0.26755842558425585,0.015805658056580567,1.0250102501024871e-05,766
0.26785567855678555,0.01581590815908159,1.0250102501024871e-05,767
0.2681529315293153,0.01589790897908979,8.200082000819897e-05,768
0.26845018450184505,0.015908159081590816,1.0250102501024871e-05,769
0.26874743747437474,0.01591840918409184,1.0250102501024871e-05,770
0.2690446904469045,0.015928659286592865,1.0250102501024871e-05,771
0.2693419434194342,0.01610291102911029,0.00017425174251742628,772
0.26963919639196393,0.016113161131611316,1.0250102501024871e-05,773
0.2699364493644936,0.016174661746617466,6.150061500614923e-05,774
0.2702337023370234,0.01620541205412054,3.0750307503074614e-05,775
0.2705309553095531,0.016236162361623615,3.0750307503074614e-05,776
0.2708282082820828,0.016256662566625665,2.0500205002049743e-05,777
0.27112546125461257,0.016287412874128743,3.0750307503078084e-05,778
0.27142271422714226,0.016605166051660517,0.0003177531775317745,779
0.271719967199672,0.01667691676916769,7.17507175071741e-05,780
0.2720172201722017,0.01671791717917179,4.1000410004099486e-05,781
0.27231447314473145,0.016851168511685118,0.0001332513325133268,782
0.2726117261172612,0.016861418614186142,1.0250102501024871e-05,783
0.2729089790897909,0.016902419024190242,4.1000410004099486e-05,784
0.27320623206232064,0.01692291922919229,2.0500205002049743e-05,785
0.27350348503485034,0.01692291922919229,0.0,786
0.2738007380073801,0.016953669536695366,3.0750307503074614e-05,787
0.2740979909799098,0.016953669536695366,0.0,788
0.2743952439524395,0.016953669536695366,0.0,789
0.2746924969249693,0.01696391963919639,1.0250102501024871e-05,790
0.27498974989749897,0.017394423944239443,0.00043050430504305154,791
0.2752870028700287,0.017404674046740468,1.0250102501024871e-05,792
0.2755842558425584,0.017455924559245592,5.125051250512436e-05,793
0.27588150881508816,0.017486674866748667,3.0750307503074614e-05,794
0.27617876178761785,0.01749692496924969,1.0250102501024871e-05,795
0.2764760147601476,0.017507175071750716,1.0250102501024871e-05,796
0.27677326773267735,0.017507175071750716,0.0,797
0.27707052070520705,0.01751742517425174,1.0250102501024871e-05,798
0.2773677736777368,0.01751742517425174,0.0,799
0.2776650266502665,0.01760967609676097,9.225092250922731e-05,800
0.27796227962279624,0.017619926199261993,1.0250102501024871e-05,801
0.27825953259532593,0.017630176301763018,1.0250102501024871e-05,802
0.2785567855678557,0.017640426404264043,1.0250102501024871e-05,803
0.27885403854038543,0.017640426404264043,0.0,804
0.2791512915129151,0.017640426404264043,0.0,805
0.27944854448544487,0.017640426404264043,0.0,806
0.27974579745797457,0.017640426404264043,0.0,807
0.2800430504305043,0.017640426404264043,0.0,808
0.280340303403034,0.017640426404264043,0.0,809
0.28063755637556376,0.017640426404264043,0.0,810
0.2809348093480935,0.017640426404264043,0.0,811
0.2812320623206232,0.017640426404264043,0.0,812
0.28152931529315295,0.017640426404264043,0.0,813
0.28182656826568264,0.017640426404264043,0.0,814
0.2821238212382124,0.017640426404264043,0.0,815
0.2824210742107421,0.017640426404264043,0.0,816
0.28271832718327183,0.017640426404264043,0.0,817
0.28300533005330053,0.017640426404264043,0.0,818
0.2832923329233292,0.017640426404264043,0.0,819
0.2835793357933579,0.017640426404264043,0.0,820
0.2838663386633866,0.017640426404264043,0.0,821
0.2841533415334153,0.017640426404264043,0.0,822
0.284440344403444,0.017640426404264043,0.0,823
0.2847273472734727,0.017640426404264043,0.0,824
0.28501435014350146,0.017640426404264043,0.0,825
0.28530135301353016,0.017640426404264043,0.0,826
0.28558835588355885,0.017640426404264043,0.0,827
0.28587535875358755,0.017640426404264043,0.0,828
0.28616236162361625,0.017640426404264043,0.0,829
0.28644936449364494,0.017640426404264043,0.0,830
0.28673636736367364,0.017640426404264043,0.0,831
0.28702337023370234,0.017640426404264043,0.0,832
0.28731037310373103,0.017640426404264043,0.0,833
0.28759737597375973,0.017640426404264043,0.0,834
0.2878843788437884,0.017640426404264043,0.0,835
0.2881713817138171,0.017640426404264043,0.0,836
0.2884583845838458,0.017640426404264043,0.0,837
0.2887453874538745,0.017640426404264043,0.0,838
0.28903239032390327,0.017640426404264043,0.0,839
0.28931939319393196,0.017640426404264043,0.0,840
0.28960639606396066,0.017640426404264043,0.0,841
0.28989339893398935,0.017640426404264043,0.0,842
0.29018040180401805,0.017640426404264043,0.0,843
0.29046740467404675,0.017640426404264043,0.0,844
0.29075440754407544,0.017640426404264043,0.0,845
0.29104141041410414,0.017640426404264043,0.0,846
0.29132841328413284,0.017640426404264043,0.0,847
0.29161541615416153,0.017640426404264043,0.0,848
0.29190241902419023,0.017640426404264043,0.0,849
0.2921894218942189,0.017640426404264043,0.0,850
0.2924764247642476,0.017640426404264043,0.0,851
0.2927634276342763,0.017640426404264043,0.0,852
0.29305043050430507,0.017640426404264043,0.0,853
0.29333743337433377,0.017640426404264043,0.0,854
0.29362443624436246,0.017640426404264043,0.0,855
0.29391143911439116,0.017640426404264043,0.0,856
0.29419844198441986,0.017640426404264043,0.0,857
0.29448544485444855,0.017640426404264043,0.0,858
0.29477244772447725,0.017640426404264043,0.0,859
0.29505945059450595,0.021576465764657646,0.003936039360393603,860
0.29534645346453464,0.02158671586715867,1.0250102501024871e-05,861
0.29563345633456334,0.02162771627716277,4.1000410004099486e-05,862
0.29592045920459203,0.021709717097170973,8.200082000820244e-05,863
0.29620746207462073,0.021750717507175072,4.1000410004099486e-05,864
0.2964944649446494,0.021965969659696598,0.00021525215252152577,865
0.2967814678146781,0.021976219762197623,1.0250102501024871e-05,866
0.2970684706847068,0.02205822058220582,8.200082000819897e-05,867
0.29735547355473557,0.02219147191471915,0.0001332513325133268,868
0.29764247642476427,0.022201722017220173,1.0250102501024871e-05,869
0.29792947929479296,0.022211972119721198,1.0250102501024871e-05,870
0.29821648216482166,0.0224169741697417,0.0002050020500205009,871
0.29850348503485036,0.022427224272242724,1.0250102501024871e-05,872
0.29879048790487905,0.02243747437474375,1.0250102501024871e-05,873
0.29907749077490775,0.0227449774497745,0.0003075030750307496,874
0.29936449364493645,0.022765477654776548,2.0500205002049743e-05,875
0.29965149651496514,0.022960229602296024,0.00019475194751947603,876
0.29993849938499384,0.0230319803198032,7.17507175071741e-05,877
0.30022550225502254,0.023042230422304223,1.0250102501024871e-05,878
0.30051250512505123,0.023042230422304223,0.0,879
0.30079950799507993,0.023042230422304223,0.0,880
0.3010865108651086,0.023042230422304223,0.0,881
0.3013735137351374,0.023042230422304223,0.0,882
0.3016605166051661,0.023042230422304223,0.0,883
0.30194751947519477,0.023042230422304223,0.0,884
0.30223452234522347,0.023042230422304223,0.0,885
0.30252152521525216,0.023042230422304223,0.0,886
0.30280852808528086,0.023042230422304223,0.0,887
0.30309553095530956,0.023042230422304223,0.0,888
0.30338253382533825,0.023042230422304223,0.0,889
0.30366953669536695,0.023042230422304223,0.0,890
0.30395653956539564,0.030289052890528904,0.007246822468224681,891
0.30424354243542434,0.030350553505535054,6.150061500614923e-05,892
0.30453054530545304,0.030432554325543256,8.200082000820244e-05,893
0.30481754817548173,0.030637556375563757,0.0002050020500205009,894
0.30510455104551043,0.03066830668306683,3.0750307503074614e-05,895
0.3053915539155392,0.03496309963099631,0.004294792947929477,896
0.3056785567855679,0.03499384993849938,3.0750307503074614e-05,897
0.3059655596555966,0.03509635096350964,0.00010250102501025565,898
0.30625256252562527,0.03519885198851989,0.00010250102501024871,899
0.30653956539565397,0.035280852808528086,8.200082000819897e-05,900
0.30682656826568266,0.035321853218532186,4.1000410004099486e-05,901
0.30711357113571136,0.03545510455104551,0.00013325133251332333,902
0.30740057400574006,0.03552685526855268,7.17507175071741e-05,903
0.30768757687576875,0.03557810578105781,5.125051250512436e-05,904
0.30797457974579745,0.03568060680606806,0.00010250102501025565,905
0.30826158261582615,0.03576260762607626,8.200082000819897e-05,906
0.30853833538335385,0.03578310783107831,2.0500205002049743e-05,907
0.3088150881508815,0.03584460844608446,6.150061500614923e-05,908
0.3090918409184092,0.035895858958589585,5.125051250512436e-05,909
0.30936859368593683,0.035957359573595735,6.150061500614923e-05,910
0.30964534645346453,0.035998359983599834,4.1000410004099486e-05,911
0.30992209922099223,0.03600861008610086,1.0250102501024871e-05,912
0.3101988519885199,0.03608036080360803,7.17507175071741e-05,913
0.3104756047560476,0.036131611316113164,5.1250512505131296e-05,914
0.3107523575235752,0.03614186141861419,1.0250102501024871e-05,915
0.3110291102911029,0.03616236162361624,2.0500205002049743e-05,916
0.31130586305863056,0.036172611726117264,1.0250102501024871e-05,917
0.31158261582615826,0.03623411234112341,6.150061500614923e-05,918
0.31185936859368596,0.03624436244362444,1.0250102501024871e-05,919
0.3121361213612136,0.03625461254612546,1.0250102501024871e-05,920
0.3124128741287413,0.03628536285362854,3.0750307503074614e-05,921
0.31268962689626895,0.03629561295612956,1.0250102501024871e-05,922
0.31296637966379665,0.03630586305863059,1.0250102501024871e-05,923
0.3132431324313243,0.03633661336613366,3.0750307503074614e-05,924
0.313519885198852,0.03634686346863469,1.0250102501024871e-05,925
0.3137966379663797,0.036572365723657234,0.00022550225502254717,926
0.31407339073390733,0.03658261582615826,1.0250102501024871e-05,927
0.31435014350143503,0.036592865928659284,1.0250102501024871e-05,928
0.3146268962689627,0.03660311603116031,1.0250102501024871e-05,929
0.3149036490364904,0.03661336613366133,1.0250102501024871e-05,930
0.315180401804018,0.03662361623616236,1.0250102501024871e-05,931
0.3154571545715457,0.03663386633866339,1.025010250103181e-05,932
0.3157339073390734,0.036644116441164415,1.0250102501024871e-05,933
0.31601066010660106,0.036685116851168514,4.1000410004099486e-05,934
0.31628741287412876,0.03669536695366954,1.0250102501024871e-05,935
0.3165641656416564,0.036705617056170564,1.0250102501024871e-05,936
0.3168409184091841,0.03671586715867159,1.0250102501024871e-05,937
0.31711767117671175,0.036726117261172614,1.0250102501024871e-05,938
0.31739442394423945,0.03673636736367364,1.0250102501024871e-05,939
0.31767117671176714,0.036746617466174664,1.0250102501024871e-05,940
0.3179479294792948,0.03675686756867569,1.0250102501024871e-05,941
0.3182246822468225,0.03676711767117671,1.0250102501024871e-05,942
0.31850143501435013,0.03677736777367774,1.0250102501024871e-05,943
0.31877818778187783,0.03680811808118081,3.0750307503074614e-05,944
0.3190549405494055,0.03681836818368184,1.0250102501024871e-05,945
0.3193316933169332,0.03682861828618286,1.0250102501024871e-05,946
0.3196084460844608,0.03687986879868799,5.125051250512436e-05,947
0.3198851988519885,0.03690036900369004,2.0500205002049743e-05,948
0.3201619516195162,0.03693111931119311,3.0750307503074614e-05,949
0.32043870438704386,0.036941369413694136,1.0250102501024871e-05,950
0.32071545715457156,0.03695161951619516,1.0250102501024871e-05,951
0.3209922099220992,0.036961869618696186,1.0250102501024871e-05,952
0.3212689626896269,0.03697211972119721,1.0250102501024871e-05,953
0.32154571545715455,0.036982369823698236,1.0250102501024871e-05,954
0.32182246822468225,0.03699261992619926,1.0250102501024871e-05,955
0.32209922099220994,0.037002870028700285,1.0250102501024871e-05,956
0.3223759737597376,0.03744362443624436,0.0004407544075440764,957
0.3226527265272653,0.03752562525625256,8.200082000819897e-05,958
0.32292947929479293,0.03754612546125461,2.0500205002049743e-05,959
0.32320623206232063,0.03756662566625666,2.0500205002049743e-05,960
0.3234829848298483,0.03758712587125871,2.0500205002049743e-05,961
0.323759737597376,0.037597375973759735,1.0250102501024871e-05,962
0.3240364903649037,0.03760762607626076,1.0250102501024871e-05,963
0.3243132431324313,0.037617876178761785,1.0250102501024871e-05,964
0.324589995899959,0.03762812628126281,1.0250102501024871e-05,965
0.32486674866748666,0.037638376383763834,1.0250102501024871e-05,966
0.32514350143501436,0.037812628126281264,0.00017425174251742975,967
0.325420254202542,0.03782287822878229,1.0250102501024871e-05,968
0.3256970069700697,0.037833128331283314,1.0250102501024871e-05,969
0.3259737597375974,0.03784337843378434,1.0250102501024871e-05,970
0.32625051250512505,0.037853628536285364,1.0250102501024871e-05,971
0.32652726527265274,0.044311193111931116,0.006457564575645752,972
0.3268040180401804,0.04432144321443215,1.025010250103181e-05,973
0.3270807708077081,0.04433169331693317,1.0250102501024871e-05,974
0.32735752357523573,0.04485444854448545,0.0005227552275522754,975
0.32763427634276343,0.04486469864698647,1.0250102501024871e-05,976
0.32791102911029113,0.0449159491594916,5.125051250512436e-05,977
0.3281877818778188,0.04492619926199262,1.0250102501024871e-05,978
0.3284645346453465,0.04493644936449365,1.0250102501024871e-05,979
0.3287412874128741,0.044977449774497746,4.1000410004099486e-05,980
0.3290180401804018,0.045038950389503896,6.150061500614923e-05,981
0.32929479294792946,0.04509020090200902,5.125051250512436e-05,982
0.32957154571545716,0.04515170151701517,6.150061500614923e-05,983
0.3298482984829848,0.045161951619516194,1.0250102501024871e-05,984
0.3301250512505125,0.04517220172201722,1.0250102501024871e-05,985
0.3304018040180402,0.045182451824518244,1.0250102501024871e-05,986
0.33067855678556785,0.04519270192701927,1.0250102501024871e-05,987
0.33095530955309554,0.045202952029520294,1.0250102501024871e-05,988
0.3312320623206232,0.04521320213202132,1.0250102501024871e-05,989
0.3315088150881509,0.04522345223452234,1.0250102501024871e-05,990
0.33178556785567853,0.04523370233702337,1.0250102501024871e-05,991
0.33206232062320623,0.04524395243952439,1.0250102501024871e-05,992
0.33233907339073393,0.04525420254202542,1.0250102501024871e-05,993
0.3326158261582616,0.04526445264452644,1.0250102501024871e-05,994
0.3328925789257893,0.04527470274702747,1.0250102501024871e-05,995
0.3331693316933169,0.04528495284952849,1.0250102501024871e-05,996
0.3334460844608446,0.04529520295202952,1.0250102501024871e-05,997
0.33372283722837226,0.04530545305453054,1.0250102501024871e-05,998
0.33399958999589996,0.04531570315703157,1.0250102501024871e-05,999
0.3342660926609266,0.04533620336203362,2.0500205002049743e-05,1000
0.33453259532595325,0.04534645346453465,1.025010250103181e-05,1001
0.3347990979909799,0.045356703567035674,1.0250102501024871e-05,1002
0.33506560065600655,0.0453669536695367,1.0250102501024871e-05,1003
0.3353321033210332,0.04537720377203772,1.0250102501024871e-05,1004
0.33559860598605984,0.04538745387453875,1.0250102501024871e-05,1005
0.3358651086510865,0.04539770397703977,1.0250102501024871e-05,1006
0.3361316113161132,0.0454079540795408,1.0250102501024871e-05,1007
0.33639811398113983,0.04554120541205412,0.00013325133251332333,1008
0.3366646166461665,0.045551455514555146,1.0250102501024871e-05,1009
0.33693111931119313,0.045571955719557196,2.0500205002049743e-05,1010
0.3371976219762198,0.05097375973759738,0.0054018040180401836,1011
0.3374641246412464,0.050984009840098404,1.0250102501024871e-05,1012
0.33773062730627307,0.05099425994259943,1.0250102501024871e-05,1013
0.3379971299712997,0.051004510045100454,1.0250102501024871e-05,1014
0.33826363263632636,0.0510660106601066,6.150061500614923e-05,1015
0.338530135301353,0.05107626076260763,1.0250102501024871e-05,1016
0.33879663796637965,0.05108651086510865,1.0250102501024871e-05,1017
0.3390631406314063,0.05109676096760968,1.0250102501024871e-05,1018
0.33932964329643295,0.051240262402624026,0.0001435014350143482,1019
0.3395961459614596,0.05145551455514555,0.0002152521525215223,1020
0.33986264862648624,0.05146576465764657,1.0250102501024871e-05,1021
0.3401291512915129,0.0514760147601476,1.0250102501024871e-05,1022
0.3403956539565396,0.05148626486264863,1.025010250103181e-05,1023
0.34066215662156624,0.05178351783517835,0.00029725297252972127,1024
0.3409286592865929,0.051793767937679376,1.0250102501024871e-05,1025
0.34119516195161953,0.051916769167691675,0.00012300123001229846,1026
0.3414616646166462,0.051957769577695774,4.1000410004099486e-05,1027
0.3417281672816728,0.0519680196801968,1.0250102501024871e-05,1028
0.34199466994669947,0.05201927019270193,5.1250512505131296e-05,1029
0.3422611726117261,0.05203977039770398,2.0500205002049743e-05,1030
0.34252767527675276,0.052050020500205005,1.0250102501024871e-05,1031
0.3427941779417794,0.05208077080770808,3.0750307503074614e-05,1032
0.34306068060680606,0.052091020910209104,1.0250102501024871e-05,1033
0.3433271832718327,0.05216277162771628,7.17507175071741e-05,1034
0.34359368593685935,0.05228577285772858,0.00012300123001229846,1035
0.343860188601886,0.0522960229602296,1.0250102501024871e-05,1036
0.34412669126691264,0.05230627306273063,1.0250102501024871e-05,1037
0.34439319393193935,0.053116031160311605,0.0008097580975809787,1038
0.344659696596966,0.05316728167281673,5.125051250512436e-05,1039
0.34492619926199264,0.05318778187781878,2.0500205002049743e-05,1040
0.3451927019270193,0.053218532185321854,3.0750307503074614e-05,1041
0.34545920459204593,0.05322878228782288,1.0250102501024871e-05,1042
0.3457257072570726,0.05326978269782698,4.1000410004099486e-05,1043
0.3459922099220992,0.053280032800328,1.0250102501024871e-05,1044
0.34625871258712587,0.05329028290282903,1.0250102501024871e-05,1045
0.3465252152521525,0.05330053300533005,1.0250102501024871e-05,1046
0.34679171791717917,0.05334153341533415,4.1000410004099486e-05,1047
0.3470582205822058,0.05337228372283723,3.0750307503074614e-05,1048
0.34732472324723246,0.0534440344403444,7.17507175071741e-05,1049
0.3475912259122591,0.05357728577285773,0.00013325133251333027,1050
0.34785772857728575,0.05359778597785978,2.0500205002049743e-05,1051
0.3481242312423124,0.053608036080360806,1.0250102501024871e-05,1052
0.3483907339073391,0.05361828618286183,1.0250102501024871e-05,1053
0.34865723657236575,0.053628536285362856,1.0250102501024871e-05,1054
0.3489237392373924,0.05363878638786388,1.0250102501024871e-05,1055
0.34919024190241904,0.053649036490364906,1.0250102501024871e-05,1056
0.3494567445674457,0.05365928659286593,1.0250102501024871e-05,1057
0.34972324723247233,0.05388478884788848,0.00022550225502254717,1058
0.349989749897499,0.0538950389503895,1.0250102501024871e-05,1059
0.3502562525625256,0.05391553915539155,2.0500205002049743e-05,1060
0.3505227552275523,0.05392578925789258,1.0250102501024871e-05,1061
0.3507892578925789,0.0539360393603936,1.0250102501024871e-05,1062
0.35105576055760557,0.05404879048790488,0.00011275112751128052,1063
0.3513222632226322,0.05405904059040591,1.0250102501024871e-05,1064
0.35158876588765886,0.05406929069290693,1.0250102501024871e-05,1065
0.3518552685526855,0.054223042230422305,0.00015375153751537307,1066
0.35212177121771215,0.05425379253792538,3.0750307503074614e-05,1067
0.3523882738827388,0.054264042640426405,1.0250102501024871e-05,1068
0.3526547765477655,0.05459204592045921,0.0003280032800328028,1069
0.35292127921279215,0.054715047150471506,0.00012300123001229846,1070
0.3531877818778188,0.05478679786797868,7.17507175071741e-05,1071
0.35345428454284544,0.05480729807298073,2.0500205002049743e-05,1072
0.3537207872078721,0.054838048380483805,3.0750307503074614e-05,1073
0.35398728987289874,0.054899548995489954,6.150061500614923e-05,1074
0.3542537925379254,0.0549610496104961,6.150061500614923e-05,1075
0.35452029520295203,0.05498154981549815,2.0500205002049743e-05,1076
0.3547867978679787,0.05499179991799918,1.0250102501024871e-05,1077
0.3550533005330053,0.05517630176301763,0.00018450184501845462,1078
0.35531980319803197,0.055627306273062734,0.0004510045100451013,1079
0.3555863058630586,0.05563755637556376,1.0250102501024871e-05,1080
0.35585280852808526,0.05564780647806478,1.0250102501024871e-05,1081
0.3561193111931119,0.05565805658056581,1.0250102501024871e-05,1082
0.35638581385813856,0.05566830668306683,1.0250102501024871e-05,1083
0.35665231652316526,0.05567855678556786,1.0250102501024871e-05,1084
0.3569188191881919,0.05568880688806888,1.0250102501024871e-05,1085
0.35718532185321855,0.05569905699056991,1.0250102501024871e-05,1086
0.3574518245182452,0.05571955719557196,2.0500205002049743e-05,1087
0.35771832718327184,0.05572980729807298,1.0250102501024871e-05,1088
0.3579848298482985,0.05574005740057401,1.0250102501024871e-05,1089
0.35825133251332514,0.05575030750307503,1.0250102501024871e-05,1090
0.3585178351783518,0.05576055760557606,1.0250102501024871e-05,1091
0.35878433784337843,0.05577080770807708,1.0250102501024871e-05,1092
0.3590508405084051,0.05578105781057811,1.0250102501024871e-05,1093
0.3593173431734317,0.05579130791307913,1.0250102501024871e-05,1094
0.35958384583845837,0.055801558015580156,1.0250102501024871e-05,1095
0.359840098400984,0.05581180811808118,1.0250102501024871e-05,1096
0.3600963509635096,0.05587330873308733,6.150061500614923e-05,1097
0.36035260352603526,0.05597580975809758,0.00010250102501024871,1098
0.36060885608856086,0.055986059860598604,1.0250102501024871e-05,1099
0.3608651086510865,0.05604756047560475,6.150061500614923e-05,1100
0.36112136121361216,0.05605781057810578,1.0250102501024871e-05,1101
0.36137761377613775,0.0560680606806068,1.0250102501024871e-05,1102
0.3616338663386634,0.0560680606806068,0.0,1103
0.361890118901189,0.0560680606806068,0.0,1104
0.36214637146371464,0.05607831078310783,1.0250102501024871e-05,1105
0.36240262402624024,0.05608856088560885,1.0250102501024871e-05,1106
0.3626588765887659,0.056098810988109885,1.025010250103181e-05,1107
0.36291512915129154,0.05610906109061091,1.0250102501024871e-05,1108
0.36317138171381713,0.056119311193111934,1.0250102501024871e-05,1109
0.3634276342763428,0.05612956129561296,1.0250102501024871e-05,1110
0.3636838868388684,0.056139811398113984,1.0250102501024871e-05,1111
0.363940139401394,0.05615006150061501,1.0250102501024871e-05,1112
0.3641963919639196,0.056160311603116034,1.0250102501024871e-05,1113
0.36445264452644527,0.05617056170561706,1.0250102501024871e-05,1114
0.36470889708897086,0.05620131201312013,3.0750307503074614e-05,1115
0.3649651496514965,0.05621156211562116,1.0250102501024871e-05,1116
0.36522140221402216,0.05622181221812218,1.0250102501024871e-05,1117
0.36547765477654776,0.05629356293562936,7.17507175071741e-05,1118
0.3657339073390734,0.05630381303813038,1.0250102501024871e-05,1119
0.365990159901599,0.05631406314063141,1.0250102501024871e-05,1120
0.36624641246412465,0.05632431324313243,1.0250102501024871e-05,1121
0.36650266502665024,0.05633456334563346,1.0250102501024871e-05,1122
0.3667589175891759,0.05634481344813448,1.0250102501024871e-05,1123
0.36701517015170154,0.056355063550635506,1.0250102501024871e-05,1124
0.36727142271422714,0.05636531365313653,1.0250102501024871e-05,1125
0.3675276752767528,0.056375563755637556,1.0250102501024871e-05,1126
0.3677839278392784,0.05638581385813858,1.0250102501024871e-05,1127
0.36804018040180403,0.056396063960639606,1.0250102501024871e-05,1128
0.3682964329643296,0.05644731447314473,5.125051250512436e-05,1129
0.3685526855268553,0.05644731447314473,0.0,1130
0.36880893808938087,0.056457564575645755,1.0250102501024871e-05,1131
0.3690651906519065,0.05646781467814678,1.0250102501024871e-05,1132
0.36932144321443217,0.056478064780647805,1.0250102501024871e-05,1133
0.36957769577695776,0.05691881918819188,0.0004407544075440764,1134
0.3698339483394834,0.056929069290692906,1.0250102501024871e-05,1135
0.370090200902009,0.05693931939319393,1.0250102501024871e-05,1136
0.37034645346453465,0.056949569495694956,1.0250102501024871e-05,1137
0.37060270602706025,0.05695981959819598,1.0250102501024871e-05,1138
0.3708589585895859,0.05695981959819598,0.0,1139
0.37111521115211155,0.05695981959819598,0.0,1140
0.37137146371463714,0.056970069700697006,1.0250102501024871e-05,1141
0.3716277162771628,0.05698031980319803,1.0250102501024871e-05,1142
0.3718839688396884,0.056990569905699055,1.0250102501024871e-05,1143
0.37214022140221403,0.05700082000820008,1.0250102501024871e-05,1144
0.3723964739647396,0.057031570315703155,3.0750307503074614e-05,1145
0.3726527265272653,0.05704182041820418,1.0250102501024871e-05,1146
0.37290897908979087,0.057052070520705205,1.0250102501024871e-05,1147
0.3731652316523165,0.05706232062320623,1.0250102501024871e-05,1148
0.37342148421484217,0.057072570725707254,1.0250102501024871e-05,1149
0.37367773677736776,0.05708282082820828,1.0250102501024871e-05,1150
0.3739339893398934,0.057093070930709304,1.0250102501024871e-05,1151
0.374190241902419,0.05710332103321033,1.0250102501024871e-05,1152
0.37444649446494466,0.057113571135711354,1.0250102501024871e-05,1153
0.37470274702747025,0.057123821238212386,1.025010250103181e-05,1154
0.3749589995899959,0.05713407134071341,1.0250102501024871e-05,1155
0.37521525215252155,0.05715457154571546,2.0500205002049743e-05,1156
0.37547150471504714,0.057164821648216485,1.0250102501024871e-05,1157
0.3757277572775728,0.07445674456744568,0.017291922919229194,1158
0.3759840098400984,0.07447724477244773,2.0500205002049743e-05,1159
0.37624026240262404,0.07453874538745388,6.150061500614923e-05,1160
0.37649651496514963,0.07455924559245593,2.0500205002049743e-05,1161
0.3767527675276753,0.0747949979499795,0.00023575235752357204,1162
0.3770090200902009,0.07490774907749077,0.00011275112751127359,1163
0.3772652726527265,0.07514350143501435,0.00023575235752357204,1164
0.3775215252152522,0.07529725297252972,0.00015375153751537307,1165
0.37777777777777777,0.07533825338253383,4.1000410004113363e-05,1166
0.3780340303403034,0.07538950389503896,5.125051250512436e-05,1167
0.378290282902829,0.0755330053300533,0.0001435014350143482,1168
0.37854653546535466,0.07555350553505535,2.0500205002049743e-05,1169
0.37880278802788026,0.10280852808528085,0.027255022550225494,1170
0.3790590405904059,0.10281877818778187,1.0250102501024871e-05,1171
0.37931529315293155,0.10289052890528905,7.17507175071741e-05,1172
0.37957154571545715,0.1029520295202952,6.150061500614923e-05,1173
0.3798277982779828,0.10312628126281263,0.0001742517425174367,1174
0.3800840508405084,0.10315703157031571,3.0750307503074614e-05,1175
0.38034030340303404,0.10322878228782288,7.17507175071741e-05,1176
0.38059655596555964,0.10330053300533006,7.17507175071741e-05,1177
0.3808528085280853,0.10338253382533825,8.200082000819897e-05,1178
0.3811090610906109,0.10342353423534235,4.1000410004099486e-05,1179
0.38136531365313653,0.10346453464534645,4.1000410004099486e-05,1180
0.3816215662156622,0.10361828618286183,0.00015375153751537307,1181
0.38187781877818777,0.10372078720787208,0.00010250102501024871,1182
0.3821340713407134,0.10388478884788847,0.00016400164001639794,1183
0.382390323903239,0.10391553915539155,3.0750307503074614e-05,1184
0.38264657646576467,0.10405904059040591,0.00014350143501436208,1185
0.38290282902829026,0.10407954079540796,2.0500205002049743e-05,1186
0.3831590815908159,0.10416154161541616,8.200082000819897e-05,1187
0.38341533415334156,0.10424354243542436,8.200082000819897e-05,1188
0.38367158671586715,0.10430504305043051,6.150061500614923e-05,1189
0.3839278392783928,0.10440754407544076,0.00010250102501024871,1190
0.3841840918409184,0.10449979499794998,9.225092250922384e-05,1191
0.38444034440344405,0.10453054530545305,3.0750307503074614e-05,1192
0.38469659696596964,0.1045920459204592,6.150061500614923e-05,1193
0.3849528495284953,0.10462279622796228,3.0750307503074614e-05,1194
0.3852091020910209,0.1047560475604756,0.00013325133251332333,1195
0.38545510455104554,0.1047970479704797,4.1000410004099486e-05,1196
0.38570110701107013,0.10485854858548585,6.150061500614923e-05,1197
0.38594710947109473,0.1048790487904879,2.0500205002049743e-05,1198
0.3861931119311193,0.10499179991799917,0.00011275112751127359,1199
0.3864391143911439,0.10510455104551046,0.00011275112751128746,1200
0.3866851168511685,0.10548380483804838,0.00037925379253792024,1201
0.3869311193111931,0.10567855678556785,0.00019475194751947256,1202
0.3871771217712177,0.10572980729807298,5.125051250512436e-05,1203
0.3874231242312423,0.10585280852808528,0.00012300123001229846,1204
0.3876691266912669,0.10604756047560476,0.00019475194751948643,1205
0.3879151291512915,0.10615006150061501,0.00010250102501024871,1206
0.3881611316113161,0.10627306273062731,0.00012300123001229846,1207
0.3884071340713407,0.10631406314063141,4.1000410004099486e-05,1208
0.3886531365313653,0.10644731447314473,0.00013325133251332333,1209
0.3888991389913899,0.10647806478064781,3.0750307503074614e-05,1210
0.3891451414514145,0.10657031570315703,9.225092250922384e-05,1211
0.38939114391143914,0.10670356703567035,0.00013325133251332333,1212
0.38963714637146374,0.10671381713817138,1.0250102501024871e-05,1213
0.38988314883148834,0.10674456744567445,3.0750307503074614e-05,1214
0.39012915129151293,0.10690856908569085,0.00016400164001639794,1215
0.39037515375153753,0.10718532185321854,0.0002767527675276854,1216
0.3906211562115621,0.10722632226322264,4.1000410004099486e-05,1217
0.3908671586715867,0.10738007380073801,0.00015375153751537307,1218
0.3911131611316113,0.10744157441574416,6.150061500614923e-05,1219
0.3913591635916359,0.10751332513325133,7.17507175071741e-05,1220
0.3916051660516605,0.10756457564575646,5.125051250512436e-05,1221
0.3918511685116851,0.10757482574825748,1.0250102501024871e-05,1222
0.3920971709717097,0.10854858548585486,0.0009737597375973767,1223
0.3923431734317343,0.10864083640836408,9.225092250922384e-05,1224
0.3925891758917589,0.10865108651086511,1.0250102501024871e-05,1225
0.3928351783517835,0.10882533825338253,0.00017425174251742281,1226
0.3930811808118081,0.10884583845838458,2.0500205002049743e-05,1227
0.3933271832718327,0.10887658876588766,3.0750307503074614e-05,1228
0.39357318573185734,0.10888683886838868,1.0250102501024871e-05,1229
0.39381918819188194,0.10891758917589175,3.0750307503074614e-05,1230
0.39406519065190654,0.10892783927839278,1.0250102501024871e-05,1231
0.39431119311193114,0.10895858958589585,3.0750307503074614e-05,1232
0.39455719557195573,0.10913284132841329,0.0001742517425174367,1233
0.39480319803198033,0.10914309143091432,1.0250102501024871e-05,1234
0.3950492004920049,0.10916359163591637,2.0500205002049743e-05,1235
0.3952952029520295,0.10918409184091842,2.0500205002049743e-05,1236
0.3955412054120541,0.10920459204592046,2.0500205002049743e-05,1237
0.3957872078720787,0.10922509225092251,2.0500205002049743e-05,1238
0.3960332103321033,0.10923534235342354,1.0250102501024871e-05,1239
0.3962792127921279,0.10951209512095121,0.00027675276752767153,1240
0.3965252152521525,0.10989134891348913,0.00037925379253792024,1241
0.3967712177121771,0.10990159901599016,1.0250102501024871e-05,1242
0.3970172201722017,0.10993234932349323,3.0750307503074614e-05,1243
0.3972632226322263,0.10995284952849528,2.0500205002049743e-05,1244
0.3975092250922509,0.10998359983599836,3.0750307503074614e-05,1245
0.39775522755227555,0.10999384993849938,1.0250102501024871e-05,1246
0.39800123001230014,0.11016810168101682,0.0001742517425174367,1247
0.39824723247232474,0.11017835178351784,1.0250102501024871e-05,1248
0.39849323493234934,0.11019885198851989,2.0500205002049743e-05,1249
0.39873923739237394,0.11022960229602297,3.0750307503074614e-05,1250
0.39898523985239853,0.11023985239852399,1.0250102501024871e-05,1251
0.39923124231242313,0.11025010250102502,1.0250102501024871e-05,1252
0.3994772447724477,0.11037310373103731,0.00012300123001229846,1253
0.3997232472324723,0.11038335383353834,1.0250102501024871e-05,1254
0.3999692496924969,0.11039360393603936,1.0250102501024871e-05,1255
0.4002152521525215,0.11042435424354244,3.0750307503074614e-05,1256
0.4004612546125461,0.11049610496104961,7.17507175071741e-05,1257
0.4007072570725707,0.11053710537105371,4.1000410004099486e-05,1258
0.4009532595325953,0.11055760557605576,2.0500205002049743e-05,1259
0.4011992619926199,0.11057810578105781,2.0500205002049743e-05,1260
0.4014452644526445,0.11059860598605986,2.0500205002049743e-05,1261
0.40169126691266915,0.11060885608856089,1.0250102501024871e-05,1262
0.40193726937269375,0.11085485854858548,0.0002460024600245969,1263
0.40218327183271835,0.11097785977859778,0.00012300123001229846,1264
0.40242927429274294,0.1109881098810988,1.0250102501024871e-05,1265
0.40267527675276754,0.11100861008610086,2.0500205002049743e-05,1266
0.40292127921279214,0.11135711357113572,0.0003485034850348595,1267
0.40316728167281674,0.11142886428864289,7.17507175071741e-05,1268
0.40341328413284133,0.11150061500615006,7.17507175071741e-05,1269
0.40365928659286593,0.11153136531365314,3.0750307503074614e-05,1270
0.4039052890528905,0.11154161541615416,1.0250102501024871e-05,1271
0.4041512915129151,0.11156211562115621,2.0500205002049743e-05,1272
0.4043972939729397,0.11161336613366134,5.125051250512436e-05,1273
0.4046432964329643,0.11162361623616236,1.0250102501024871e-05,1274
0.4048892988929889,0.11163386633866339,1.0250102501024871e-05,1275
0.4051353013530135,0.11164411644116441,1.0250102501024871e-05,1276
0.4053813038130381,0.11165436654366544,1.0250102501024871e-05,1277
0.4056273062730627,0.11166461664616646,1.0250102501024871e-05,1278
0.40587330873308736,0.11167486674866749,1.0250102501024871e-05,1279
0.40611931119311195,0.11177736777367774,0.00010250102501024871,1280
0.40636531365313655,0.11183886838868388,6.150061500614923e-05,1281
0.40661131611316115,0.11301763017630176,0.001178761787617874,1282
0.40685731857318574,0.11316113161131611,0.0001435014350143482,1283
0.40710332103321034,0.11318163181631816,2.0500205002049743e-05,1284
0.40734932349323494,0.11319188191881918,1.0250102501024871e-05,1285
0.40759532595325954,0.1132328823288233,4.1000410004113363e-05,1286
0.40784132841328413,0.11337638376383764,0.0001435014350143482,1287
0.40808733087330873,0.11377613776137761,0.00039975399753997,1288
0.4083333333333333,0.11380688806888069,3.0750307503074614e-05,1289
0.4085793357933579,0.11387863878638786,7.17507175071741e-05,1290
0.4088253382533825,0.11406314063140631,0.00018450184501844769,1291
0.4090713407134071,0.11415539155391553,9.225092250922384e-05,1292
0.4093173431734317,0.11422714227142271,7.17507175071741e-05,1293
0.4095633456334563,0.11427839278392785,5.1250512505138235e-05,1294
0.4098093480934809,0.1142988929889299,2.0500205002049743e-05,1295
0.41005535055350556,0.11448339483394834,0.00018450184501844769,1296
0.41030135301353016,0.11458589585895859,0.00010250102501024871,1297
0.41054735547355475,0.11459614596145962,1.0250102501024871e-05,1298
0.41079335793357935,0.11466789667896679,7.17507175071741e-05,1299
0.4110291102911029,0.11467814678146782,1.0250102501024871e-05,1300
0.4112648626486265,0.11479089790897909,0.00011275112751127359,1301
0.41150061500615004,0.11492414924149241,0.00013325133251332333,1302
0.41173636736367364,0.11500615006150061,8.200082000819897e-05,1303
0.41197211972119724,0.11508815088150881,8.200082000819897e-05,1304
0.4122078720787208,0.11511890118901189,3.0750307503074614e-05,1305
0.4124436244362444,0.11512915129151291,1.0250102501024871e-05,1306
0.4126793767937679,0.11513940139401393,1.0250102501024871e-05,1307
0.4129151291512915,0.11514965149651496,1.0250102501024871e-05,1308
0.41315088150881507,0.11529315293152932,0.00014350143501436208,1309
0.41338663386633867,0.11530340303403035,1.0250102501024871e-05,1310
0.4136223862238622,0.11531365313653137,1.0250102501024871e-05,1311
0.4138581385813858,0.11534440344403445,3.0750307503074614e-05,1312
0.4140938909389094,0.11547765477654777,0.00013325133251332333,1313
0.41432964329643296,0.11549815498154982,2.0500205002049743e-05,1314
0.41456539565395656,0.11551865518655187,2.0500205002049743e-05,1315
0.4148011480114801,0.11559040590405904,7.17507175071741e-05,1316
0.4150369003690037,0.11574415744157442,0.00015375153751537307,1317
0.41527265272652725,0.11577490774907749,3.0750307503074614e-05,1318
0.41550840508405085,0.11578515785157852,1.0250102501024871e-05,1319
0.4157441574415744,0.11615416154161541,0.00036900369003689537,1320
0.415979909799098,0.11621566215662156,6.150061500614923e-05,1321
0.4162156621566216,0.11622591225912259,1.0250102501024871e-05,1322
0.41645141451414514,0.11624641246412463,2.0500205002049743e-05,1323
0.41668716687166873,0.11627716277162771,3.0750307503074614e-05,1324
0.4169229192291923,0.116389913899139,0.00011275112751128746,1325
0.4171586715867159,0.11640016400164002,1.0250102501024871e-05,1326
0.4173944239442394,0.11649241492414925,9.225092250922384e-05,1327
0.417630176301763,0.11650266502665027,1.0250102501024871e-05,1328
0.41786592865928657,0.1165129151291513,1.0250102501024871e-05,1329
0.41810168101681017,0.11653341533415335,2.0500205002049743e-05,1330
0.41833743337433377,0.11660516605166052,7.17507175071741e-05,1331
0.4185731857318573,0.11675891758917589,0.00015375153751537307,1332
0.4188089380893809,0.11683066830668307,7.17507175071741e-05,1333
0.41904469044690446,0.11684091840918409,1.0250102501024871e-05,1334
0.41928044280442806,0.11712792127921279,0.0002870028700286964,1335
0.4195161951619516,0.11713817138171381,1.0250102501024871e-05,1336
0.4197519475194752,0.11715867158671586,2.0500205002049743e-05,1337
0.41998769987699874,0.11716892168921689,1.0250102501024871e-05,1338
0.42022345223452234,0.11718942189421894,2.0500205002049743e-05,1339
0.42045920459204594,0.11724067240672406,5.125051250512436e-05,1340
0.4206949569495695,0.11725092250922509,1.0250102501024871e-05,1341
0.4209307093070931,0.11763017630176302,0.0003792537925379341,1342
0.42116646166461663,0.11764042640426405,1.0250102501024871e-05,1343
0.42140221402214023,0.11833743337433374,0.0006970069700696913,1344
0.4216379663796638,0.11838868388683887,5.1250512505138235e-05,1345
0.4218737187371874,0.11840918409184092,2.0500205002049743e-05,1346
0.4221094710947109,0.11847068470684707,6.150061500614923e-05,1347
0.4223452234522345,0.1185219352193522,5.125051250512436e-05,1348
0.4225809758097581,0.11870643706437065,0.00018450184501844769,1349
0.42281672816728166,0.11897293972939729,0.00026650266502664666,1350
0.42305248052480526,0.11922919229192291,0.0002562525625256218,1351
0.4232882328823288,0.11924969249692496,2.0500205002049743e-05,1352
0.4235239852398524,0.11925994259942599,1.0250102501024871e-05,1353
0.42375973759737595,0.11929069290692906,3.0750307503074614e-05,1354
0.42399548995489955,0.11936244362443624,7.17507175071741e-05,1355
0.42423124231242315,0.11957769577695777,0.00021525215252153618,1356
0.4244669946699467,0.11959819598195982,2.0500205002049743e-05,1357
0.4247027470274703,0.11960844608446085,1.0250102501024871e-05,1358
0.42493849938499384,0.11964944649446495,4.1000410004099486e-05,1359
0.42517425174251744,0.11989544895448954,0.0002460024600245969,1360
0.425410004100041,0.1199159491594916,2.0500205002049743e-05,1361
0.4256457564575646,0.11997744977449774,6.150061500614923e-05,1362
0.42588150881508813,0.12028495284952849,0.00030750307503074614,1363
0.4261172611726117,0.12030545305453054,2.0500205002049743e-05,1364
0.4263530135301353,0.12036695366953669,6.150061500614923e-05,1365
0.42658876588765887,0.12051045510455105,0.00014350143501436208,1366
0.42682451824518247,0.1205309553095531,2.0500205002049743e-05,1367
0.427060270602706,0.12055145551455515,2.0500205002049743e-05,1368
0.4272960229602296,0.12060270602706027,5.125051250512436e-05,1369
0.42753177531775316,0.1214739647396474,0.000871258712587128,1370
0.42776752767527676,0.12160721607216073,0.00013325133251332333,1371
0.4280032800328003,0.121719967199672,0.00011275112751127359,1372
0.4282390323903239,0.12224272242722427,0.0005227552275522684,1373
0.4284747847478475,0.12234522345223452,0.00010250102501024871,1374
0.42871053710537105,0.1224989749897499,0.00015375153751538695,1375
0.42894628946289465,0.12264247642476425,0.0001435014350143482,1376
0.4291820418204182,0.1227449774497745,0.00010250102501024871,1377
0.4294177941779418,0.12276547765477655,2.0500205002049743e-05,1378
0.42965354653546534,0.1227859778597786,2.0500205002049743e-05,1379
0.42988929889298894,0.12280647806478065,2.0500205002049743e-05,1380
0.4301250512505125,0.1235239852398524,0.0007175071750717549,1381
0.4303608036080361,0.12363673636736368,0.00011275112751127359,1382
0.4305965559655597,0.12367773677736778,4.1000410004099486e-05,1383
0.4308323083230832,0.12554325543255432,0.0018655186551865405,1384
0.4310680606806068,0.1257790077900779,0.00023575235752357204,1385
0.43130381303813037,0.12579950799507994,2.0500205002049743e-05,1386
0.43153956539565397,0.12587125871258711,7.17507175071741e-05,1387
0.4317753177531775,0.1259430094300943,7.17507175071741e-05,1388
0.4320110701107011,0.12596350963509634,2.0500205002049743e-05,1389
0.43224682246822466,0.1261480114801148,0.00018450184501847544,1390
0.43248257482574826,0.1263017630176302,0.00015375153751537307,1391
0.43271832718327186,0.1263530135301353,5.125051250512436e-05,1392
0.4329540795407954,0.12641451414514146,6.150061500614923e-05,1393
0.433189831898319,0.12644526445264453,3.0750307503074614e-05,1394
0.43342558425584254,0.12649651496514966,5.125051250512436e-05,1395
0.43366133661336614,0.1269270192701927,0.0004305043050430446,1396
0.4338970889708897,0.12693726937269373,1.0250102501024871e-05,1397
0.4341328413284133,0.12695776957769578,2.0500205002049743e-05,1398
0.43436859368593683,0.12698851988519885,3.0750307503074614e-05,1399
0.43460434604346043,0.127050020500205,6.150061500614923e-05,1400
0.43484009840098403,0.12706027060270603,1.0250102501024871e-05,1401
0.4350758507585076,0.12708077080770808,2.0500205002049743e-05,1402
0.4353116031160312,0.12711152111521115,3.0750307503074614e-05,1403
0.4355473554735547,0.1271320213202132,2.0500205002049743e-05,1404
0.4357831078310783,0.12734727347273472,0.0002152521525215223,1405
0.43601886018860186,0.12736777367773677,2.0500205002049743e-05,1406
0.43625461254612546,0.12739852398523985,3.0750307503074614e-05,1407
0.436480114801148,0.1274190241902419,2.0500205002049743e-05,1408
0.43670561705617056,0.1275420254202542,0.00012300123001229846,1409
0.4369311193111931,0.12757277572775727,3.0750307503074614e-05,1410
0.43715662156621565,0.1276650266502665,9.225092250922384e-05,1411
0.4373821238212382,0.12768552685526854,2.0500205002049743e-05,1412
0.43760762607626075,0.12805453054530544,0.00036900369003689537,1413
0.4378331283312833,0.12806478064780646,1.0250102501024871e-05,1414
0.43805863058630584,0.12811603116031162,5.125051250515211e-05,1415
0.4382841328413284,0.12813653136531367,2.0500205002049743e-05,1416
0.43850963509635094,0.1281467814678147,1.0250102501024871e-05,1417
0.43873513735137354,0.1281877818778188,4.1000410004099486e-05,1418
0.4389606396063961,0.12820828208282084,2.0500205002049743e-05,1419
0.43918614186141863,0.12829028290282904,8.200082000819897e-05,1420
0.4394116441164412,0.1283927839278393,0.00010250102501024871,1421
0.4396371463714637,0.12841328413284134,2.0500205002049743e-05,1422
0.4398626486264863,0.12842353423534236,1.0250102501024871e-05,1423
0.4400881508815088,0.1284337843378434,1.0250102501024871e-05,1424
0.44031365313653137,0.1284440344403444,1.0250102501024871e-05,1425
0.4405391553915539,0.12845428454284544,1.0250102501024871e-05,1426
0.44076465764657646,0.1284747847478475,2.0500205002049743e-05,1427
0.440990159901599,0.1284850348503485,1.0250102501024871e-05,1428
0.44121566215662156,0.12853628536285364,5.125051250512436e-05,1429
0.4414411644116441,0.12857728577285774,4.1000410004099486e-05,1430
0.44166666666666665,0.12879253792537926,0.0002152521525215223,1431
0.4418921689216892,0.12919229192291923,0.00039975399753997,1432
0.44211767117671175,0.12957154571545715,0.00037925379253792024,1433
0.4423431734317343,0.1295920459204592,2.0500205002049743e-05,1434
0.44256867568675684,0.12964329643296432,5.125051250512436e-05,1435
0.44279417794177944,0.1300020500205002,0.0003587535875358705,1436
0.443019680196802,0.1300430504305043,4.1000410004099486e-05,1437
0.44324518245182454,0.13025830258302584,0.00021525215252155006,1438
0.4434706847068471,0.13034030340303404,8.200082000819897e-05,1439
0.44369618696186963,0.13055555555555556,0.0002152521525215223,1440
0.4439216892168922,0.13080155801558016,0.0002460024600245969,1441
0.4441471914719147,0.13121156211562116,0.00041000410004099486,1442
0.4443726937269373,0.13125256252562525,4.1000410004099486e-05,1443
0.4445981959819598,0.13128331283312833,3.0750307503074614e-05,1444
0.44482369823698237,0.1313140631406314,3.0750307503074614e-05,1445
0.4450492004920049,0.13142681426814268,0.00011275112751127359,1446
0.44527470274702746,0.13175481754817547,0.0003280032800327959,1447
0.44550020500205,0.13181631816318162,6.150061500614923e-05,1448
0.44572570725707256,0.1318470684706847,3.0750307503074614e-05,1449
0.4459512095120951,0.13189831898318982,5.125051250512436e-05,1450
0.44617671176711765,0.13194956949569495,5.125051250512436e-05,1451
0.4464022140221402,0.131970069700697,2.0500205002049743e-05,1452
0.44662771627716275,0.13198031980319802,1.0250102501024871e-05,1453
0.44685321853218535,0.13219557195571957,0.00021525215252155006,1454
0.4470787207872079,0.13246207462074622,0.00026650266502664666,1455
0.44730422304223044,0.13252357523575237,6.150061500614923e-05,1456
0.447529725297253,0.13254407544075442,2.0500205002049743e-05,1457
0.44775522755227554,0.1325748257482575,3.0750307503074614e-05,1458
0.4479807298072981,0.13259532595325954,2.0500205002049743e-05,1459
0.44820623206232063,0.1327388273882739,0.0001435014350143482,1460
0.4484317343173432,0.1327388273882739,0.0,1461
0.4486572365723657,0.1327388273882739,0.0,1462
0.4488827388273883,0.1327388273882739,0.0,1463
0.4491082410824108,0.1327388273882739,0.0,1464
0.44933374333743337,0.1327388273882739,0.0,1465
0.4495592455924559,0.1327388273882739,0.0,1466
0.44978474784747846,0.1327388273882739,0.0,1467
0.450010250102501,0.1327388273882739,0.0,1468
0.45023575235752356,0.1327388273882739,0.0,1469
0.4504612546125461,0.1327388273882739,0.0,1470
0.45068675686756865,0.1327388273882739,0.0,1471
0.45091225912259125,0.1327388273882739,0.0,1472
0.4511377613776138,0.1327388273882739,0.0,1473
0.45136326363263635,0.1327388273882739,0.0,1474
0.4515887658876589,0.1327388273882739,0.0,1475
0.45181426814268144,0.1327388273882739,0.0,1476
0.452039770397704,0.1327388273882739,0.0,1477
0.45226527265272654,0.1327388273882739,0.0,1478
0.4524907749077491,0.1327388273882739,0.0,1479
0.45271627716277163,0.1327388273882739,0.0,1480
0.4529417794177942,0.1327388273882739,0.0,1481
0.4531672816728167,0.1327388273882739,0.0,1482
0.45339278392783927,0.1327388273882739,0.0,1483
0.4536182861828618,0.1327388273882739,0.0,1484
0.45384378843788437,0.1327388273882739,0.0,1485
0.4540692906929069,0.1327388273882739,0.0,1486
0.45429479294792946,0.1327388273882739,0.0,1487
0.454520295202952,0.1327388273882739,0.0,1488
0.45474579745797455,0.1327388273882739,0.0,1489
0.45497129971299716,0.1327388273882739,0.0,1490
0.4551968019680197,0.1327388273882739,0.0,1491
0.45542230422304225,0.1327388273882739,0.0,1492
0.4556478064780648,0.1327388273882739,0.0,1493
0.45587330873308735,0.1327388273882739,0.0,1494
0.4560988109881099,0.1327388273882739,0.0,1495
0.45632431324313244,0.1327388273882739,0.0,1496
0.456549815498155,0.1327388273882739,0.0,1497
0.45677531775317753,0.1327388273882739,0.0,1498
0.4570008200082001,0.1327388273882739,0.0,1499
0.4572775727757278,0.1327388273882739,0.0,1500
0.4575543255432554,0.1327388273882739,0.0,1501
0.4578310783107831,0.1327388273882739,0.0,1502
0.45810783107831077,0.1327388273882739,0.0,1503
0.45838458384583847,0.1327388273882739,0.0,1504
0.4586613366133661,0.1327388273882739,0.0,1505
0.4589380893808938,0.1327388273882739,0.0,1506
0.4592148421484215,0.1327388273882739,0.0,1507
0.45949159491594915,0.1327388273882739,0.0,1508
0.45976834768347685,0.1327388273882739,0.0,1509
0.4600451004510045,0.1327388273882739,0.0,1510
0.4603218532185322,0.1327388273882739,0.0,1511
0.46059860598605984,0.1327388273882739,0.0,1512
0.46087535875358754,0.1327388273882739,0.0,1513
0.46115211152111524,0.1327388273882739,0.0,1514
0.4614288642886429,0.1327388273882739,0.0,1515
0.4617056170561706,0.1327388273882739,0.0,1516
0.4619823698236982,0.1327388273882739,0.0,1517
0.4622591225912259,0.1327388273882739,0.0,1518
0.46253587535875357,0.1327388273882739,0.0,1519
0.46281262812628127,0.1327388273882739,0.0,1520
0.4630893808938089,0.1327388273882739,0.0,1521
0.4633661336613366,0.1327388273882739,0.0,1522
0.4636428864288643,0.1327388273882739,0.0,1523
0.46391963919639195,0.1327388273882739,0.0,1524
0.46419639196391965,0.1327388273882739,0.0,1525
0.4644731447314473,0.1327388273882739,0.0,1526
0.464749897498975,0.1327388273882739,0.0,1527
0.46502665026650264,0.1327388273882739,0.0,1528
0.46530340303403034,0.1327388273882739,0.0,1529
0.46558015580155804,0.1327388273882739,0.0,1530
0.4658569085690857,0.1327388273882739,0.0,1531
0.4661336613366134,0.1327388273882739,0.0,1532
0.466410414104141,0.1327388273882739,0.0,1533
0.4666871668716687,0.1327388273882739,0.0,1534
0.46696391963919637,0.1327388273882739,0.0,1535
0.46724067240672407,0.1327388273882739,0.0,1536
0.4675071750717507,0.1327388273882739,0.0,1537
0.46777367773677736,0.1327388273882739,0.0,1538
0.468040180401804,0.1327388273882739,0.0,1539
0.46830668306683065,0.1327388273882739,0.0,1540
0.4685731857318573,0.1327388273882739,0.0,1541
0.46883968839688395,0.1327388273882739,0.0,1542
0.4691061910619106,0.1327388273882739,0.0,1543
0.4693726937269373,0.1327388273882739,0.0,1544
0.46963919639196394,0.1327388273882739,0.0,1545
0.4699056990569906,0.1327388273882739,0.0,1546
0.47017220172201724,0.1327388273882739,0.0,1547
0.4704387043870439,0.1327388273882739,0.0,1548
0.47070520705207053,0.1327388273882739,0.0,1549
0.4709717097170972,0.1327388273882739,0.0,1550
0.4712382123821238,0.1327388273882739,0.0,1551
0.47150471504715047,0.1327388273882739,0.0,1552
0.4717712177121771,0.1327388273882739,0.0,1553
0.47203772037720376,0.1327388273882739,0.0,1554
0.4723042230422304,0.1327388273882739,0.0,1555
0.47257072570725706,0.1327388273882739,0.0,1556
0.4728372283722837,0.1327388273882739,0.0,1557
0.47310373103731035,0.1327388273882739,0.0,1558
0.47337023370233705,0.1327388273882739,0.0,1559
0.4736367363673637,0.1327388273882739,0.0,1560
0.47390323903239034,0.1327388273882739,0.0,1561
0.474169741697417,0.1327388273882739,0.0,1562
0.47443624436244364,0.1327388273882739,0.0,1563
0.4747027470274703,0.1327388273882739,0.0,1564
0.47496924969249693,0.1327388273882739,0.0,1565
0.4752357523575236,0.1327388273882739,0.0,1566
0.4755022550225502,0.1327388273882739,0.0,1567
0.47576875768757687,0.1327388273882739,0.0,1568
0.4760352603526035,0.1327388273882739,0.0,1569
0.47630176301763016,0.1327388273882739,0.0,1570
0.4765682656826568,0.1327388273882739,0.0,1571
0.47683476834768346,0.1327388273882739,0.0,1572
0.4771012710127101,0.1327388273882739,0.0,1573
0.47736777367773675,0.1327388273882739,0.0,1574
0.47763427634276345,0.1327388273882739,0.0,1575
0.4779007790077901,0.1327388273882739,0.0,1576
0.47816728167281675,0.1327388273882739,0.0,1577
0.4784337843378434,0.1327388273882739,0.0,1578
0.47870028700287004,0.1327388273882739,0.0,1579
0.4789667896678967,0.1327388273882739,0.0,1580
0.47923329233292333,0.1327388273882739,0.0,1581
0.47949979499795,0.1327388273882739,0.0,1582
0.4797662976629766,0.1327388273882739,0.0,1583
0.4800328003280033,0.1327388273882739,0.0,1584
0.4802993029930299,0.1327388273882739,0.0,1585
0.48056580565805657,0.1327388273882739,0.0,1586
0.4808323083230832,0.1327388273882739,0.0,1587
0.48109881098810986,0.1327388273882739,0.0,1588
0.4813653136531365,0.1327388273882739,0.0,1589
0.4816318163181632,0.1327388273882739,0.0,1590
0.48189831898318986,0.1327388273882739,0.0,1591
0.4821648216482165,0.1327388273882739,0.0,1592
0.48243132431324315,0.1327388273882739,0.0,1593
0.4826978269782698,0.1327388273882739,0.0,1594
0.48296432964329644,0.1327388273882739,0.0,1595
0.4832308323083231,0.1327388273882739,0.0,1596
0.48349733497334973,0.1327388273882739,0.0,1597
0.4837638376383764,0.1327388273882739,0.0,1598
0.48403034030340303,0.1327388273882739,0.0,1599
0.4842968429684297,0.1327388273882739,0.0,1600
0.4845633456334563,0.1327388273882739,0.0,1601
0.48482984829848297,0.1327388273882739,0.0,1602
0.4850963509635096,0.1327388273882739,0.0,1603
0.48536285362853626,0.1327388273882739,0.0,1604
0.4856293562935629,0.1327388273882739,0.0,1605
0.4858958589585896,0.1327388273882739,0.0,1606
0.48616236162361626,0.1327388273882739,0.0,1607
0.4864288642886429,0.1327388273882739,0.0,1608
0.48669536695366955,0.1327388273882739,0.0,1609
0.4869618696186962,0.1327388273882739,0.0,1610
0.48722837228372284,0.1327388273882739,0.0,1611
0.4874948749487495,0.1327388273882739,0.0,1612
0.48775112751127514,0.1327388273882739,0.0,1613
0.48800738007380073,0.1327388273882739,0.0,1614
0.4882636326363264,0.1327388273882739,0.0,1615
0.488519885198852,0.1327388273882739,0.0,1616
0.4887761377613776,0.1327388273882739,0.0,1617
0.4890323903239032,0.1327388273882739,0.0,1618
0.48928864288642887,0.1327388273882739,0.0,1619
0.48954489544895446,0.1327388273882739,0.0,1620
0.4898011480114801,0.1327388273882739,0.0,1621
0.49005740057400576,0.1327388273882739,0.0,1622
0.49031365313653136,0.1327388273882739,0.0,1623
0.490569905699057,0.1327388273882739,0.0,1624
0.4908261582615826,0.1327388273882739,0.0,1625
0.49108241082410825,0.1327388273882739,0.0,1626
0.49133866338663384,0.1327388273882739,0.0,1627
0.4915949159491595,0.1327388273882739,0.0,1628
0.49185116851168514,0.1327388273882739,0.0,1629
0.49210742107421074,0.1327388273882739,0.0,1630
0.4923636736367364,0.1327388273882739,0.0,1631
0.492619926199262,0.1327388273882739,0.0,1632
0.49287617876178763,0.1327388273882739,0.0,1633
0.4931324313243132,0.1327388273882739,0.0,1634
0.4933886838868389,0.1327388273882739,0.0,1635
0.49364493644936447,0.1327388273882739,0.0,1636
0.4939011890118901,0.1327388273882739,0.0,1637
0.49415744157441577,0.1327388273882739,0.0,1638
0.49441369413694136,0.1327388273882739,0.0,1639
0.494669946699467,0.1327388273882739,0.0,1640
0.4949261992619926,0.1327388273882739,0.0,1641
0.49518245182451825,0.1327388273882739,0.0,1642
0.49543870438704385,0.1327388273882739,0.0,1643
0.4956949569495695,0.1327388273882739,0.0,1644
0.49595120951209515,0.1327388273882739,0.0,1645
0.49620746207462074,0.1327388273882739,0.0,1646
0.4964637146371464,0.1327388273882739,0.0,1647
0.496719967199672,0.1327388273882739,0.0,1648
0.49697621976219764,0.1327388273882739,0.0,1649
0.49723247232472323,0.1327388273882739,0.0,1650
0.4974887248872489,0.1327388273882739,0.0,1651
0.4977449774497745,0.1327388273882739,0.0,1652
0.4980012300123001,0.1327388273882739,0.0,1653
0.49825748257482577,0.1327388273882739,0.0,1654
0.49851373513735137,0.1327388273882739,0.0,1655
0.498769987699877,0.1327388273882739,0.0,1656
0.4990262402624026,0.1327388273882739,0.0,1657
0.49928249282492826,0.1327388273882739,0.0,1658
0.49953874538745385,0.1327388273882739,0.0,1659
0.4997949979499795,0.1327388273882739,0.0,1660
0.5000512505125051,0.1327388273882739,0.0,1661
0.5003075030750308,0.1327388273882739,0.0,1662
0.5005637556375564,0.1327388273882739,0.0,1663
0.500820008200082,0.1327388273882739,0.0,1664
0.5010762607626076,0.1327388273882739,0.0,1665
0.5013325133251333,0.1327388273882739,0.0,1666
0.5015887658876589,0.1327388273882739,0.0,1667
0.5018450184501845,0.1327388273882739,0.0,1668
0.5021012710127102,0.1327388273882739,0.0,1669
0.5023575235752358,0.1327388273882739,0.0,1670
0.5026137761377614,0.1327388273882739,0.0,1671
0.502870028700287,0.1327388273882739,0.0,1672
0.5031262812628127,0.1327388273882739,0.0,1673
0.5033825338253383,0.1327388273882739,0.0,1674
0.5036387863878639,0.1327388273882739,0.0,1675
0.5038950389503895,0.1327388273882739,0.0,1676
0.5041512915129152,0.1327388273882739,0.0,1677
0.5044075440754408,0.1327388273882739,0.0,1678
0.5046637966379663,0.1327388273882739,0.0,1679
0.504920049200492,0.1327388273882739,0.0,1680
0.5051763017630176,0.1327388273882739,0.0,1681
0.5054325543255432,0.1327388273882739,0.0,1682
0.5056888068880688,0.1327388273882739,0.0,1683
0.5059450594505945,0.1327388273882739,0.0,1684
0.5062013120131201,0.1327388273882739,0.0,1685
0.5064575645756457,0.1327388273882739,0.0,1686
0.5067138171381714,0.1327388273882739,0.0,1687
0.506970069700697,0.1327388273882739,0.0,1688
0.5072263222632226,0.1327388273882739,0.0,1689
0.5074825748257482,0.1327388273882739,0.0,1690
0.5077388273882739,0.1327388273882739,0.0,1691
0.5079950799507995,0.1327388273882739,0.0,1692
0.5082410824108241,0.1327388273882739,0.0,1693
0.5084870848708487,0.1327388273882739,0.0,1694
0.5087330873308733,0.1327388273882739,0.0,1695
0.5089790897908979,0.1327388273882739,0.0,1696
0.5092250922509225,0.1327388273882739,0.0,1697
0.5094710947109471,0.1327388273882739,0.0,1698
0.5097170971709717,0.1327388273882739,0.0,1699
0.5099630996309963,0.1327388273882739,0.0,1700
0.5102091020910209,0.1327388273882739,0.0,1701
0.5104551045510455,0.1327388273882739,0.0,1702
0.5107011070110701,0.1327388273882739,0.0,1703
0.5109471094710947,0.1327388273882739,0.0,1704
0.5111931119311193,0.1327388273882739,0.0,1705
0.5114391143911439,0.1327388273882739,0.0,1706
0.5116851168511685,0.1327388273882739,0.0,1707
0.5119311193111931,0.1327388273882739,0.0,1708
0.5121771217712177,0.1327388273882739,0.0,1709
0.5124231242312424,0.1327388273882739,0.0,1710
0.512669126691267,0.1327388273882739,0.0,1711
0.5129151291512916,0.1327388273882739,0.0,1712
0.5131611316113162,0.1327388273882739,0.0,1713
0.5134071340713408,0.1327388273882739,0.0,1714
0.5136531365313654,0.1327388273882739,0.0,1715
0.51389913899139,0.1327388273882739,0.0,1716
0.5141451414514145,0.1327388273882739,0.0,1717
0.5143911439114391,0.1327388273882739,0.0,1718
0.5146371463714637,0.1327388273882739,0.0,1719
0.5148831488314883,0.1327388273882739,0.0,1720
0.5151291512915129,0.1327388273882739,0.0,1721
0.5153751537515375,0.1327388273882739,0.0,1722
0.5156211562115621,0.1327388273882739,0.0,1723
0.5158671586715867,0.1327388273882739,0.0,1724
0.5161131611316113,0.1327388273882739,0.0,1725
0.5163591635916359,0.1327388273882739,0.0,1726
0.5166051660516605,0.1327388273882739,0.0,1727
0.5168511685116851,0.1327388273882739,0.0,1728
0.5170971709717097,0.1327388273882739,0.0,1729
0.5173431734317343,0.1327388273882739,0.0,1730
0.5175891758917589,0.1327388273882739,0.0,1731
0.5178351783517835,0.1327388273882739,0.0,1732
0.5180811808118081,0.1327388273882739,0.0,1733
0.5183271832718327,0.1327388273882739,0.0,1734
0.5185731857318573,0.1327388273882739,0.0,1735
0.5188191881918819,0.1327388273882739,0.0,1736
0.5190651906519065,0.1327388273882739,0.0,1737
0.5193111931119311,0.1327388273882739,0.0,1738
0.5195571955719557,0.1327388273882739,0.0,1739
0.5198031980319803,0.1327388273882739,0.0,1740
0.5200492004920049,0.1327388273882739,0.0,1741
0.5202952029520295,0.1327388273882739,0.0,1742
0.5205412054120542,0.1327388273882739,0.0,1743
0.5207872078720788,0.1327388273882739,0.0,1744
0.5210332103321034,0.1327388273882739,0.0,1745
0.521279212792128,0.1327388273882739,0.0,1746
0.5215252152521526,0.1327388273882739,0.0,1747
0.5217712177121772,0.1327388273882739,0.0,1748
0.5220172201722018,0.1327388273882739,0.0,1749
0.5222632226322264,0.1327388273882739,0.0,1750
0.522509225092251,0.1327388273882739,0.0,1751
0.5227552275522755,0.1327388273882739,0.0,1752
0.5230012300123001,0.1327388273882739,0.0,1753
0.5232472324723247,0.1327388273882739,0.0,1754
0.5234932349323493,0.1327388273882739,0.0,1755
0.5237392373923739,0.1327388273882739,0.0,1756
0.5239852398523985,0.1327388273882739,0.0,1757
0.5242312423124231,0.1327388273882739,0.0,1758
0.5244772447724477,0.1327388273882739,0.0,1759
0.5247232472324723,0.1327388273882739,0.0,1760
0.5249692496924969,0.1327388273882739,0.0,1761
0.5252152521525215,0.1327388273882739,0.0,1762
0.5254612546125461,0.1327388273882739,0.0,1763
0.5257072570725707,0.1327388273882739,0.0,1764
0.5259532595325953,0.1327388273882739,0.0,1765
0.5261992619926199,0.1327388273882739,0.0,1766
0.5264452644526445,0.1327388273882739,0.0,1767
0.5266912669126691,0.1327388273882739,0.0,1768
0.5269372693726937,0.1327388273882739,0.0,1769
0.5271832718327183,0.1327388273882739,0.0,1770
0.5274292742927429,0.1327388273882739,0.0,1771
0.5276752767527675,0.1327388273882739,0.0,1772
0.5279212792127921,0.1327388273882739,0.0,1773
0.5281672816728167,0.1327388273882739,0.0,1774
0.5284132841328413,0.1327388273882739,0.0,1775
0.5286592865928659,0.1327388273882739,0.0,1776
0.5288950389503895,0.1327388273882739,0.0,1777
0.5291307913079131,0.1327388273882739,0.0,1778
0.5293665436654367,0.1327388273882739,0.0,1779
0.5296022960229603,0.1327388273882739,0.0,1780
0.5298380483804838,0.1327388273882739,0.0,1781
0.5300738007380074,0.1327388273882739,0.0,1782
0.530309553095531,0.1327388273882739,0.0,1783
0.5305453054530546,0.1327388273882739,0.0,1784
0.5307810578105782,0.1327388273882739,0.0,1785
0.5310168101681016,0.1327388273882739,0.0,1786
0.5312525625256252,0.1327388273882739,0.0,1787
0.5314883148831488,0.1327388273882739,0.0,1788
0.5317240672406724,0.1327388273882739,0.0,1789
0.5319598195981959,0.1327388273882739,0.0,1790
0.5321955719557195,0.1327388273882739,0.0,1791
0.5324313243132431,0.1327388273882739,0.0,1792
0.5326670766707667,0.1327388273882739,0.0,1793
0.5329028290282903,0.1327388273882739,0.0,1794
0.5331385813858138,0.1327388273882739,0.0,1795
0.5333743337433374,0.1327388273882739,0.0,1796
0.533610086100861,0.1327388273882739,0.0,1797
0.5338458384583846,0.1327388273882739,0.0,1798
0.5340815908159081,0.1327388273882739,0.0,1799
0.5343173431734317,0.1327388273882739,0.0,1800
0.5345530955309553,0.1327388273882739,0.0,1801
0.5347888478884789,0.1327388273882739,0.0,1802
0.5350246002460025,0.1327388273882739,0.0,1803
0.535260352603526,0.1327388273882739,0.0,1804
0.5354961049610496,0.1327388273882739,0.0,1805
0.5357318573185732,0.1327388273882739,0.0,1806
0.5359676096760968,0.1327388273882739,0.0,1807
0.5362033620336203,0.1327388273882739,0.0,1808
0.5364391143911439,0.1327388273882739,0.0,1809
0.5366748667486675,0.1327388273882739,0.0,1810
0.5369106191061911,0.1327388273882739,0.0,1811
0.5371463714637147,0.1327388273882739,0.0,1812
0.5373821238212382,0.1327388273882739,0.0,1813
0.5376178761787618,0.1327388273882739,0.0,1814
0.5378536285362854,0.1327388273882739,0.0,1815
0.538089380893809,0.1327388273882739,0.0,1816
0.5383251332513325,0.1327388273882739,0.0,1817
0.5385608856088561,0.1327388273882739,0.0,1818
0.5387966379663797,0.1327388273882739,0.0,1819
0.5390323903239033,0.1327388273882739,0.0,1820
0.5392681426814269,0.1327388273882739,0.0,1821
0.5395038950389504,0.1327388273882739,0.0,1822
0.539739647396474,0.1327388273882739,0.0,1823
0.5399753997539976,0.1327388273882739,0.0,1824
0.5402111521115212,0.1327388273882739,0.0,1825
0.5404469044690446,0.1327388273882739,0.0,1826
0.5406826568265682,0.1327388273882739,0.0,1827
0.5409184091840918,0.1327388273882739,0.0,1828
0.5411541615416154,0.1327388273882739,0.0,1829
0.541389913899139,0.1327388273882739,0.0,1830
0.5416256662566625,0.1327388273882739,0.0,1831
0.5418614186141861,0.1327388273882739,0.0,1832
0.5420971709717097,0.1327388273882739,0.0,1833
0.5423329233292333,0.1327388273882739,0.0,1834
0.5425686756867568,0.1327388273882739,0.0,1835
0.5428044280442804,0.1327388273882739,0.0,1836
0.543040180401804,0.1327388273882739,0.0,1837
0.5432759327593276,0.1327388273882739,0.0,1838
0.5435116851168512,0.1327388273882739,0.0,1839
0.5437474374743747,0.1327388273882739,0.0,1840
0.5439831898318983,0.1327388273882739,0.0,1841
0.5442189421894219,0.1327388273882739,0.0,1842
0.5444546945469455,0.1327388273882739,0.0,1843
0.544690446904469,0.1327388273882739,0.0,1844
0.5449261992619926,0.1327388273882739,0.0,1845
0.5451619516195162,0.1327388273882739,0.0,1846
0.5453977039770398,0.1327388273882739,0.0,1847
0.5456334563345634,0.1327388273882739,0.0,1848
0.5458692086920869,0.1327388273882739,0.0,1849
0.5461049610496105,0.1327388273882739,0.0,1850
0.5463407134071341,0.1327388273882739,0.0,1851
0.5465764657646577,0.1327388273882739,0.0,1852
0.5468122181221812,0.1327388273882739,0.0,1853
0.5470479704797048,0.1327388273882739,0.0,1854
0.5472837228372284,0.1327388273882739,0.0,1855
0.547519475194752,0.1327388273882739,0.0,1856
0.5477552275522756,0.1327388273882739,0.0,1857
0.5479909799097991,0.1327388273882739,0.0,1858
0.5482267322673227,0.1327388273882739,0.0,1859
0.5484624846248463,0.1327388273882739,0.0,1860
0.5486982369823699,0.1327388273882739,0.0,1861
0.5489339893398933,0.1327388273882739,0.0,1862
0.549169741697417,0.1327388273882739,0.0,1863
0.5493952439524395,0.1327388273882739,0.0,1864
0.549620746207462,0.1327388273882739,0.0,1865
0.5498462484624846,0.1327388273882739,0.0,1866
0.5500717507175071,0.1327388273882739,0.0,1867
0.5502972529725297,0.1327388273882739,0.0,1868
0.5505227552275522,0.1327388273882739,0.0,1869
0.5507482574825748,0.1327388273882739,0.0,1870
0.5509737597375973,0.1327388273882739,0.0,1871
0.5511992619926199,0.1327388273882739,0.0,1872
0.5514247642476425,0.1327388273882739,0.0,1873
0.551650266502665,0.1327388273882739,0.0,1874
0.5518757687576876,0.1327388273882739,0.0,1875
0.5521012710127101,0.1327388273882739,0.0,1876
0.5523267732677327,0.1327388273882739,0.0,1877
0.5525522755227552,0.1327388273882739,0.0,1878
0.5527777777777778,0.1327388273882739,0.0,1879
0.5530032800328003,0.1327388273882739,0.0,1880
0.5532287822878229,0.1327388273882739,0.0,1881
0.5534542845428454,0.1327388273882739,0.0,1882
0.553679786797868,0.1327388273882739,0.0,1883
0.5539052890528905,0.1327388273882739,0.0,1884
0.5541307913079131,0.1327388273882739,0.0,1885
0.5543562935629356,0.1327388273882739,0.0,1886
0.5545817958179582,0.1327388273882739,0.0,1887
0.5548072980729807,0.1327388273882739,0.0,1888
0.5550328003280033,0.1327388273882739,0.0,1889
0.5552583025830258,0.1327388273882739,0.0,1890
0.5554838048380484,0.1327388273882739,0.0,1891
0.555709307093071,0.1327388273882739,0.0,1892
0.5559348093480935,0.1327388273882739,0.0,1893
0.5561603116031161,0.1327388273882739,0.0,1894
0.5563858138581386,0.1327388273882739,0.0,1895
0.5566113161131612,0.1327388273882739,0.0,1896
0.5568368183681837,0.1327388273882739,0.0,1897
0.5570623206232063,0.1327388273882739,0.0,1898
0.5572878228782288,0.1327388273882739,0.0,1899
0.5575133251332514,0.1327388273882739,0.0,1900
0.5577388273882739,0.1327388273882739,0.0,1901
0.5579643296432965,0.1327388273882739,0.0,1902
0.5581898318983189,0.1327388273882739,0.0,1903
0.5584153341533415,0.1327388273882739,0.0,1904
0.558640836408364,0.1327388273882739,0.0,1905
0.5588663386633866,0.1327388273882739,0.0,1906
0.5590918409184091,0.1327388273882739,0.0,1907
0.5593173431734317,0.1327388273882739,0.0,1908
0.5595428454284543,0.1327388273882739,0.0,1909
0.5597683476834768,0.1327388273882739,0.0,1910
0.5599938499384994,0.1327388273882739,0.0,1911
0.5602193521935219,0.1327388273882739,0.0,1912
0.5604448544485445,0.1327388273882739,0.0,1913
0.560670356703567,0.1327388273882739,0.0,1914
0.5608958589585896,0.1327388273882739,0.0,1915
0.5611213612136121,0.1327388273882739,0.0,1916
0.5613468634686347,0.1327388273882739,0.0,1917
0.5615723657236572,0.1327388273882739,0.0,1918
0.5617978679786798,0.1327388273882739,0.0,1919
0.5620233702337023,0.1327388273882739,0.0,1920
0.5622488724887249,0.1327388273882739,0.0,1921
0.5624743747437474,0.1327388273882739,0.0,1922
0.56269987699877,0.1327388273882739,0.0,1923
0.5629253792537925,0.1327388273882739,0.0,1924
0.5631508815088151,0.1327388273882739,0.0,1925
0.5633763837638376,0.1327388273882739,0.0,1926
0.5636018860188602,0.1327388273882739,0.0,1927
0.5638273882738828,0.1327388273882739,0.0,1928
0.5640528905289053,0.1327388273882739,0.0,1929
0.5642783927839279,0.1327388273882739,0.0,1930
0.5645038950389504,0.1327388273882739,0.0,1931
0.564729397293973,0.1327388273882739,0.0,1932
0.5649548995489955,0.1327388273882739,0.0,1933
0.5651804018040181,0.1327388273882739,0.0,1934
0.5654059040590406,0.1327388273882739,0.0,1935
0.5656314063140632,0.1327388273882739,0.0,1936
0.5658569085690857,0.1327388273882739,0.0,1937
0.5660824108241083,0.1327388273882739,0.0,1938
0.5663079130791308,0.1327388273882739,0.0,1939
0.5665334153341534,0.1327388273882739,0.0,1940
0.5667589175891758,0.1327388273882739,0.0,1941
0.5669844198441985,0.1327388273882739,0.0,1942
0.5672099220992209,0.1327388273882739,0.0,1943
0.5674354243542435,0.1327388273882739,0.0,1944
0.5676609266092661,0.1327388273882739,0.0,1945
0.5678864288642886,0.1327388273882739,0.0,1946
0.5681119311193112,0.1327388273882739,0.0,1947
0.5683374333743337,0.1327388273882739,0.0,1948
0.5685629356293563,0.1327388273882739,0.0,1949
0.5687884378843788,0.1327388273882739,0.0,1950
0.5690139401394014,0.1327388273882739,0.0,1951
0.5692394423944239,0.1327388273882739,0.0,1952
0.5694649446494465,0.1327388273882739,0.0,1953
0.569690446904469,0.1327388273882739,0.0,1954
0.5699056990569906,0.1327388273882739,0.0,1955
0.5701209512095121,0.1327388273882739,0.0,1956
0.5703362033620336,0.1327388273882739,0.0,1957
0.5705514555145551,0.1327388273882739,0.0,1958
0.5707667076670767,0.1327388273882739,0.0,1959
0.5709819598195982,0.1327388273882739,0.0,1960
0.5711972119721197,0.1327388273882739,0.0,1961
0.5714124641246412,0.1327388273882739,0.0,1962
0.5716277162771628,0.1327388273882739,0.0,1963
0.5718429684296843,0.1327388273882739,0.0,1964
0.5720582205822058,0.1327388273882739,0.0,1965
0.5722734727347274,0.1327388273882739,0.0,1966
0.5724887248872489,0.1327388273882739,0.0,1967
0.5727039770397704,0.1327388273882739,0.0,1968
0.5729192291922919,0.1327388273882739,0.0,1969
0.5731344813448135,0.1327388273882739,0.0,1970
0.573349733497335,0.1327388273882739,0.0,1971
0.5735649856498565,0.1327388273882739,0.0,1972
0.5737802378023781,0.1327388273882739,0.0,1973
0.5739954899548996,0.1327388273882739,0.0,1974
0.5742107421074211,0.1327388273882739,0.0,1975
0.5744259942599426,0.1327388273882739,0.0,1976
0.5746412464124642,0.1327388273882739,0.0,1977
0.5748564985649857,0.1327388273882739,0.0,1978
0.5750717507175072,0.1327388273882739,0.0,1979
0.5752870028700287,0.1327388273882739,0.0,1980
0.5755022550225503,0.1327388273882739,0.0,1981
0.5757175071750718,0.1327388273882739,0.0,1982
0.5759327593275932,0.1327388273882739,0.0,1983
0.5761480114801149,0.1327388273882739,0.0,1984
0.5763632636326363,0.1327388273882739,0.0,1985
0.5765067650676506,0.1327388273882739,0.0,1986
0.5765887658876588,0.1327388273882739,0.0,1987
0.576640016400164,0.1327388273882739,0.0,1988
0.5766912669126691,0.1327388273882739,0.0,1989
0.5767322673226732,0.1327388273882739,0.0,1990
0.5767425174251742,0.1327388273882739,0.0,1991
0.5767527675276752,0.1327388273882739,0.0,1992
