u,phi,delta_phi,microstep
0.0,1.7695983011856308e-05,0.0,-1
0.0004070076092726951,3.5391966023712616e-05,1.7695983011856308e-05,0
0.0008140152185453902,5.3087949035568924e-05,1.7695983011856308e-05,1
0.0012210228278180853,8.847991505928154e-05,3.5391966023712616e-05,2
0.0016280304370907804,0.00010617589807113785,1.7695983011856308e-05,3
0.0020350380463634754,0.00012387188108299417,1.769598301185632e-05,4
0.0024420456556361707,0.00014156786409485046,1.7695983011856294e-05,5
0.0028490532649088655,0.00014156786409485046,0.0,6
0.0032560608741815608,0.00015926384710670678,1.769598301185632e-05,7
0.003663068483454256,0.00017695983011856308,1.7695983011856294e-05,8
0.004070076092726951,0.0001946558131304194,1.769598301185632e-05,9
0.004477083701999646,0.00023004777915413202,3.5391966023712616e-05,10
0.004884091311272341,0.0002831357281897009,5.308794903556891e-05,11
0.005291098920545036,0.00033622367722526986,5.308794903556894e-05,12
0.005698106529817731,0.0004247035922845514,8.847991505928153e-05,13
0.006105114139090427,0.00044239957529640774,1.769598301185635e-05,14
0.0065121217483631215,0.00046009555830826403,1.7695983011856294e-05,15
0.006919129357635816,0.00047779154132012033,1.7695983011856294e-05,16
0.007326136966908512,0.0004954875243319767,1.769598301185635e-05,17
0.007733144576181207,0.0005131835073438329,1.769598301185624e-05,18
0.008140152185453902,0.0005308794903556893,1.769598301185635e-05,19
0.008547159794726597,0.0005485754733675456,1.769598301185635e-05,20
0.008954167403999291,0.0005839674393912582,3.539196602371259e-05,21
0.009361175013271987,0.0006193594054149708,3.539196602371259e-05,22
0.009768182622544683,0.0006370553884268271,1.769598301185635e-05,23
0.010175190231817377,0.0006547513714386834,1.769598301185624e-05,24
0.010582197841090072,0.0006724473544505397,1.769598301185635e-05,25
0.010989205450362768,0.0006724473544505397,0.0,26
0.011396213059635462,0.0006724473544505397,0.0,27
0.011803220668908158,0.0006901433374623961,1.769598301185635e-05,28
0.012210228278180853,0.0007078393204742523,1.769598301185624e-05,29
0.012617235887453547,0.0007255353034861087,1.769598301185635e-05,30
0.013024243496726243,0.000743231286497965,1.769598301185635e-05,31
0.013431251105998939,0.0007609272695098213,1.769598301185624e-05,32
0.013838258715271633,0.0007786232525216776,1.769598301185635e-05,33
0.014245266324544328,0.0007963192355335338,1.769598301185624e-05,34
0.014652273933817024,0.0008140152185453902,1.769598301185635e-05,35
0.015059281543089718,0.0008317112015572465,1.769598301185635e-05,36
0.015466289152362414,0.0008494071845691028,1.769598301185624e-05,37
0.015873296761635108,0.0008671031675809591,1.769598301185635e-05,38
0.016280304370907803,0.0008847991505928155,1.769598301185635e-05,39
0.0166873119801805,0.0009024951336046717,1.769598301185624e-05,40
0.017094319589453195,0.0009201911166165281,1.769598301185635e-05,41
0.01750132719872589,0.0009378870996283843,1.769598301185624e-05,42
0.017908334807998583,0.0009555830826402407,1.769598301185635e-05,43
0.01831534241727128,0.000973279065652097,1.769598301185635e-05,44
0.018722350026543974,0.0009909750486639534,1.769598301185635e-05,45
0.01912935763581667,0.0010086710316758096,1.769598301185624e-05,46
0.019536365245089365,0.0010263670146876658,1.769598301185624e-05,47
0.01994337285436206,0.0010440629976995223,1.7695983011856457e-05,48
0.020350380463634753,0.0010794549637232348,3.539196602371248e-05,49
0.02075738807290745,0.0010971509467350912,1.7695983011856457e-05,50
0.021164395682180145,0.0011148469297469475,1.769598301185624e-05,51
0.02157140329145284,0.0011325429127588037,1.769598301185624e-05,52
0.021978410900725536,0.0011325429127588037,0.0,53
0.022385418509998232,0.0011502388957706602,1.7695983011856457e-05,54
0.022792426119270924,0.0011679348787825164,1.769598301185624e-05,55
0.02319943372854362,0.0011856308617943726,1.769598301185624e-05,56
0.023606441337816315,0.0012033268448062289,1.769598301185624e-05,57
0.02401344894708901,0.0012033268448062289,0.0,58
0.024420456556361707,0.0012033268448062289,0.0,59
0.024827464165634403,0.0012210228278180853,1.7695983011856457e-05,60
0.025234471774907095,0.0012210228278180853,0.0,61
0.02564147938417979,0.0012210228278180853,0.0,62
0.026048486993452486,0.0012210228278180853,0.0,63
0.026455494602725182,0.0012210228278180853,0.0,64
0.026862502211997877,0.0012210228278180853,0.0,65
0.027251813838258716,0.0012387188108299416,1.769598301185624e-05,66
0.027641125464519554,0.0012387188108299416,0.0,67
0.028030437090780392,0.0012387188108299416,0.0,68
0.02841974871704123,0.0012387188108299416,0.0,69
0.02880906034330207,0.0012387188108299416,0.0,70
0.02919837196956291,0.0012387188108299416,0.0,71
0.029587683595823748,0.0012564147938417978,1.769598301185624e-05,72
0.029976995222084586,0.0012564147938417978,0.0,73
0.030366306848345424,0.0012564147938417978,0.0,74
0.030755618474606266,0.0012564147938417978,0.0,75
0.031144930100867104,0.0012564147938417978,0.0,76
0.03153424172712794,0.0012564147938417978,0.0,77
0.031923553353388784,0.0012564147938417978,0.0,78
0.03231286497964962,0.0012564147938417978,0.0,79
0.03270217660591046,0.0012564147938417978,0.0,80
0.0330914882321713,0.0012564147938417978,0.0,81
0.033480799858432136,0.0012741107768536543,1.7695983011856457e-05,82
0.033870111484692975,0.0012741107768536543,0.0,83
0.03425942311095381,0.0012741107768536543,0.0,84
0.03464873473721465,0.0012741107768536543,0.0,85
0.03503804636347549,0.0012741107768536543,0.0,86
0.03542735798973633,0.0012918067598655105,1.769598301185624e-05,87
0.035816669615997165,0.0012918067598655105,0.0,88
0.03620598124225801,0.0012918067598655105,0.0,89
0.03659529286851885,0.0012918067598655105,0.0,90
0.03698460449477969,0.0012918067598655105,0.0,91
0.037373916121040525,0.0012918067598655105,0.0,92
0.03776322774730136,0.0012918067598655105,0.0,93
0.0381525393735622,0.0013095027428773668,1.769598301185624e-05,94
0.03854185099982304,0.0013095027428773668,0.0,95
0.03893116262608388,0.0013095027428773668,0.0,96
0.039320474252344716,0.0013095027428773668,0.0,97
0.039709785878605554,0.0013271987258892232,1.7695983011856457e-05,98
0.04009909750486639,0.0013271987258892232,0.0,99
0.04048840913112724,0.0013271987258892232,0.0,100
0.040877720757388075,0.0013448947089010795,1.769598301185624e-05,101
0.04126703238364891,0.0013625906919129357,1.769598301185624e-05,102
0.04165634400990975,0.0013802866749247922,1.7695983011856457e-05,103
0.04204565563617059,0.0013979826579366484,1.769598301185624e-05,104
0.04243496726243143,0.0014156786409485046,1.769598301185624e-05,105
0.042824278888692266,0.001433374623960361,1.7695983011856457e-05,106
0.043213590514953104,0.001433374623960361,0.0,107
0.04360290214121394,0.001433374623960361,0.0,108
0.04399221376747478,0.001433374623960361,0.0,109
0.04438152539373562,0.001433374623960361,0.0,110
0.044770837019996464,0.001433374623960361,0.0,111
0.0451601486462573,0.001433374623960361,0.0,112
0.04554946027251814,0.001433374623960361,0.0,113
0.04593877189877898,0.001433374623960361,0.0,114
0.046328083525039816,0.001433374623960361,0.0,115
0.046717395151300654,0.001433374623960361,0.0,116
0.04710670677756149,0.001433374623960361,0.0,117
0.04749601840382233,0.001433374623960361,0.0,118
0.04788533003008317,0.001433374623960361,0.0,119
0.04827464165634401,0.001433374623960361,0.0,120
0.04866395328260485,0.001433374623960361,0.0,121
0.04905326490886569,0.001433374623960361,0.0,122
0.04944257653512653,0.001433374623960361,0.0,123
0.04983188816138737,0.001433374623960361,0.0,124
0.050221199787648205,0.001433374623960361,0.0,125
0.05061051141390904,0.001433374623960361,0.0,126
0.05099982304016988,0.001433374623960361,0.0,127
0.05138913466643072,0.001433374623960361,0.0,128
0.05177844629269156,0.0014510706069722173,1.769598301185624e-05,129
0.052167757918952395,0.0014510706069722173,0.0,130
0.052557069545213234,0.0014510706069722173,0.0,131
0.05294638117147408,0.0014510706069722173,0.0,132
0.05333569279773492,0.0014510706069722173,0.0,133
0.053725004423995755,0.0014510706069722173,0.0,134
0.05411431605025659,0.0014510706069722173,0.0,135
0.05450362767651743,0.0014510706069722173,0.0,136
0.05489293930277827,0.0014510706069722173,0.0,137
0.05528225092903911,0.0014510706069722173,0.0,138
0.055671562555299946,0.0014510706069722173,0.0,139
0.056060874181560784,0.0014510706069722173,0.0,140
0.05645018580782162,0.0014510706069722173,0.0,141
0.05683949743408246,0.0014687665899840736,1.769598301185624e-05,142
0.057228809060343305,0.00148646257299593,1.7695983011856457e-05,143
0.05761812068660414,0.00148646257299593,0.0,144
0.05800743231286498,0.00148646257299593,0.0,145
0.05839674393912582,0.00148646257299593,0.0,146
0.05878605556538666,0.0015572465050433552,7.078393204742518e-05,147
0.059175367191647496,0.0015749424880552114,1.769598301185624e-05,148
0.059564678817908334,0.0015749424880552114,0.0,149
0.05995399044416917,0.0015749424880552114,0.0,150
0.06034330207043001,0.0015749424880552114,0.0,151
0.06073261369669085,0.0015749424880552114,0.0,152
0.06112192532295169,0.0015749424880552114,0.0,153
0.06151123694921253,0.0015749424880552114,0.0,154
0.06190054857547337,0.0015749424880552114,0.0,155
0.06228986020173421,0.0015749424880552114,0.0,156
0.06267917182799504,0.0015749424880552114,0.0,157
0.06306848345425588,0.0015749424880552114,0.0,158
0.06345779508051673,0.0015749424880552114,0.0,159
0.06384710670677757,0.0015749424880552114,0.0,160
0.0642364183330384,0.0015926384710670677,1.769598301185624e-05,161
0.06462572995929924,0.0015926384710670677,0.0,162
0.06501504158556008,0.0015926384710670677,0.0,163
0.06540435321182092,0.0015926384710670677,0.0,164
0.06579366483808176,0.0015926384710670677,0.0,165
0.0661829764643426,0.0015926384710670677,0.0,166
0.06657228809060343,0.0015926384710670677,0.0,167
0.06696159971686427,0.0015926384710670677,0.0,168
0.06735091134312511,0.0015926384710670677,0.0,169
0.06774022296938595,0.0015926384710670677,0.0,170
0.06812953459564679,0.0015926384710670677,0.0,171
0.06851884622190763,0.0015926384710670677,0.0,172
0.06890815784816846,0.0015926384710670677,0.0,173
0.0692974694744293,0.0015926384710670677,0.0,174
0.06968678110069014,0.0015926384710670677,0.0,175
0.07007609272695098,0.0015926384710670677,0.0,176
0.07046540435321182,0.0016103344540789241,1.7695983011856457e-05,177
0.07085471597947265,0.0016103344540789241,0.0,178
0.07124402760573349,0.0016103344540789241,0.0,179
0.07161564324898248,0.0016103344540789241,0.0,180
0.07198725889223147,0.0016103344540789241,0.0,181
0.07235887453548044,0.0016103344540789241,0.0,182
0.07273049017872943,0.0016103344540789241,0.0,183
0.07310210582197842,0.0016103344540789241,0.0,184
0.07347372146522739,0.0016457264201026366,3.539196602371248e-05,185
0.07384533710847638,0.001663422403114493,1.7695983011856457e-05,186
0.07421695275172537,0.0016811183861263493,1.769598301185624e-05,187
0.07458856839497434,0.0016988143691382056,1.769598301185624e-05,188
0.07496018403822333,0.0018403822332330561,0.00014156786409485057,189
0.0753317996814723,0.0018580782162449124,1.769598301185624e-05,190
0.07570341532472129,0.0018757741992567686,1.769598301185624e-05,191
0.07607503096797028,0.0018757741992567686,0.0,192
0.07644664661121925,0.0018757741992567686,0.0,193
0.07681826225446824,0.0018757741992567686,0.0,194
0.07718987789771722,0.0018757741992567686,0.0,195
0.0775614935409662,0.0018757741992567686,0.0,196
0.07793310918421519,0.0018757741992567686,0.0,197
0.07830472482746416,0.0018757741992567686,0.0,198
0.07867634047071315,0.0018757741992567686,0.0,199
0.07904795611396213,0.0018757741992567686,0.0,200
0.07941957175721111,0.0018757741992567686,0.0,201
0.0797911874004601,0.0018757741992567686,0.0,202
0.08016280304370908,0.0018757741992567686,0.0,203
0.08053441868695806,0.0018757741992567686,0.0,204
0.08090603433020704,0.0018757741992567686,0.0,205
0.08127764997345603,0.0018757741992567686,0.0,206
0.081649265616705,0.0018757741992567686,0.0,207
0.08202088125995399,0.0018757741992567686,0.0,208
0.08239249690320297,0.0018757741992567686,0.0,209
0.08276411254645195,0.0018757741992567686,0.0,210
0.08313572818970094,0.0018757741992567686,0.0,211
0.08350734383294992,0.0018757741992567686,0.0,212
0.0838789594761989,0.0018757741992567686,0.0,213
0.08425057511944789,0.0018757741992567686,0.0,214
0.08462219076269686,0.0018757741992567686,0.0,215
0.08499380640594585,0.0018757741992567686,0.0,216
0.08536542204919484,0.0018757741992567686,0.0,217
0.08573703769244381,0.0018757741992567686,0.0,218
0.0861086533356928,0.0018757741992567686,0.0,219
0.08648026897894177,0.0018757741992567686,0.0,220
0.08685188462219076,0.001893470182268625,1.7695983011856457e-05,221
0.08722350026543975,0.001893470182268625,0.0,222
0.08759511590868872,0.001893470182268625,0.0,223
0.08796673155193771,0.001893470182268625,0.0,224
0.0883383471951867,0.001893470182268625,0.0,225
0.08870996283843567,0.001893470182268625,0.0,226
0.08908157848168466,0.0019111661652804813,1.769598301185624e-05,227
0.08945319412493365,0.0019111661652804813,0.0,228
0.08982480976818262,0.0019111661652804813,0.0,229
0.09019642541143161,0.0019111661652804813,0.0,230
0.09056804105468058,0.0019111661652804813,0.0,231
0.09093965669792957,0.0019111661652804813,0.0,232
0.09131127234117856,0.0019111661652804813,0.0,233
0.09168288798442753,0.0019111661652804813,0.0,234
0.09205450362767652,0.0019111661652804813,0.0,235
0.0924261192709255,0.0019111661652804813,0.0,236
0.09279773491417448,0.0019111661652804813,0.0,237
0.09316935055742347,0.0019111661652804813,0.0,238
0.09354096620067245,0.0019111661652804813,0.0,239
0.09391258184392143,0.0019111661652804813,0.0,240
0.09428419748717042,0.0019111661652804813,0.0,241
0.09465581313041939,0.0019111661652804813,0.0,242
0.09502742877366838,0.0019111661652804813,0.0,243
0.09539904441691736,0.0019111661652804813,0.0,244
0.09577066006016634,0.0019111661652804813,0.0,245
0.09614227570341533,0.0019111661652804813,0.0,246
0.09651389134666431,0.0019111661652804813,0.0,247
0.09688550698991329,0.0019111661652804813,0.0,248
0.09725712263316227,0.0019111661652804813,0.0,249
0.09762873827641126,0.0019111661652804813,0.0,250
0.09800035391966024,0.0019111661652804813,0.0,251
0.09837196956290922,0.0019111661652804813,0.0,252
0.0987435852061582,0.0019111661652804813,0.0,253
0.09911520084940718,0.0019288621482923375,1.769598301185624e-05,254
0.09948681649265617,0.0019288621482923375,0.0,255
0.09985843213590515,0.0019288621482923375,0.0,256
0.10023004777915413,0.0019288621482923375,0.0,257
0.10060166342240312,0.0019288621482923375,0.0,258
0.1009732790656521,0.0019288621482923375,0.0,259
0.10134489470890108,0.0019288621482923375,0.0,260
0.10171651035215006,0.0019288621482923375,0.0,261
0.10208812599539904,0.0019288621482923375,0.0,262
0.10245974163864803,0.001946558131304194,1.7695983011856457e-05,263
0.102831357281897,0.001946558131304194,0.0,264
0.10320297292514599,0.001946558131304194,0.0,265
0.10357458856839498,0.001946558131304194,0.0,266
0.10394620421164395,0.001946558131304194,0.0,267
0.10431781985489294,0.001946558131304194,0.0,268
0.10468943549814193,0.001946558131304194,0.0,269
0.1050610511413909,0.001946558131304194,0.0,270
0.10543266678463989,0.001946558131304194,0.0,271
0.10580428242788886,0.001946558131304194,0.0,272
0.10617589807113785,0.001946558131304194,0.0,273
0.10654751371438684,0.001946558131304194,0.0,274
0.10691912935763581,0.001946558131304194,0.0,275
0.1072907450008848,0.001946558131304194,0.0,276
0.10766236064413379,0.001946558131304194,0.0,277
0.10803397628738276,0.001946558131304194,0.0,278
0.10840559193063175,0.001946558131304194,0.0,279
0.10877720757388074,0.001946558131304194,0.0,280
0.10914882321712971,0.0019642541143160505,1.7695983011856457e-05,281
0.1095204388603787,0.0019819500973279067,1.769598301185624e-05,282
0.10989205450362767,0.0019819500973279067,0.0,283
0.11026367014687666,0.0019819500973279067,0.0,284
0.11063528579012565,0.0019819500973279067,0.0,285
0.11100690143337462,0.0019819500973279067,0.0,286
0.1113785170766236,0.0019819500973279067,0.0,287
0.1117501327198726,0.0019819500973279067,0.0,288
0.11212174836312157,0.0019819500973279067,0.0,289
0.11249336400637056,0.0019819500973279067,0.0,290
0.11286497964961954,0.0019819500973279067,0.0,291
0.11323659529286852,0.0019819500973279067,0.0,292
0.1136082109361175,0.0019819500973279067,0.0,293
0.11397982657936648,0.0019819500973279067,0.0,294
0.11435144222261547,0.0019819500973279067,0.0,295
0.11472305786586445,0.0019819500973279067,0.0,296
0.11509467350911343,0.0019819500973279067,0.0,297
0.11546628915236241,0.0019819500973279067,0.0,298
0.11582020881259954,0.0019819500973279067,0.0,299
0.11617412847283666,0.0019819500973279067,0.0,300
0.1165280481330738,0.0019819500973279067,0.0,301
0.11688196779331092,0.0019819500973279067,0.0,302
0.11723588745354804,0.0019819500973279067,0.0,303
0.11758980711378517,0.0019819500973279067,0.0,304
0.1179437267740223,0.0019819500973279067,0.0,305
0.11829764643425943,0.0019819500973279067,0.0,306
0.11865156609449655,0.001999646080339763,1.769598301185624e-05,307
0.11900548575473367,0.001999646080339763,0.0,308
0.1193594054149708,0.001999646080339763,0.0,309
0.11971332507520793,0.001999646080339763,0.0,310
0.12006724473544506,0.001999646080339763,0.0,311
0.12042116439568218,0.001999646080339763,0.0,312
0.1207750840559193,0.002017342063351619,1.769598301185624e-05,313
0.12112900371615644,0.0020350380463634754,1.769598301185624e-05,314
0.12148292337639356,0.0020527340293753317,1.769598301185624e-05,315
0.12183684303663068,0.0020527340293753317,0.0,316
0.12219076269686781,0.0020527340293753317,0.0,317
0.12254468235710493,0.0020527340293753317,0.0,318
0.12289860201734207,0.0020527340293753317,0.0,319
0.12325252167757919,0.0020527340293753317,0.0,320
0.12360644133781631,0.0021589099274464695,0.00010617589807113787,321
0.12396036099805344,0.0021766059104583258,1.769598301185624e-05,322
0.12431428065829057,0.0021766059104583258,0.0,323
0.1246682003185277,0.0021766059104583258,0.0,324
0.12502211997876483,0.0022119978764820387,3.5391966023712914e-05,325
0.12537603963900196,0.0022119978764820387,0.0,326
0.12572995929923908,0.0022119978764820387,0.0,327
0.1260838789594762,0.0022119978764820387,0.0,328
0.12643779861971333,0.0022119978764820387,0.0,329
0.12679171827995045,0.0022119978764820387,0.0,330
0.12714563794018757,0.0022119978764820387,0.0,331
0.1274995576004247,0.0022119978764820387,0.0,332
0.12785347726066182,0.002229693859493895,1.769598301185624e-05,333
0.12820739692089897,0.002229693859493895,0.0,334
0.1285613165811361,0.002229693859493895,0.0,335
0.12891523624137322,0.002229693859493895,0.0,336
0.12926915590161034,0.002229693859493895,0.0,337
0.12962307556184746,0.002229693859493895,0.0,338
0.12997699522208458,0.002229693859493895,0.0,339
0.1303309148823217,0.002229693859493895,0.0,340
0.13068483454255883,0.002229693859493895,0.0,341
0.13103875420279595,0.002229693859493895,0.0,342
0.1313926738630331,0.002229693859493895,0.0,343
0.13174659352327023,0.002229693859493895,0.0,344
0.13210051318350735,0.002229693859493895,0.0,345
0.13245443284374447,0.002247389842505751,1.769598301185624e-05,346
0.1328083525039816,0.0022650858255176074,1.769598301185624e-05,347
0.13316227216421872,0.0022650858255176074,0.0,348
0.13351619182445584,0.0022650858255176074,0.0,349
0.13387011148469297,0.0022650858255176074,0.0,350
0.1342240311449301,0.0022827818085294637,1.769598301185624e-05,351
0.13457795080516724,0.0023004777915413203,1.7695983011856674e-05,352
0.13493187046540436,0.0023004777915413203,0.0,353
0.1352857901256415,0.0023004777915413203,0.0,354
0.1356397097858786,0.0023004777915413203,0.0,355
0.13599362944611573,0.0023004777915413203,0.0,356
0.13634754910635286,0.0023004777915413203,0.0,357
0.13670146876658998,0.0023004777915413203,0.0,358
0.1370553884268271,0.0023004777915413203,0.0,359
0.13740930808706422,0.0023004777915413203,0.0,360
0.13776322774730138,0.0023004777915413203,0.0,361
0.1381171474075385,0.0023004777915413203,0.0,362
0.13847106706777562,0.0023004777915413203,0.0,363
0.13882498672801274,0.0023004777915413203,0.0,364
0.13917890638824987,0.0023004777915413203,0.0,365
0.139532826048487,0.0023004777915413203,0.0,366
0.13988674570872411,0.0023004777915413203,0.0,367
0.14024066536896124,0.0023004777915413203,0.0,368
0.14059458502919836,0.0023004777915413203,0.0,369
0.1409485046894355,0.0023004777915413203,0.0,370
0.14130242434967263,0.0023004777915413203,0.0,371
0.14165634400990976,0.0023004777915413203,0.0,372
0.14201026367014688,0.0023181737745531766,1.769598301185624e-05,373
0.142364183330384,0.002335869757565033,1.769598301185624e-05,374
0.14271810299062113,0.002353565740576889,1.769598301185624e-05,375
0.14307202265085825,0.0023712617235887453,1.769598301185624e-05,376
0.14342594231109537,0.0023889577066006015,1.769598301185624e-05,377
0.1437798619713325,0.0024066536896124578,1.769598301185624e-05,378
0.14413378163156965,0.0024243496726243144,1.7695983011856674e-05,379
0.14448770129180677,0.0030083171120155725,0.0005839674393912581,380
0.1448416209520439,0.0030260130950274288,1.769598301185624e-05,381
0.14519554061228102,0.003043709078039285,1.769598301185624e-05,382
0.14554946027251814,0.0030614050610511413,1.769598301185624e-05,383
0.14590337993275526,0.0030791010440629975,1.769598301185624e-05,384
0.14625729959299238,0.003096797027074854,1.7695983011856674e-05,385
0.1466112192532295,0.0031144930100867104,1.769598301185624e-05,386
0.14696513891346663,0.0036453725004423998,0.0005308794903556894,387
0.14731905857370378,0.003663068483454256,1.769598301185624e-05,388
0.1476729782339409,0.0036984604494779685,3.539196602371248e-05,389
0.14802689789417803,0.0037161564324898247,1.769598301185624e-05,390
0.14838081755441515,0.0037515483985135372,3.539196602371248e-05,391
0.14873473721465227,0.003769244381525394,1.7695983011856674e-05,392
0.1490886568748894,0.00378694036453725,1.769598301185624e-05,393
0.14944257653512652,0.0038046363475491064,1.769598301185624e-05,394
0.14979649619536364,0.0038223323305609626,1.769598301185624e-05,395
0.15015041585560077,0.003840028313572819,1.769598301185624e-05,396
0.15050433551583792,0.003857724296584675,1.769598301185624e-05,397
0.15085825517607504,0.004565563617058927,0.0007078393204742522,398
0.15121217483631216,0.004583259600070784,1.7695983011856674e-05,399
0.1515660944965493,0.004600955583082641,1.7695983011856674e-05,400
0.1519200141567864,0.0046186515660944965,1.7695983011855806e-05,401
0.15227393381702353,0.004636347549106353,1.7695983011856674e-05,402
0.15262785347726066,0.004654043532118209,1.7695983011855806e-05,403
0.15298177313749778,0.004671739515130066,1.7695983011856674e-05,404
0.1533356927977349,0.004689435498141921,1.7695983011855806e-05,405
0.15368961245797205,0.004707131481153778,1.7695983011856674e-05,406
0.15404353211820918,0.004707131481153778,0.0,407
0.1543974517784463,0.004707131481153778,0.0,408
0.15475137143868342,0.004707131481153778,0.0,409
0.15510529109892054,0.004707131481153778,0.0,410
0.15545921075915767,0.004707131481153778,0.0,411
0.1558131304193948,0.004707131481153778,0.0,412
0.1561670500796319,0.004707131481153778,0.0,413
0.15652096973986904,0.004724827464165635,1.7695983011856674e-05,414
0.1568748894001062,0.004724827464165635,0.0,415
0.1572288090603433,0.004724827464165635,0.0,416
0.15758272872058043,0.004742523447177491,1.7695983011855806e-05,417
0.15793664838081756,0.004742523447177491,0.0,418
0.15829056804105468,0.004742523447177491,0.0,419
0.1586444877012918,0.004760219430189347,1.7695983011856674e-05,420
0.15899840736152893,0.004777915413201203,1.7695983011855806e-05,421
0.15935232702176605,0.00479561139621306,1.7695983011856674e-05,422
0.15970624668200317,0.00479561139621306,0.0,423
0.16004247035922844,0.00479561139621306,0.0,424
0.16037869403645372,0.004831003362236772,3.539196602371248e-05,425
0.160714917713679,0.004866395328260485,3.539196602371248e-05,426
0.16105114139090426,0.004866395328260485,0.0,427
0.16138736506812953,0.004866395328260485,0.0,428
0.1617235887453548,0.004866395328260485,0.0,429
0.16205981242258008,0.004866395328260485,0.0,430
0.16239603609980535,0.004884091311272341,1.7695983011856674e-05,431
0.16273225977703062,0.004901787294284197,1.7695983011855806e-05,432
0.1630684834542559,0.004919483277296054,1.7695983011856674e-05,433
0.16340470713148114,0.0049371792603079105,1.7695983011856674e-05,434
0.16374093080870641,0.004954875243319766,1.7695983011855806e-05,435
0.1640771544859317,0.005096443107414617,0.0001415678640948508,436
0.16441337816315696,0.005114139090426473,1.7695983011855806e-05,437
0.16474960184038223,0.00513183507343833,1.7695983011856674e-05,438
0.1650858255176075,0.005149531056450185,1.7695983011855806e-05,439
0.16542204919483278,0.00541497080162803,0.0002654397451778449,440
0.16575827287205805,0.005432666784639887,1.7695983011856674e-05,441
0.16609449654928332,0.005450362767651743,1.7695983011855806e-05,442
0.1664307202265086,0.0054680587506635995,1.7695983011856674e-05,443
0.16676694390373384,0.005485754733675455,1.7695983011855806e-05,444
0.1671031675809591,0.005503450716687312,1.7695983011856674e-05,445
0.16743939125818438,0.005521146699699169,1.7695983011856674e-05,446
0.16777561493540966,0.005538842682711024,1.7695983011855806e-05,447
0.16811183861263493,0.005556538665722881,1.7695983011856674e-05,448
0.1684480622898602,0.005574234648734737,1.7695983011855806e-05,449
0.16878428596708547,0.005591930631746594,1.7695983011856674e-05,450
0.16912050964431075,0.00560962661475845,1.7695983011856674e-05,451
0.16945673332153602,0.005627322597770306,1.7695983011855806e-05,452
0.1697929569987613,0.005645018580782163,1.7695983011856674e-05,453
0.17012918067598656,0.0056627145637940185,1.7695983011855806e-05,454
0.1704654043532118,0.005680410546805875,1.7695983011856674e-05,455
0.17080162803043708,0.005698106529817731,1.7695983011855806e-05,456
0.17113785170766235,0.005715802512829588,1.7695983011856674e-05,457
0.17147407538488763,0.005733498495841444,1.7695983011856674e-05,458
0.1718102990621129,0.0057511944788533,1.7695983011855806e-05,459
0.17214652273933817,0.005768890461865157,1.7695983011856674e-05,460
0.17248274641656344,0.005786586444877013,1.7695983011855806e-05,461
0.17281897009378872,0.005804282427888869,1.7695983011856674e-05,462
0.173155193771014,0.005821978410900725,1.7695983011855806e-05,463
0.17349141744823926,0.005839674393912582,1.7695983011856674e-05,464
0.17382764112546453,0.0058573703769244385,1.7695983011856674e-05,465
0.17416386480268978,0.005875066359936294,1.7695983011855806e-05,466
0.17450008847991505,0.005892762342948151,1.7695983011856674e-05,467
0.17483631215714032,0.005910458325960007,1.7695983011855806e-05,468
0.1751725358343656,0.005963546274995576,5.3087949035569154e-05,469
0.17550875951159087,0.005981242258007433,1.7695983011856674e-05,470
0.17584498318881614,0.005998938241019288,1.7695983011855806e-05,471
0.1761812068660414,0.006016634224031145,1.7695983011856674e-05,472
0.17651743054326668,0.006175898071137852,0.0001592638471067066,473
0.17685365422049196,0.007131481153778092,0.0009555830826402404,474
0.17718987789771723,0.007149177136789949,1.7695983011856674e-05,475
0.17752610157494247,0.007166873119801805,1.7695983011855806e-05,476
0.17786232525216775,0.007184569102813661,1.7695983011856674e-05,477
0.17819854892939302,0.007202265085825518,1.7695983011856674e-05,478
0.1785347726066183,0.007219961068837374,1.7695983011855806e-05,479
0.17887099628384356,0.00723765705184923,1.7695983011856674e-05,480
0.17920721996106884,0.007255353034861086,1.7695983011855806e-05,481
0.1795434436382941,0.007273049017872943,1.7695983011856674e-05,482
0.17987966731551938,0.0072907450008847996,1.7695983011856674e-05,483
0.18021589099274465,0.007308440983896655,1.7695983011855806e-05,484
0.18055211466996993,0.007326136966908512,1.7695983011856674e-05,485
0.1808883383471952,0.007343832949920368,1.7695983011855806e-05,486
0.18122456202442044,0.0073615289329322245,1.7695983011856674e-05,487
0.18156078570164572,0.00737922491594408,1.7695983011855806e-05,488
0.181897009378871,0.007396920898955937,1.7695983011856674e-05,489
0.18223323305609626,0.007414616881967794,1.7695983011856674e-05,490
0.18256945673332153,0.0074323128649796495,1.7695983011855806e-05,491
0.1829056804105468,0.007450008847991506,1.7695983011856674e-05,492
0.18324190408777208,0.007520792780038931,7.078393204742496e-05,493
0.18357812776499735,0.007538488763050788,1.7695983011856674e-05,494
0.18391435144222262,0.007556184746062644,1.7695983011855806e-05,495
0.1842505751194479,0.0075738807290745,1.7695983011856674e-05,496
0.18458679879667317,0.007591576712086356,1.7695983011855806e-05,497
0.1849230224738984,0.007609272695098213,1.7695983011856674e-05,498
0.18525924615112369,0.007626968678110069,1.7695983011856674e-05,499
0.18559546982834896,0.007644664661121925,1.7695983011855806e-05,500
0.18593169350557423,0.007662360644133782,1.7695983011856674e-05,501
0.1862679171827995,0.007680056627145638,1.7695983011855806e-05,502
0.18660414086002478,0.007697752610157494,1.7695983011856674e-05,503
0.18694036453725005,0.00771544859316935,1.7695983011855806e-05,504
0.18727658821447532,0.007733144576181207,1.7695983011856674e-05,505
0.1876128118917006,0.0077508405591930635,1.7695983011856674e-05,506
0.18794903556892587,0.007768536542204919,1.7695983011855806e-05,507
0.1882852592461511,0.007786232525216776,1.7695983011856674e-05,508
0.18862148292337638,0.007821624491240489,3.539196602371248e-05,509
0.18895770660060165,0.007839320474252344,1.7695983011855806e-05,510
0.18929393027782693,0.007857016457264202,1.769598301185754e-05,511
0.1896301539550522,0.007874712440276058,1.7695983011855806e-05,512
0.18996637763227747,0.007892408423287913,1.7695983011855806e-05,513
0.19030260130950274,0.00791010440629977,1.7695983011855806e-05,514
0.19063882498672802,0.007927800389311627,1.769598301185754e-05,515
0.1909750486639533,0.007963192355335338,3.539196602371161e-05,516
0.19131127234117856,0.007980888338347196,1.769598301185754e-05,517
0.19164749601840383,0.007998584321359052,1.7695983011855806e-05,518
0.19198371969562908,0.008016280304370908,1.7695983011855806e-05,519
0.19231994337285435,0.008033976287382763,1.7695983011855806e-05,520
0.19265616705007962,0.008051672270394621,1.769598301185754e-05,521
0.1929923907273049,0.008069368253406477,1.7695983011855806e-05,522
0.19332861440453017,0.008087064236418333,1.7695983011855806e-05,523
0.19366483808175544,0.00810476021943019,1.769598301185754e-05,524
0.19400106175898071,0.008122456202442046,1.7695983011855806e-05,525
0.194337285436206,0.008600247743762167,0.00047779154132012065,526
0.19467350911343126,0.008617943726774022,1.7695983011855806e-05,527
0.19500973279065653,0.008635639709785878,1.7695983011855806e-05,528
0.1953459564678818,0.008653335692797736,1.769598301185754e-05,529
0.19568218014510705,0.008671031675809591,1.7695983011855806e-05,530
0.19601840382233232,0.008688727658821447,1.7695983011855806e-05,531
0.1963546274995576,0.009078039285082285,0.00038931162626083815,532
0.19669085117678287,0.009095735268094143,1.769598301185754e-05,533
0.19702707485400814,0.009113431251105999,1.7695983011855806e-05,534
0.1973632985312334,0.009131127234117855,1.7695983011855806e-05,535
0.19769952220845868,0.009148823217129712,1.769598301185754e-05,536
0.19803574588568396,0.009166519200141568,1.7695983011855806e-05,537
0.19837196956290923,0.009184215183153424,1.7695983011855806e-05,538
0.1987081932401345,0.010776853654220491,0.0015926384710670677,539
0.19904441691735975,0.010776853654220491,0.0,540
0.19938064059458502,0.010776853654220491,0.0,541
0.1997168642718103,0.010776853654220491,0.0,542
0.20005308794903556,0.010776853654220491,0.0,543
0.20038931162626084,0.010776853654220491,0.0,544
0.2007255353034861,0.010776853654220491,0.0,545
0.20106175898071138,0.010776853654220491,0.0,546
0.20139798265793665,0.010776853654220491,0.0,547
0.20173420633516193,0.010776853654220491,0.0,548
0.2020704300123872,0.010776853654220491,0.0,549
0.20240665368961247,0.010776853654220491,0.0,550
0.20274287736683771,0.010776853654220491,0.0,551
0.203079101044063,0.010776853654220491,0.0,552
0.20341532472128826,0.010776853654220491,0.0,553
0.20375154839851353,0.010776853654220491,0.0,554
0.20407007609272695,0.010776853654220491,0.0,555
0.20438860378694038,0.010776853654220491,0.0,556
0.20470713148115377,0.010776853654220491,0.0,557
0.2050256591753672,0.010776853654220491,0.0,558
0.2053441868695806,0.010776853654220491,0.0,559
0.205662714563794,0.010776853654220491,0.0,560
0.20598124225800743,0.010776853654220491,0.0,561
0.20629976995222085,0.010776853654220491,0.0,562
0.20661829764643425,0.010776853654220491,0.0,563
0.20693682534064767,0.010776853654220491,0.0,564
0.2072553530348611,0.010776853654220491,0.0,565
0.2075738807290745,0.010776853654220491,0.0,566
0.2078924084232879,0.010776853654220491,0.0,567
0.20821093611750133,0.010776853654220491,0.0,568
0.20852946381171475,0.010776853654220491,0.0,569
0.20884799150592814,0.010776853654220491,0.0,570
0.20916651920014157,0.010776853654220491,0.0,571
0.209485046894355,0.010776853654220491,0.0,572
0.20980357458856838,0.010776853654220491,0.0,573
0.2101221022827818,0.010776853654220491,0.0,574
0.21044062997699522,0.010776853654220491,0.0,575
0.21075915767120865,0.010776853654220491,0.0,576
0.21107768536542204,0.010776853654220491,0.0,577
0.21139621305963546,0.010776853654220491,0.0,578
0.21171474075384888,0.010776853654220491,0.0,579
0.21203326844806228,0.010776853654220491,0.0,580
0.2123517961422757,0.010776853654220491,0.0,581
0.21267032383648912,0.010776853654220491,0.0,582
0.21298885153070254,0.010776853654220491,0.0,583
0.21330737922491594,0.010776853654220491,0.0,584
0.21362590691912936,0.010776853654220491,0.0,585
0.21394443461334278,0.010776853654220491,0.0,586
0.21426296230755618,0.010776853654220491,0.0,587
0.2145814900017696,0.010776853654220491,0.0,588
0.21490001769598302,0.010776853654220491,0.0,589
0.21521854539019641,0.010776853654220491,0.0,590
0.21553707308440984,0.010776853654220491,0.0,591
0.21585560077862326,0.010776853654220491,0.0,592
0.21617412847283668,0.010776853654220491,0.0,593
0.21649265616705007,0.010776853654220491,0.0,594
0.2168111838612635,0.010776853654220491,0.0,595
0.21712971155547692,0.010776853654220491,0.0,596
0.2174482392496903,0.010776853654220491,0.0,597
0.21776676694390373,0.010776853654220491,0.0,598
0.21808529463811716,0.010776853654220491,0.0,599
0.21840382233233055,0.010776853654220491,0.0,600
0.21872235002654397,0.010776853654220491,0.0,601
0.2190408777207574,0.010776853654220491,0.0,602
0.21935940541497082,0.010776853654220491,0.0,603
0.2196779331091842,0.013767474783224208,0.0029906211290037163,604
0.21999646080339763,0.013785170766236064,1.7695983011855806e-05,605
0.22031498849761105,0.013802866749247921,1.769598301185754e-05,606
0.22063351619182445,0.013820562732259777,1.7695983011855806e-05,607
0.22095204388603787,0.013838258715271633,1.7695983011855806e-05,608
0.2212705715802513,0.01385595469828349,1.769598301185754e-05,609
0.22158909927446468,0.013873650681295346,1.7695983011855806e-05,610
0.2219076269686781,0.013873650681295346,0.0,611
0.22222615466289153,0.013873650681295346,0.0,612
0.22254468235710495,0.013873650681295346,0.0,613
0.22286321005131834,0.013873650681295346,0.0,614
0.22318173774553177,0.013873650681295346,0.0,615
0.2235002654397452,0.013873650681295346,0.0,616
0.22381879313395858,0.013873650681295346,0.0,617
0.224137320828172,0.013891346664307202,1.7695983011855806e-05,618
0.22445584852238543,0.013891346664307202,0.0,619
0.22477437621659882,0.013891346664307202,0.0,620
0.22509290391081224,0.013891346664307202,0.0,621
0.22541143160502566,0.013891346664307202,0.0,622
0.22572995929923909,0.013891346664307202,0.0,623
0.22604848699345248,0.013891346664307202,0.0,624
0.2263670146876659,0.013926738630330915,3.539196602371335e-05,625
0.22668554238187932,0.013926738630330915,0.0,626
0.22700407007609272,0.013926738630330915,0.0,627
0.22732259777030614,0.013926738630330915,0.0,628
0.22764112546451956,0.013944434613342771,1.7695983011855806e-05,629
0.22795965315873296,0.013962130596354627,1.7695983011855806e-05,630
0.22827818085294638,0.013962130596354627,0.0,631
0.2285967085471598,0.013962130596354627,0.0,632
0.22891523624137322,0.013962130596354627,0.0,633
0.22923376393558662,0.013962130596354627,0.0,634
0.22955229162980004,0.013962130596354627,0.0,635
0.22987081932401346,0.013962130596354627,0.0,636
0.23018934701822685,0.013979826579366484,1.769598301185754e-05,637
0.23050787471244027,0.01774907096089188,0.0037692443815253943,638
0.2308264024066537,0.018085294638117148,0.000336223677225269,639
0.2311449301008671,0.01812068660414086,3.539196602371161e-05,640
0.2314634577950805,0.01815607857016457,3.539196602371161e-05,641
0.23178198548929393,0.01817377455317643,1.769598301185754e-05,642
0.23210051318350736,0.018191470536188286,1.769598301185754e-05,643
0.23241904087772075,0.01820916651920014,1.7695983011854072e-05,644
0.23273756857193417,0.018226862502211998,1.769598301185754e-05,645
0.2330560962661476,0.018244558485223855,1.769598301185754e-05,646
0.233374623960361,0.01826225446823571,1.7695983011854072e-05,647
0.2336931516545744,0.018279950451247567,1.769598301185754e-05,648
0.23401167934878783,0.018297646434259424,1.769598301185754e-05,649
0.23433020704300123,0.01831534241727128,1.7695983011854072e-05,650
0.23464873473721465,0.01831534241727128,0.0,651
0.23496726243142807,0.01831534241727128,0.0,652
0.2352857901256415,0.01831534241727128,0.0,653
0.23560431781985489,0.01831534241727128,0.0,654
0.2359228455140683,0.01831534241727128,0.0,655
0.23624137320828173,0.01831534241727128,0.0,656
0.23655990090249512,0.01831534241727128,0.0,657
0.23687842859670855,0.018333038400283136,1.769598301185754e-05,658
0.23719695629092197,0.018333038400283136,0.0,659
0.23751548398513536,0.018333038400283136,0.0,660
0.23783401167934878,0.018333038400283136,0.0,661
0.2381525393735622,0.018333038400283136,0.0,662
0.23847106706777563,0.018333038400283136,0.0,663
0.23878959476198902,0.018333038400283136,0.0,664
0.23910812245620244,0.018333038400283136,0.0,665
0.23942665015041587,0.018333038400283136,0.0,666
0.23974517784462926,0.018333038400283136,0.0,667
0.24006370553884268,0.018333038400283136,0.0,668
0.2403822332330561,0.018333038400283136,0.0,669
0.2407007609272695,0.018333038400283136,0.0,670
0.24101928862148292,0.018333038400283136,0.0,671
0.24133781631569634,0.018350734383294993,1.769598301185754e-05,672
0.24165634400990976,0.018350734383294993,0.0,673
0.24197487170412316,0.018350734383294993,0.0,674
0.24229339939833658,0.018350734383294993,0.0,675
0.24261192709255,0.018350734383294993,0.0,676
0.2429304547867634,0.018350734383294993,0.0,677
0.24324898248097682,0.018350734383294993,0.0,678
0.24356751017519024,0.018350734383294993,0.0,679
0.24388603786940363,0.018350734383294993,0.0,680
0.24420456556361705,0.018350734383294993,0.0,681
0.24452309325783048,0.018350734383294993,0.0,682
0.2448416209520439,0.018350734383294993,0.0,683
0.2451601486462573,0.018350734383294993,0.0,684
0.24547867634047071,0.018350734383294993,0.0,685
0.24579720403468414,0.018350734383294993,0.0,686
0.24611573172889753,0.018350734383294993,0.0,687
0.24643425942311095,0.018350734383294993,0.0,688
0.24675278711732437,0.018350734383294993,0.0,689
0.24707131481153777,0.018350734383294993,0.0,690
0.2473898425057512,0.018350734383294993,0.0,691
0.2477083701999646,0.018350734383294993,0.0,692
0.24802689789417803,0.018350734383294993,0.0,693
0.24832772960537958,0.018350734383294993,0.0,694
0.24862856131658115,0.018350734383294993,0.0,695
0.2489293930277827,0.018350734383294993,0.0,696
0.24923022473898426,0.018350734383294993,0.0,697
0.2495310564501858,0.018350734383294993,0.0,698
0.24983188816138738,0.018350734383294993,0.0,699
0.25013271987258895,0.01865156609449655,0.0003008317112015574,700
0.2504335515837905,0.018669262077508405,1.7695983011854072e-05,701
0.25073438329499204,0.018669262077508405,0.0,702
0.2510352150061936,0.018669262077508405,0.0,703
0.2513360467173952,0.018669262077508405,0.0,704
0.2516368784285967,0.018669262077508405,0.0,705
0.25193771013979827,0.018669262077508405,0.0,706
0.2522385418509998,0.018669262077508405,0.0,707
0.2525393735622014,0.018669262077508405,0.0,708
0.25284020527340295,0.018669262077508405,0.0,709
0.2531410369846045,0.018669262077508405,0.0,710
0.25344186869580604,0.018669262077508405,0.0,711
0.2537427004070076,0.018669262077508405,0.0,712
0.2540435321182092,0.018669262077508405,0.0,713
0.2543443638294107,0.018669262077508405,0.0,714
0.25464519554061227,0.018669262077508405,0.0,715
0.2549460272518138,0.018669262077508405,0.0,716
0.2552468589630154,0.018669262077508405,0.0,717
0.25554769067421695,0.018669262077508405,0.0,718
0.2558485223854185,0.018669262077508405,0.0,719
0.25614935409662004,0.018669262077508405,0.0,720
0.25645018580782164,0.018669262077508405,0.0,721
0.2567510175190232,0.018669262077508405,0.0,722
0.2570518492302247,0.018669262077508405,0.0,723
0.25735268094142627,0.018669262077508405,0.0,724
0.25765351265262787,0.018669262077508405,0.0,725
0.2579543443638294,0.018669262077508405,0.0,726
0.25825517607503096,0.018669262077508405,0.0,727
0.2585560077862325,0.018669262077508405,0.0,728
0.2588568394974341,0.018669262077508405,0.0,729
0.25915767120863564,0.018669262077508405,0.0,730
0.2594585029198372,0.018669262077508405,0.0,731
0.25975933463103873,0.018669262077508405,0.0,732
0.26006016634224033,0.018669262077508405,0.0,733
0.26036099805344187,0.018669262077508405,0.0,734
0.2606618297646434,0.018669262077508405,0.0,735
0.26096266147584496,0.018669262077508405,0.0,736
0.26126349318704656,0.0187931339585914,0.00012387188108299585,737
0.2615643248982481,0.0187931339585914,0.0,738
0.26186515660944965,0.0187931339585914,0.0,739
0.2621659883206512,0.0187931339585914,0.0,740
0.2624668200318528,0.0187931339585914,0.0,741
0.26276765174305433,0.0187931339585914,0.0,742
0.2630684834542559,0.0187931339585914,0.0,743
0.2633693151654574,0.0187931339585914,0.0,744
0.263670146876659,0.0187931339585914,0.0,745
0.26397097858786056,0.0187931339585914,0.0,746
0.2642718102990621,0.0187931339585914,0.0,747
0.26457264201026365,0.0187931339585914,0.0,748
0.26487347372146525,0.01884622190762697,5.3087949035569154e-05,749
0.2651743054326668,0.01884622190762697,0.0,750
0.26547513714386833,0.01893470182268625,8.847991505928077e-05,751
0.2657759688550699,0.018970093788709962,3.539196602371161e-05,752
0.2660768005662715,0.01898778977172182,1.769598301185754e-05,753
0.266377632277473,0.019005485754733674,1.7695983011854072e-05,754
0.26667846398867456,0.01902318173774553,1.769598301185754e-05,755
0.2669792956998761,0.01904087772075739,1.769598301185754e-05,756
0.2672801274110777,0.019058573703769243,1.7695983011854072e-05,757
0.26758095912227925,0.019058573703769243,0.0,758
0.2678817908334808,0.019058573703769243,0.0,759
0.26818262254468234,0.019058573703769243,0.0,760
0.26848345425588394,0.019058573703769243,0.0,761
0.2687842859670855,0.0190762696867811,1.769598301185754e-05,762
0.269085117678287,0.0190762696867811,0.0,763
0.26938594938948857,0.0190762696867811,0.0,764
0.26968678110069016,0.0190762696867811,0.0,765
0.2699876128118917,0.0190762696867811,0.0,766
0.27028844452309325,0.0190762696867811,0.0,767
0.2705892762342948,0.0190762696867811,0.0,768
0.2708901079454964,0.01912935763581667,5.3087949035569154e-05,769
0.27119093965669794,0.019147053618828527,1.769598301185754e-05,770
0.2714917713678995,0.01916474960184038,1.7695983011854072e-05,771
0.271792603079101,0.01918244558485224,1.769598301185754e-05,772
0.2720934347903026,0.019200141567864096,1.769598301185754e-05,773
0.27239426650150417,0.019200141567864096,0.0,774
0.2726950982127057,0.019200141567864096,0.0,775
0.27299592992390725,0.019200141567864096,0.0,776
0.27329676163510885,0.019200141567864096,0.0,777
0.2735975933463104,0.019200141567864096,0.0,778
0.27389842505751194,0.019200141567864096,0.0,779
0.2741992567687135,0.019200141567864096,0.0,780
0.2745000884799151,0.019200141567864096,0.0,781
0.2748009201911166,0.019200141567864096,0.0,782
0.27510175190231817,0.019200141567864096,0.0,783
0.2754025836135197,0.019200141567864096,0.0,784
0.2757034153247213,0.019200141567864096,0.0,785
0.27600424703592286,0.019200141567864096,0.0,786
0.2763050787471244,0.019200141567864096,0.0,787
0.27660591045832594,0.01927092549991152,7.078393204742323e-05,788
0.27690674216952754,0.01927092549991152,0.0,789
0.2772075738807291,0.019288621482923377,1.769598301185754e-05,790
0.27750840559193063,0.01930631746593523,1.7695983011854072e-05,791
0.2778092373031322,0.01932401344894709,1.769598301185754e-05,792
0.27811006901433377,0.019341709431958946,1.769598301185754e-05,793
0.2784109007255353,0.02024420456556362,0.0009024951336046722,794
0.27871173243673686,0.02024420456556362,0.0,795
0.2790125641479384,0.02024420456556362,0.0,796
0.27931339585914,0.02024420456556362,0.0,797
0.27961422757034154,0.02024420456556362,0.0,798
0.2799150592815431,0.02024420456556362,0.0,799
0.28021589099274463,0.02024420456556362,0.0,800
0.28051672270394623,0.02024420456556362,0.0,801
0.2808175544151478,0.02024420456556362,0.0,802
0.2811183861263493,0.02024420456556362,0.0,803
0.28141921783755086,0.02024420456556362,0.0,804
0.28172004954875246,0.02024420456556362,0.0,805
0.282020881259954,0.02024420456556362,0.0,806
0.28232171297115555,0.02024420456556362,0.0,807
0.2826225446823571,0.02024420456556362,0.0,808
0.2829233763935587,0.02024420456556362,0.0,809
0.28322420810476023,0.02024420456556362,0.0,810
0.2835250398159618,0.02024420456556362,0.0,811
0.2838258715271633,0.02024420456556362,0.0,812
0.28412670323836486,0.02024420456556362,0.0,813
0.28442753494956646,0.02024420456556362,0.0,814
0.284728366660768,0.02024420456556362,0.0,815
0.28502919837196955,0.02024420456556362,0.0,816
0.2853300300831711,0.02024420456556362,0.0,817
0.2856308617943727,0.02024420456556362,0.0,818
0.28593169350557424,0.02024420456556362,0.0,819
0.2862325252167758,0.02024420456556362,0.0,820
0.2865333569279773,0.02024420456556362,0.0,821
0.2868341886391789,0.02024420456556362,0.0,822
0.28713502035038047,0.02024420456556362,0.0,823
0.287435852061582,0.02024420456556362,0.0,824
0.28773668377278355,0.02024420456556362,0.0,825
0.28803751548398515,0.02024420456556362,0.0,826
0.2883383471951867,0.02024420456556362,0.0,827
0.28863917890638824,0.02024420456556362,0.0,828
0.2889400106175898,0.02024420456556362,0.0,829
0.2892408423287914,0.02024420456556362,0.0,830
0.2895416740399929,0.02024420456556362,0.0,831
0.28984250575119447,0.02024420456556362,0.0,832
0.290143337462396,0.021111307733144576,0.0008671031675809571,833
0.2904441691735976,0.021129003716156433,1.769598301185754e-05,834
0.29074500088479915,0.021146699699168287,1.7695983011854072e-05,835
0.2910458325960007,0.021164395682180145,1.769598301185754e-05,836
0.29134666430720224,0.021182091665192002,1.769598301185754e-05,837
0.29164749601840384,0.021199787648203856,1.7695983011854072e-05,838
0.2919483277296054,0.021217483631215714,1.769598301185754e-05,839
0.2922491594408069,0.02123517961422757,1.769598301185754e-05,840
0.29253229516899665,0.021252875597239426,1.7695983011854072e-05,841
0.2928154308971863,0.021270571580251283,1.769598301185754e-05,842
0.29309856662537603,0.02128826756326314,1.769598301185754e-05,843
0.29338170235356575,0.021305963546274995,1.7695983011854072e-05,844
0.2936648380817554,0.021323659529286852,1.769598301185754e-05,845
0.29394797380994514,0.02134135551229871,1.769598301185754e-05,846
0.29423110953813486,0.021359051495310564,1.7695983011854072e-05,847
0.2945142452663245,0.02137674747832242,1.769598301185754e-05,848
0.29479738099451425,0.021394443461334275,1.7695983011854072e-05,849
0.29508051672270397,0.021412139444346133,1.769598301185754e-05,850
0.29536365245089363,0.02142983542735799,1.769598301185754e-05,851
0.29564678817908335,0.021447531410369845,1.7695983011854072e-05,852
0.2959299239072731,0.021465227393381702,1.769598301185754e-05,853
0.29621305963546274,0.02148292337639356,1.769598301185754e-05,854
0.29649619536365246,0.021500619359405414,1.7695983011854072e-05,855
0.2967793310918421,0.02151831534241727,1.769598301185754e-05,856
0.29706246682003185,0.02153601132542913,1.769598301185754e-05,857
0.29734560254822157,0.02153601132542913,0.0,858
0.29762873827641123,0.021553707308440983,1.7695983011854072e-05,859
0.29791187400460095,0.02157140329145284,1.769598301185754e-05,860
0.2981950097327907,0.021589099274464698,1.769598301185754e-05,861
0.29847814546098034,0.02258007432312865,0.000990975048663953,862
0.29876128118917006,0.022597770306140505,1.7695983011854072e-05,863
0.2990444169173598,0.022615466289152363,1.769598301185754e-05,864
0.29932755264554944,0.02263316227216422,1.769598301185754e-05,865
0.29961068837373916,0.022650858255176074,1.7695983011854072e-05,866
0.2998938241019289,0.02266855423818793,1.769598301185754e-05,867
0.30017695983011855,0.02268625022119979,1.769598301185754e-05,868
0.30046009555830827,0.022703946204211643,1.7695983011854072e-05,869
0.300743231286498,0.0227216421872235,1.769598301185754e-05,870
0.30102636701468766,0.022739338170235355,1.7695983011854072e-05,871
0.3013095027428774,0.022757034153247212,1.769598301185754e-05,872
0.30159263847106704,0.02277473013625907,1.769598301185754e-05,873
0.30187577419925676,0.02296938594938949,0.00019465581313041908,874
0.3021589099274465,0.022987081932401347,1.769598301185754e-05,875
0.30244204565563615,0.0230047779154132,1.7695983011854072e-05,876
0.30272518138382587,0.023022473898425058,1.769598301185754e-05,877
0.3030083171120156,0.02309325783047248,7.078393204742323e-05,878
0.30329145284020526,0.023217129711555477,0.00012387188108299585,879
0.303574588568395,0.023234825694567335,1.769598301185754e-05,880
0.3038577242965847,0.02325252167757919,1.7695983011854072e-05,881
0.30414086002477436,0.023270217660591046,1.769598301185754e-05,882
0.3044239957529641,0.0232879136436029,1.7695983011854072e-05,883
0.3047071314811538,0.023305609626614758,1.769598301185754e-05,884
0.30499026720934347,0.023323305609626616,1.769598301185754e-05,885
0.3052734029375332,0.02334100159263847,1.7695983011854072e-05,886
0.30555653866572285,0.023358697575650327,1.769598301185754e-05,887
0.3058396743939126,0.023376393558662185,1.769598301185754e-05,888
0.3061228101221023,0.02339408954167404,1.7695983011854072e-05,889
0.30640594585029196,0.023411785524685896,1.769598301185754e-05,890
0.3066890815784817,0.023447177490709608,3.539196602371161e-05,891
0.3069722173066714,0.023464873473721466,1.769598301185754e-05,892
0.30725535303486107,0.023482569456733323,1.769598301185754e-05,893
0.3075384887630508,0.023500265439745177,1.7695983011854072e-05,894
0.3078216244912405,0.023517961422757035,1.769598301185754e-05,895
0.3081047602194302,0.02353565740576889,1.7695983011854072e-05,896
0.3083878959476199,0.023553353388780746,1.769598301185754e-05,897
0.3086710316758096,0.023571049371792604,1.769598301185754e-05,898
0.3089541674039993,0.023606441337816315,3.539196602371161e-05,899
0.309237303132189,0.023624137320828173,1.769598301185754e-05,900
0.3095204388603787,0.023641833303840027,1.7695983011854072e-05,901
0.3098035745885684,0.023801097150946735,0.00015926384710670746,902
0.3100867103167581,0.023818793133958592,1.769598301185754e-05,903
0.3103698460449478,0.023836489116970446,1.7695983011854072e-05,904
0.3106529817731375,0.023854185099982304,1.769598301185754e-05,905
0.3109361175013272,0.02387188108299416,1.769598301185754e-05,906
0.3112192532295169,0.023889577066006015,1.7695983011854072e-05,907
0.3115023889577066,0.023907273049017873,1.769598301185754e-05,908
0.3117855246858963,0.02392496903202973,1.769598301185754e-05,909
0.312068660414086,0.023942665015041584,1.7695983011854072e-05,910
0.3123517961422757,0.023960360998053442,1.769598301185754e-05,911
0.3126349318704654,0.0239780569810653,1.769598301185754e-05,912
0.3129180675986551,0.023995752964077154,1.7695983011854072e-05,913
0.3132012033268448,0.02401344894708901,1.769598301185754e-05,914
0.31348433905503453,0.02403114493010087,1.769598301185754e-05,915
0.3137674747832242,0.024048840913112723,1.7695983011854072e-05,916
0.3140506105114139,0.028632100513183507,0.004583259600070784,917
0.3143337462396036,0.028649796496195364,1.769598301185754e-05,918
0.3146168819677933,0.028773668377278357,0.00012387188108299238,919
0.314900017695983,0.028791364360290214,1.769598301185754e-05,920
0.3151831534241727,0.02880906034330207,1.769598301185754e-05,921
0.3154662891523624,0.028826756326313926,1.7695983011854072e-05,922
0.31574942488055213,0.028844452309325783,1.769598301185754e-05,923
0.3160325606087418,0.02886214829233764,1.769598301185754e-05,924
0.3163156963369315,0.028879844275349495,1.7695983011854072e-05,925
0.31659883206512124,0.028897540258361352,1.769598301185754e-05,926
0.3168819677933109,0.028915236241373207,1.7695983011854072e-05,927
0.3171651035215006,0.028932932224385064,1.769598301185754e-05,928
0.31744823924969034,0.02895062820739692,1.769598301185754e-05,929
0.31773137497788,0.028968324190408776,1.7695983011854072e-05,930
0.31801451070606973,0.028986020173420633,1.769598301185754e-05,931
0.3182976464342594,0.029021412139444345,3.539196602371161e-05,932
0.3185807821624491,0.029039108122456202,1.769598301185754e-05,933
0.31886391789063884,0.02905680410546806,1.769598301185754e-05,934
0.3191470536188285,0.029074500088479914,1.7695983011854072e-05,935
0.3194301893470182,0.02909219607149177,1.769598301185754e-05,936
0.31971332507520794,0.02910989205450363,1.769598301185754e-05,937
0.3199964608033976,0.029127588037515483,1.7695983011854072e-05,938
0.32027959653158733,0.02914528402052734,1.769598301185754e-05,939
0.32056273225977705,0.029162980003539198,1.769598301185754e-05,940
0.3208458679879667,0.029180675986551052,1.7695983011854072e-05,941
0.32112900371615644,0.02919837196956291,1.769598301185754e-05,942
0.32141213944434616,0.029216067952574764,1.7695983011854072e-05,943
0.3216952751725358,0.02923376393558662,1.769598301185754e-05,944
0.32197841090072554,0.02925145991859848,1.769598301185754e-05,945
0.32226154662891526,0.029269155901610333,1.7695983011854072e-05,946
0.32254468235710493,0.02928685188462219,1.769598301185754e-05,947
0.32282781808529465,0.029304547867634048,1.769598301185754e-05,948
0.3231109538134843,0.029322243850645902,1.7695983011854072e-05,949
0.32339408954167403,0.02933993983365776,1.769598301185754e-05,950
0.32367722526986376,0.029357635816669617,1.769598301185754e-05,951
0.3239603609980534,0.02937533179968147,1.7695983011854072e-05,952
0.32424349672624314,0.02939302778269333,1.769598301185754e-05,953
0.32452663245443286,0.029410723765705186,1.769598301185754e-05,954
0.3248097681826225,0.02942841974871704,1.7695983011854072e-05,955
0.32509290391081225,0.029446115731728898,1.769598301185754e-05,956
0.32537603963900197,0.029463811714740752,1.7695983011854072e-05,957
0.32565917536719163,0.02948150769775261,1.769598301185754e-05,958
0.32594231109538135,0.029499203680764467,1.769598301185754e-05,959
0.3262254468235711,0.02951689966377632,1.7695983011854072e-05,960
0.32650858255176074,0.02953459564678818,1.769598301185754e-05,961
0.32679171827995046,0.030012387188108298,0.0004777915413201189,962
0.3270748540081401,0.030030083171120155,1.769598301185754e-05,963
0.32735798973632985,0.030065475137143867,3.539196602371161e-05,964
0.32764112546451957,0.030083171120155724,1.769598301185754e-05,965
0.32792426119270923,0.030118563086179436,3.539196602371161e-05,966
0.32820739692089895,0.030136259069191294,1.769598301185754e-05,967
0.3284905326490887,0.03015395505220315,1.769598301185754e-05,968
0.32877366837727834,0.030171651035215005,1.7695983011854072e-05,969
0.32905680410546806,0.030189347018226863,1.769598301185754e-05,970
0.3293399398336578,0.03020704300123872,1.769598301185754e-05,971
0.32962307556184745,0.030224738984250574,1.7695983011854072e-05,972
0.32990621129003717,0.030242434967262432,1.769598301185754e-05,973
0.3301893470182269,0.030260130950274286,1.7695983011854072e-05,974
0.33047248274641655,0.030277826933286144,1.769598301185754e-05,975
0.33075561847460627,0.030295522916298,1.769598301185754e-05,976
0.331038754202796,0.030313218899309855,1.7695983011854072e-05,977
0.33132188993098566,0.030330914882321713,1.769598301185754e-05,978
0.3316050256591754,0.03034861086533357,1.769598301185754e-05,979
0.33188816138736504,0.030366306848345424,1.7695983011854072e-05,980
0.33217129711555476,0.030384002831357282,1.769598301185754e-05,981
0.3324544328437445,0.030419394797380993,3.539196602371161e-05,982
0.33273756857193415,0.03043709078039285,1.769598301185754e-05,983
0.33302070430012387,0.03045478676340471,1.769598301185754e-05,984
0.3333038400283136,0.030472482746416563,1.7695983011854072e-05,985
0.33358697575650326,0.03049017872942842,1.769598301185754e-05,986
0.333870111484693,0.030507874712440278,1.769598301185754e-05,987
0.3341532472128827,0.030525570695452132,1.7695983011854072e-05,988
0.33443638294107236,0.03054326667846399,1.769598301185754e-05,989
0.3347195186692621,0.030560962661475843,1.7695983011854072e-05,990
0.3350026543974518,0.0305786586444877,1.769598301185754e-05,991
0.33528579012564147,0.03059635462749956,1.769598301185754e-05,992
0.3355689258538312,0.030614050610511413,1.7695983011854072e-05,993
0.33585206158202086,0.03063174659352327,1.769598301185754e-05,994
0.3361351973102106,0.030649442576535128,1.769598301185754e-05,995
0.3364183330384003,0.03066713855954698,1.7695983011854072e-05,996
0.33668377278357814,0.03068483454255884,1.769598301185754e-05,997
0.336949212528756,0.030702530525570697,1.769598301185754e-05,998
0.3372146522739338,0.03072022650858255,1.7695983011854072e-05,999
0.33748009201911167,0.030791010440629978,7.07839320474267e-05,1000
0.3377455317642895,0.03080870642364183,1.7695983011854072e-05,1001
0.33801097150946735,0.03082640240665369,1.769598301185754e-05,1002
0.3382764112546452,0.030844098389665547,1.769598301185754e-05,1003
0.33854185099982304,0.0308617943726774,1.7695983011854072e-05,1004
0.3388072907450009,0.03087949035568926,1.769598301185754e-05,1005
0.3390727304901787,0.030897186338701116,1.769598301185754e-05,1006
0.33933817023535656,0.03091488232171297,1.7695983011854072e-05,1007
0.3396036099805344,0.030932578304724827,1.769598301185754e-05,1008
0.33986904972571225,0.030950274287736685,1.769598301185754e-05,1009
0.3401344894708901,0.03096797027074854,1.7695983011854072e-05,1010
0.34039992921606793,0.030985666253760397,1.769598301185754e-05,1011
0.3406653689612458,0.031003362236772254,1.769598301185754e-05,1012
0.3409308087064236,0.031021058219784108,1.7695983011854072e-05,1013
0.3411962484516015,0.031038754202795966,1.769598301185754e-05,1014
0.34146168819677936,0.031056450185807823,1.769598301185754e-05,1015
0.3417271279419572,0.031074146168819677,1.7695983011854072e-05,1016
0.34199256768713504,0.031091842151831535,1.769598301185754e-05,1017
0.3422580074323129,0.03110953813484339,1.7695983011854072e-05,1018
0.3425234471774907,0.031127234117855247,1.769598301185754e-05,1019
0.34278888692266857,0.031144930100867104,1.769598301185754e-05,1020
0.3430543266678464,0.031162626083878958,1.7695983011854072e-05,1021
0.34331976641302425,0.031180322066890816,1.769598301185754e-05,1022
0.3435852061582021,0.031198018049902673,1.769598301185754e-05,1023
0.34385064590337994,0.031215714032914527,1.7695983011854072e-05,1024
0.3441160856485578,0.031233410015926385,1.769598301185754e-05,1025
0.3443815253937356,0.03125110599893824,1.7695983011854072e-05,1026
0.34464696513891346,0.031268801981950096,1.769598301185754e-05,1027
0.3449124048840913,0.031286497964961954,1.769598301185754e-05,1028
0.34517784462926915,0.03130419394797381,1.769598301185754e-05,1029
0.345443284374447,0.03144576181206866,0.00014156786409484645,1030
0.34570872411962483,0.031463457795080516,1.769598301185754e-05,1031
0.3459741638648027,0.03148115377809237,1.769598301185754e-05,1032
0.3462396036099805,0.03149884976110423,1.769598301185754e-05,1033
0.34650504335515836,0.03151654574411609,1.769598301185754e-05,1034
0.3467704831003362,0.03153424172712794,1.7695983011850602e-05,1035
0.34703592284551404,0.031569633693151654,3.539196602371508e-05,1036
0.3473013625906919,0.03158732967616351,1.769598301185754e-05,1037
0.3475668023358698,0.03160502565917537,1.769598301185754e-05,1038
0.3478322420810476,0.031622721642187226,1.769598301185754e-05,1039
0.34809768182622547,0.03164041762519908,1.7695983011850602e-05,1040
0.3483631215714033,0.03169350557423465,5.3087949035572624e-05,1041
0.34862856131658115,0.03171120155724651,1.769598301185754e-05,1042
0.348894001061759,0.031728897540258365,1.769598301185754e-05,1043
0.34915944080693684,0.031746593523270215,1.7695983011850602e-05,1044
0.3494248805521147,0.03176428950628207,1.769598301185754e-05,1045
0.3496903202972925,0.03178198548929393,1.769598301185754e-05,1046
0.34995576004247037,0.03179968147230579,1.769598301185754e-05,1047
0.3502211997876482,0.031817377455317646,1.769598301185754e-05,1048
0.35048663953282605,0.031835073438329496,1.7695983011850602e-05,1049
0.3507520792780039,0.031852769421341354,1.769598301185754e-05,1050
0.35101751902318173,0.03187046540435321,1.769598301185754e-05,1051
0.3512829587683596,0.03188816138736507,1.769598301185754e-05,1052
0.3515483985135374,0.031905857370376926,1.769598301185754e-05,1053
0.35181383825871526,0.032012033268448065,0.00010617589807113831,1054
0.3520792780038931,0.032029729251459915,1.7695983011850602e-05,1055
0.35234471774907095,0.03208281720049549,5.3087949035572624e-05,1056
0.3526101574942488,0.032100513183507345,1.769598301185754e-05,1057
0.35287559723942663,0.0321182091665192,1.769598301185754e-05,1058
0.3531410369846045,0.032135905149531054,1.7695983011850602e-05,1059
0.3534064767297823,0.03215360113254291,1.769598301185754e-05,1060
0.35367191647496016,0.03217129711555477,1.769598301185754e-05,1061
0.35393735622013806,0.032206689081578484,3.539196602371508e-05,1062
0.3542027959653159,0.032206689081578484,0.0,1063
0.35446823571049374,0.032206689081578484,0.0,1064
0.3547336754556716,0.032206689081578484,0.0,1065
0.3549991152008494,0.032206689081578484,0.0,1066
0.35526455494602727,0.032206689081578484,0.0,1067
0.3555299946912051,0.032206689081578484,0.0,1068
0.35579543443638295,0.032206689081578484,0.0,1069
0.3560608741815608,0.032206689081578484,0.0,1070
0.35632631392673864,0.032206689081578484,0.0,1071
0.3565917536719165,0.032206689081578484,0.0,1072
0.3568571934170943,0.032206689081578484,0.0,1073
0.35712263316227216,0.032206689081578484,0.0,1074
0.35738807290745,0.032206689081578484,0.0,1075
0.35765351265262785,0.032206689081578484,0.0,1076
0.3579189523978057,0.032206689081578484,0.0,1077
0.35818439214298353,0.032206689081578484,0.0,1078
0.3584498318881614,0.032206689081578484,0.0,1079
0.3587152716333392,0.032206689081578484,0.0,1080
0.35898071137851706,0.032206689081578484,0.0,1081
0.3592461511236949,0.032206689081578484,0.0,1082
0.35951159086887274,0.032206689081578484,0.0,1083
0.3597770306140506,0.032206689081578484,0.0,1084
0.36004247035922843,0.032206689081578484,0.0,1085
0.3603079101044063,0.032206689081578484,0.0,1086
0.36057334984958417,0.032206689081578484,0.0,1087
0.360838789594762,0.032206689081578484,0.0,1088
0.36110422933993985,0.032206689081578484,0.0,1089
0.3613696690851177,0.032206689081578484,0.0,1090
0.36163510883029554,0.032206689081578484,0.0,1091
0.3619005485754734,0.032206689081578484,0.0,1092
0.3621659883206512,0.032206689081578484,0.0,1093
0.36243142806582906,0.032206689081578484,0.0,1094
0.3626968678110069,0.032206689081578484,0.0,1095
0.36296230755618475,0.032206689081578484,0.0,1096
0.3632277473013626,0.032206689081578484,0.0,1097
0.36349318704654043,0.032206689081578484,0.0,1098
0.3637586267917183,0.032206689081578484,0.0,1099
0.3640240665368961,0.032206689081578484,0.0,1100
0.36428950628207396,0.032206689081578484,0.0,1101
0.3645549460272518,0.032206689081578484,0.0,1102
0.36482038577242965,0.032206689081578484,0.0,1103
0.3650858255176075,0.032206689081578484,0.0,1104
0.36535126526278533,0.032206689081578484,0.0,1105
0.36561670500796317,0.032206689081578484,0.0,1106
0.365882144753141,0.032206689081578484,0.0,1107
0.36614758449831886,0.032206689081578484,0.0,1108
0.3664130242434967,0.032206689081578484,0.0,1109
0.3666784639886746,0.032206689081578484,0.0,1110
0.36694390373385244,0.032206689081578484,0.0,1111
0.3672093434790303,0.032206689081578484,0.0,1112
0.3674747832242081,0.032206689081578484,0.0,1113
0.36774022296938597,0.032206689081578484,0.0,1114
0.3680056627145638,0.032206689081578484,0.0,1115
0.36827110245974165,0.032206689081578484,0.0,1116
0.3685365422049195,0.032206689081578484,0.0,1117
0.36880198195009734,0.032206689081578484,0.0,1118
0.3690674216952752,0.032206689081578484,0.0,1119
0.369332861440453,0.032206689081578484,0.0,1120
0.36959830118563086,0.032206689081578484,0.0,1121
0.3698637409308087,0.032206689081578484,0.0,1122
0.37012918067598655,0.032206689081578484,0.0,1123
0.3703946204211644,0.032206689081578484,0.0,1124
0.37066006016634223,0.032206689081578484,0.0,1125
0.3709254999115201,0.032206689081578484,0.0,1126
0.3711909396566979,0.03273756857193417,0.0005308794903556846,1127
0.37145637940187576,0.032755264554946026,1.769598301185754e-05,1128
0.3717218191470536,0.03279065652096974,3.539196602371508e-05,1129
0.37198725889223144,0.03284374447000531,5.3087949035565685e-05,1130
0.3722526986374093,0.03289683241904088,5.3087949035572624e-05,1131
0.3725181383825871,0.03298531233410016,8.847991505928077e-05,1132
0.37278357812776497,0.03300300831711202,1.769598301185754e-05,1133
0.37304901787294287,0.033020704300123875,1.769598301185754e-05,1134
0.3733144576181207,0.033038400283135726,1.7695983011850602e-05,1135
0.37357989736329855,0.03305609626614758,1.769598301185754e-05,1136
0.3738453371084764,0.03307379224915944,1.769598301185754e-05,1137
0.37411077685365424,0.0330914882321713,1.769598301185754e-05,1138
0.3743762165988321,0.033109184215183156,1.769598301185754e-05,1139
0.3746416563440099,0.033126880198195006,1.7695983011850602e-05,1140
0.37490709608918776,0.033144576181206864,1.769598301185754e-05,1141
0.3751725358343656,0.03316227216421872,1.769598301185754e-05,1142
0.37543797557954345,0.03317996814723058,1.769598301185754e-05,1143
0.3757034153247213,0.03319766413024244,1.769598301185754e-05,1144
0.37596885506989913,0.033215360113254294,1.769598301185754e-05,1145
0.376234294815077,0.033233056096266145,1.7695983011850602e-05,1146
0.3764997345602548,0.033250752079278,1.769598301185754e-05,1147
0.37676517430543266,0.03326844806228986,1.769598301185754e-05,1148
0.3770306140506105,0.03328614404530172,1.769598301185754e-05,1149
0.37729605379578834,0.033303840028313575,1.769598301185754e-05,1150
0.3775614935409662,0.03332153601132543,1.769598301185754e-05,1151
0.37782693328614403,0.03333923199433728,1.7695983011850602e-05,1152
0.37809237303132187,0.03335692797734914,1.769598301185754e-05,1153
0.3783578127764997,0.033374623960361,1.769598301185754e-05,1154
0.37862325252167756,0.033392319943372856,1.769598301185754e-05,1155
0.3788886922668554,0.03344540789240842,5.3087949035565685e-05,1156
0.3791541320120333,0.03355158379047956,0.00010617589807113831,1157
0.37941957175721114,0.03356927977349142,1.769598301185754e-05,1158
0.379685011502389,0.033586975756503275,1.769598301185754e-05,1159
0.3799504512475668,0.03360467173951513,1.769598301185754e-05,1160
0.38021589099274467,0.0336577596885507,5.3087949035565685e-05,1161
0.3804813307379225,0.033675455671562556,1.769598301185754e-05,1162
0.38074677048310035,0.03369315165457441,1.769598301185754e-05,1163
0.3809945142452663,0.03371084763758627,1.769598301185754e-05,1164
0.38124225800743233,0.03372854362059812,1.7695983011850602e-05,1165
0.3814900017695983,0.03374623960360998,1.769598301185754e-05,1166
0.3817377455317643,0.033763935586621836,1.769598301185754e-05,1167
0.3819854892939303,0.033781631569633694,1.769598301185754e-05,1168
0.38223323305609624,0.03381702353565741,3.539196602371508e-05,1169
0.38248097681826226,0.03383471951866926,1.7695983011850602e-05,1170
0.3827287205804282,0.03385241550168112,1.769598301185754e-05,1171
0.38297646434259425,0.033870111484692975,1.769598301185754e-05,1172
0.3832242081047602,0.03388780746770483,1.769598301185754e-05,1173
0.38347195186692623,0.03390550345071669,1.769598301185754e-05,1174
0.3837196956290922,0.03392319943372854,1.7695983011850602e-05,1175
0.38396743939125816,0.0339408954167404,1.769598301185754e-05,1176
0.3842151831534242,0.033958591399752255,1.769598301185754e-05,1177
0.38446292691559014,0.03397628738276411,1.769598301185754e-05,1178
0.38471067067775616,0.03399398336577597,1.769598301185754e-05,1179
0.3849584144399221,0.03401167934878783,1.769598301185754e-05,1180
0.38520615820208814,0.03402937533179968,1.7695983011850602e-05,1181
0.3854539019642541,0.034047071314811536,1.769598301185754e-05,1182
0.38570164572642013,0.034064767297823394,1.769598301185754e-05,1183
0.3859493894885861,0.03408246328083525,1.769598301185754e-05,1184
0.38619713325075206,0.03417094319589453,8.847991505928077e-05,1185
0.3864448770129181,0.03418863917890639,1.769598301185754e-05,1186
0.38669262077508404,0.03420633516191825,1.769598301185754e-05,1187
0.38694036453725006,0.0342240311449301,1.7695983011850602e-05,1188
0.387188108299416,0.034241727127941955,1.769598301185754e-05,1189
0.38743585206158204,0.03429481507697753,5.3087949035572624e-05,1190
0.387683595823748,0.034312511059989385,1.769598301185754e-05,1191
0.38793133958591397,0.034330207043001236,1.7695983011850602e-05,1192
0.38817908334808,0.034347903026013094,1.769598301185754e-05,1193
0.38842682711024595,0.03436559900902495,1.769598301185754e-05,1194
0.388674570872412,0.03438329499203681,1.769598301185754e-05,1195
0.38892231463457794,0.034400990975048666,1.769598301185754e-05,1196
0.38917005839674396,0.034418686958060524,1.769598301185754e-05,1197
0.3894178021589099,0.034436382941072374,1.7695983011850602e-05,1198
0.38966554592107594,0.03445407892408423,1.769598301185754e-05,1199
0.3899132896832419,0.03447177490709609,1.769598301185754e-05,1200
0.39016103344540787,0.03448947089010795,1.769598301185754e-05,1201
0.3904087772075739,0.034507166873119804,1.769598301185754e-05,1202
0.39065652096973985,0.034524862856131655,1.7695983011850602e-05,1203
0.39090426473190587,0.03454255883914351,1.769598301185754e-05,1204
0.39115200849407183,0.03456025482215537,1.769598301185754e-05,1205
0.39139975225623785,0.03457795080516723,1.769598301185754e-05,1206
0.3916474960184038,0.034595646788179085,1.769598301185754e-05,1207
0.39189523978056984,0.03466643072022651,7.078393204742323e-05,1208
0.3921429835427358,0.034684126703238366,1.769598301185754e-05,1209
0.39239072730490177,0.034701822686250224,1.769598301185754e-05,1210
0.3926384710670678,0.034719518669262074,1.7695983011850602e-05,1211
0.39288621482923375,0.05315873296761635,0.018439214298354274,1212
0.39313395859139977,0.053176428950628206,1.769598301185754e-05,1213
0.39338170235356573,0.05326490886568749,8.847991505928077e-05,1214
0.39362944611573175,0.0533003008317112,3.539196602371508e-05,1215
0.3938771898778977,0.05331799681472306,1.769598301185754e-05,1216
0.3941249336400637,0.05333569279773492,1.769598301185754e-05,1217
0.3943726774022297,0.05335338878074677,1.7695983011850602e-05,1218
0.39462042116439566,0.053459564678817906,0.00010617589807113831,1219
0.3948681649265617,0.05347726066182976,1.769598301185754e-05,1220
0.39511590868872765,0.05349495664484162,1.769598301185754e-05,1221
0.39536365245089367,0.05351265262785348,1.769598301185754e-05,1222
0.39561139621305963,0.053530348610865336,1.769598301185754e-05,1223
0.39585913997522565,0.053548044593877187,1.7695983011850602e-05,1224
0.3961068837373916,0.053565740576889044,1.769598301185754e-05,1225
0.3963546274995576,0.0535834365599009,1.769598301185754e-05,1226
0.3966023712617236,0.05360113254291276,1.769598301185754e-05,1227
0.39685011502388956,0.05361882852592462,1.769598301185754e-05,1228
0.3970978587860556,0.053636524508936474,1.769598301185754e-05,1229
0.39734560254822154,0.053654220491948325,1.7695983011850602e-05,1230
0.39759334631038756,0.05367191647496018,1.769598301185754e-05,1231
0.3978410900725535,0.05368961245797204,1.769598301185754e-05,1232
0.3980888338347195,0.0537073084409839,1.769598301185754e-05,1233
0.3983365775968855,0.053725004423995755,1.769598301185754e-05,1234
0.3985843213590515,0.05374270040700761,1.769598301185754e-05,1235
0.3988320651212175,0.05376039639001946,1.7695983011850602e-05,1236
0.39907980888338346,0.05377809237303132,1.769598301185754e-05,1237
0.3993275526455495,0.05379578835604318,1.769598301185754e-05,1238
0.39957529640771544,0.053813484339055036,1.769598301185754e-05,1239
0.39982304016988146,0.05383118032206689,1.769598301185754e-05,1240
0.4000707839320474,0.053901964254114317,7.078393204742323e-05,1241
0.4003185276942134,0.053919660237126174,1.769598301185754e-05,1242
0.4005662714563794,0.05393735622013803,1.769598301185754e-05,1243
0.40081401521854537,0.05395505220314988,1.7695983011850602e-05,1244
0.4010617589807114,0.05397274818616174,1.769598301185754e-05,1245
0.40130950274287736,0.0539904441691736,1.769598301185754e-05,1246
0.4015572465050434,0.05402583613519731,3.539196602371508e-05,1247
0.40180499026720934,0.05404353211820917,1.769598301185754e-05,1248
0.40205273402937536,0.05406122810122102,1.7695983011850602e-05,1249
0.4023004777915413,0.05407892408423288,1.769598301185754e-05,1250
0.4025482215537073,0.054096620067244736,1.769598301185754e-05,1251
0.4027959653158733,0.05411431605025659,1.769598301185754e-05,1252
0.40304370907803927,0.05413201203326845,1.769598301185754e-05,1253
0.4032914528402053,0.0541497080162803,1.7695983011850602e-05,1254
0.40353919660237125,0.05416740399929216,1.769598301185754e-05,1255
0.4037869403645373,0.054185099982304016,1.769598301185754e-05,1256
0.40403468412670324,0.054202795965315874,1.769598301185754e-05,1257
0.4042824278888692,0.05422049194832773,1.769598301185754e-05,1258
0.4045301716510352,0.05423818793133959,1.769598301185754e-05,1259
0.4047779154132012,0.05425588391435144,1.7695983011850602e-05,1260
0.4050256591753672,0.0542735798973633,1.769598301185754e-05,1261
0.40527340293753317,0.054291275880375155,1.769598301185754e-05,1262
0.4055211466996992,0.05430897186338701,1.769598301185754e-05,1263
0.40576889046186515,0.05432666784639887,1.769598301185754e-05,1264
0.40601663422403117,0.05439745177844629,7.078393204742323e-05,1265
0.40626437798619713,0.05441514776145815,1.769598301185754e-05,1266
0.4065121217483631,0.05443284374447001,1.769598301185754e-05,1267
0.4067598655105291,0.05445053972748186,1.7695983011850602e-05,1268
0.4070076092726951,0.054468235710493716,1.769598301185754e-05,1269
0.4072553530348611,0.054485931693505574,1.769598301185754e-05,1270
0.40750309679702706,0.05450362767651743,1.769598301185754e-05,1271
0.4077508405591931,0.054539019642541146,3.539196602371508e-05,1272
0.40799858432135905,0.054556715625553,1.7695983011850602e-05,1273
0.40824632808352507,0.054574411608564855,1.769598301185754e-05,1274
0.40849407184569103,0.05459210759157671,1.769598301185754e-05,1275
0.408741815607857,0.05460980357458857,1.769598301185754e-05,1276
0.408989559370023,0.05462749955760043,1.769598301185754e-05,1277
0.409237303132189,0.05464519554061228,1.7695983011850602e-05,1278
0.409485046894355,0.054662891523624135,1.769598301185754e-05,1279
0.40973279065652096,0.05468058750663599,1.769598301185754e-05,1280
0.409980534418687,0.05469828348964785,1.769598301185754e-05,1281
0.41022827818085295,0.05471597947265971,1.769598301185754e-05,1282
0.4104760219430189,0.054733675455671565,1.769598301185754e-05,1283
0.41072376570518493,0.05478676340470713,5.3087949035565685e-05,1284
0.4109715094673509,0.05480445938771899,1.769598301185754e-05,1285
0.4112192532295169,0.054822155370730846,1.769598301185754e-05,1286
0.4114669969916829,0.054839851353742704,1.769598301185754e-05,1287
0.4117147407538489,0.054857547336754554,1.7695983011850602e-05,1288
0.41196248451601486,0.05487524331976641,1.769598301185754e-05,1289
0.4122102282781809,0.05489293930277827,1.769598301185754e-05,1290
0.41245797204034684,0.05491063528579013,1.769598301185754e-05,1291
0.4127057158025128,0.054928331268801985,1.769598301185754e-05,1292
0.4129534595646788,0.054946027251813835,1.7695983011850602e-05,1293
0.4132012033268448,0.05496372323482569,1.769598301185754e-05,1294
0.4134489470890108,0.05498141921783755,1.769598301185754e-05,1295
0.4136966908511768,0.05499911520084941,1.769598301185754e-05,1296
0.4139444346133428,0.055016811183861265,1.769598301185754e-05,1297
0.41419217837550876,0.05503450716687312,1.769598301185754e-05,1298
0.4144399221376747,0.05505220314988497,1.7695983011850602e-05,1299
0.41468766589984074,0.05506989913289683,1.769598301185754e-05,1300
0.4149354096620067,0.05508759511590869,1.769598301185754e-05,1301
0.4151831534241727,0.055105291098920546,1.769598301185754e-05,1302
0.4154308971863387,0.055122987081932404,1.769598301185754e-05,1303
0.4156786409485047,0.055140683064944254,1.7695983011850602e-05,1304
0.41592638471067067,0.05515837904795611,1.769598301185754e-05,1305
0.4161741284728367,0.05517607503096797,1.769598301185754e-05,1306
0.41642187223500265,0.05519377101397983,1.769598301185754e-05,1307
0.4166696159971686,0.055211466996991684,1.769598301185754e-05,1308
0.41691735975933464,0.05522916298000354,1.769598301185754e-05,1309
0.4171651035215006,0.05524685896301539,1.7695983011850602e-05,1310
0.4174128472836666,0.05526455494602725,1.769598301185754e-05,1311
0.4176605910458326,0.05528225092903911,1.769598301185754e-05,1312
0.4179083348079986,0.055299946912050965,1.769598301185754e-05,1313
0.41815607857016457,0.05531764289506282,1.769598301185754e-05,1314
0.4184038223323306,0.05535303486108653,3.5391966023708143e-05,1315
0.41865156609449655,0.05537073084409839,1.769598301185754e-05,1316
0.4188993098566625,0.055494602725181384,0.00012387188108299585,1317
0.41914705361882854,0.05551229870819324,1.769598301185754e-05,1318
0.4193947973809945,0.0555299946912051,1.769598301185754e-05,1319
0.4196425411431605,0.05554769067421695,1.7695983011850602e-05,1320
0.4198902849053265,0.05556538665722881,1.769598301185754e-05,1321
0.4201380286674925,0.055583082640240665,1.769598301185754e-05,1322
0.42038577242965847,0.05560077862325252,1.769598301185754e-05,1323
0.42063351619182443,0.05561847460626438,1.769598301185754e-05,1324
0.42088125995399045,0.05563617058927624,1.769598301185754e-05,1325
0.4211290037161564,0.05565386657228809,1.7695983011850602e-05,1326
0.42137674747832243,0.055671562555299946,1.769598301185754e-05,1327
0.4216244912404884,0.0556892585383118,1.769598301185754e-05,1328
0.4218722350026544,0.05570695452132366,1.769598301185754e-05,1329
0.4221199787648204,0.05572465050433552,1.769598301185754e-05,1330
0.4223677225269864,0.05574234648734737,1.7695983011850602e-05,1331
0.42261546628915236,0.055760042470359227,1.769598301185754e-05,1332
0.42286321005131833,0.055777738453371084,1.769598301185754e-05,1333
0.42311095381348435,0.05579543443638294,1.769598301185754e-05,1334
0.4233586975756503,0.05583082640240666,3.539196602371508e-05,1335
0.42360644133781633,0.05584852238541851,1.7695983011850602e-05,1336
0.4238541850999823,0.055866218368430365,1.769598301185754e-05,1337
0.4241019288621483,0.05588391435144222,1.769598301185754e-05,1338
0.4243496726243143,0.05590161033445408,1.769598301185754e-05,1339
0.42459741638648024,0.05591930631746594,1.769598301185754e-05,1340
0.42484516014864626,0.055937002300477795,1.769598301185754e-05,1341
0.4250929039108122,0.055954698283489646,1.7695983011850602e-05,1342
0.42532295168996637,0.0559723942665015,1.769598301185754e-05,1343
0.4255529994691205,0.05599009024951336,1.769598301185754e-05,1344
0.42578304724827465,0.05600778623252522,1.769598301185754e-05,1345
0.4260130950274288,0.056025482215537076,1.769598301185754e-05,1346
0.42624314280658293,0.056043178198548926,1.7695983011850602e-05,1347
0.426473190585737,0.056060874181560784,1.769598301185754e-05,1348
0.42670323836489116,0.05607857016457264,1.769598301185754e-05,1349
0.4269332861440453,0.0560962661475845,1.769598301185754e-05,1350
0.42716333392319944,0.056113962130596357,1.769598301185754e-05,1351
0.4273933817023536,0.056131658113608214,1.769598301185754e-05,1352
0.4276234294815077,0.056149354096620065,1.7695983011850602e-05,1353
0.4278534772606618,0.05616705007963192,1.769598301185754e-05,1354
0.42808352503981595,0.05618474606264378,1.769598301185754e-05,1355
0.4283135728189701,0.05620244204565564,1.769598301185754e-05,1356
0.42854362059812423,0.056220138028667495,1.769598301185754e-05,1357
0.42877366837727837,0.05645018580782162,0.00023004777915412722,1358
0.4290037161564325,0.05648557777384534,3.539196602371508e-05,1359
0.4292337639355866,0.056503273756857195,1.769598301185754e-05,1360
0.42946381171474074,0.05652096973986905,1.769598301185754e-05,1361
0.4296938594938949,0.0565386657228809,1.7695983011850602e-05,1362
0.429923907273049,0.05655636170589276,1.769598301185754e-05,1363
0.43015395505220316,0.05657405768890462,1.769598301185754e-05,1364
0.4303840028313573,0.056591753671916475,1.769598301185754e-05,1365
0.4306140506105114,0.056680233586975756,8.847991505928077e-05,1366
0.43084409838966553,0.056697929569987614,1.769598301185754e-05,1367
0.43107414616881967,0.05671562555299947,1.769598301185754e-05,1368
0.4313041939479738,0.05673332153601133,1.769598301185754e-05,1369
0.43153424172712795,0.05675101751902318,1.7695983011850602e-05,1370
0.4317642895062821,0.05676871350203504,1.769598301185754e-05,1371
0.4319943372854362,0.056786409485046895,1.769598301185754e-05,1372
0.4322243850645903,0.05680410546805875,1.769598301185754e-05,1373
0.43245443284374446,0.05683949743408246,3.5391966023708143e-05,1374
0.4326844806228986,0.05685719341709432,1.769598301185754e-05,1375
0.43291452840205275,0.05689258538311803,3.539196602371508e-05,1376
0.4331445761812069,0.05691028136612989,1.769598301185754e-05,1377
0.43337462396036097,0.05692797734914175,1.769598301185754e-05,1378
0.4336046717395151,0.0569456733321536,1.7695983011850602e-05,1379
0.43383471951866925,0.056963369315165456,1.769598301185754e-05,1380
0.4340647672978234,0.056981065298177314,1.769598301185754e-05,1381
0.43429481507697754,0.05699876128118917,1.769598301185754e-05,1382
0.4345248628561317,0.05701645726420103,1.769598301185754e-05,1383
0.43475491063528576,0.05703415324721288,1.7695983011850602e-05,1384
0.4349849584144399,0.05705184923022474,1.769598301185754e-05,1385
0.43521500619359405,0.057069545213236594,1.769598301185754e-05,1386
0.4354450539727482,0.05708724119624845,1.769598301185754e-05,1387
0.4356751017519023,0.05710493717926031,1.769598301185754e-05,1388
0.43590514953105647,0.05712263316227217,1.769598301185754e-05,1389
0.4361351973102106,0.05714032914528402,1.7695983011850602e-05,1390
0.4363652450893647,0.057158025128295875,1.769598301185754e-05,1391
0.43659529286851884,0.05719341709431959,3.539196602371508e-05,1392
0.436825340647673,0.062236772252698636,0.005043355158379045,1393
0.4370553884268271,0.06225446823571049,1.769598301185754e-05,1394
0.43728543620598126,0.06227216421872235,1.769598301185754e-05,1395
0.4375154839851354,0.06228986020173421,1.769598301185754e-05,1396
0.4377455317642895,0.062325252167757916,3.5391966023708143e-05,1397
0.4379755795434436,0.062342948150769774,1.769598301185754e-05,1398
0.43820562732259777,0.06236064413378163,1.769598301185754e-05,1399
0.4384356751017519,0.06237834011679349,1.769598301185754e-05,1400
0.43866572288090605,0.06253760396390019,0.000159263847106704,1401
0.4388957706600602,0.06255529994691206,1.769598301186448e-05,1402
0.4391258184392143,0.06257299592992391,1.7695983011850602e-05,1403
0.4393558662183684,0.06259069191293576,1.7695983011850602e-05,1404
0.43958591399752256,0.06260838789594762,1.769598301186448e-05,1405
0.4398159617766767,0.06262608387895947,1.7695983011850602e-05,1406
0.44004600955583084,0.06264377986197134,1.769598301186448e-05,1407
0.440276057334985,0.06266147584498319,1.7695983011850602e-05,1408
0.44050610511413907,0.06267917182799504,1.7695983011850602e-05,1409
0.4407361528932932,0.06271456379401875,3.539196602371508e-05,1410
0.44096620067244735,0.06273225977703062,1.769598301186448e-05,1411
0.4411962484516015,0.06274995576004247,1.7695983011850602e-05,1412
0.44142629623075563,0.06276765174305432,1.7695983011850602e-05,1413
0.4416563440099098,0.06278534772606618,1.769598301186448e-05,1414
0.44188639178906386,0.06280304370907804,1.7695983011850602e-05,1415
0.442116439568218,0.0628207396920899,1.769598301186448e-05,1416
0.44234648734737214,0.06283843567510175,1.7695983011850602e-05,1417
0.4425765351265263,0.06285613165811361,1.769598301186448e-05,1418
0.4428065829056804,0.06287382764112547,1.7695983011850602e-05,1419
0.44303663068483456,0.06289152362413732,1.7695983011850602e-05,1420
0.44326667846398865,0.06290921960714918,1.769598301186448e-05,1421
0.4434967262431428,0.06292691559016103,1.7695983011850602e-05,1422
0.44372677402229693,0.06296230755618475,3.539196602371508e-05,1423
0.4439568218014511,0.0629800035391966,1.7695983011850602e-05,1424
0.4441868695806052,0.06299769952220846,1.769598301186448e-05,1425
0.44441691735975936,0.06409485046894355,0.0010971509467350843,1426
0.44464696513891344,0.06425411431605026,0.00015926384710671093,1427
0.4448770129180676,0.06453725004423996,0.0002831357281897068,1428
0.4451070606972217,0.06457264201026366,3.5391966023701205e-05,1429
0.44533710847637586,0.06459033799327553,1.769598301186448e-05,1430
0.44556715625553,0.0646434259423111,5.3087949035565685e-05,1431
0.44579720403468415,0.06476729782339409,0.00012387188108299585,1432
0.44602725181383823,0.06735091134312511,0.0025836135197310206,1433
0.4462572995929924,0.06743939125818439,8.847991505928077e-05,1434
0.4464873473721465,0.06745708724119624,1.7695983011850602e-05,1435
0.44671739515130066,0.06752787117324367,7.078393204743016e-05,1436
0.4469474429304548,0.06754556715625552,1.7695983011850602e-05,1437
0.44717749070960894,0.06756326313926739,1.769598301186448e-05,1438
0.447407538488763,0.06758095912227924,1.7695983011850602e-05,1439
0.44763758626791716,0.0675986551052911,1.769598301186448e-05,1440
0.4478676340470713,0.06761635108830295,1.7695983011850602e-05,1441
0.44809768182622545,0.06763404707131482,1.769598301186448e-05,1442
0.4483277296053796,0.06765174305432667,1.7695983011850602e-05,1443
0.44855777738453373,0.0684480622898602,0.0007963192355335269,1444
0.44878782516368787,0.06846575827287206,1.769598301186448e-05,1445
0.44901787294284196,0.06848345425588391,1.7695983011850602e-05,1446
0.4492479207219961,0.06850115023889577,1.769598301186448e-05,1447
0.44947796850115024,0.06851884622190763,1.7695983011850602e-05,1448
0.4497080162803044,0.06853654220491949,1.769598301186448e-05,1449
0.4499380640594585,0.06855423818793134,1.7695983011850602e-05,1450
0.45016811183861266,0.06857193417094319,1.7695983011850602e-05,1451
0.45039815961776675,0.06858963015395506,1.769598301186448e-05,1452
0.4506282073969209,0.06858963015395506,0.0,1453
0.45085825517607503,0.06858963015395506,0.0,1454
0.45108830295522917,0.06858963015395506,0.0,1455
0.4513183507343833,0.06858963015395506,0.0,1456
0.45154839851353745,0.06858963015395506,0.0,1457
0.45177844629269154,0.06858963015395506,0.0,1458
0.4520084940718457,0.0686073261369669,1.7695983011850602e-05,1459
0.4522385418509998,0.0686073261369669,0.0,1460
0.45246858963015396,0.0686073261369669,0.0,1461
0.4526986374093081,0.0686073261369669,0.0,1462
0.45292868518846224,0.0686073261369669,0.0,1463
0.45315873296761633,0.06862502211997877,1.769598301186448e-05,1464
0.45338878074677047,0.06864271810299062,1.7695983011850602e-05,1465
0.4536188285259246,0.06864271810299062,0.0,1466
0.45384887630507875,0.06866041408600247,1.7695983011850602e-05,1467
0.4540789240842329,0.06866041408600247,0.0,1468
0.45430897186338703,0.06866041408600247,0.0,1469
0.4545390196425411,0.06866041408600247,0.0,1470
0.45476906742169526,0.06876658998407362,0.00010617589807114525,1471
0.4549991152008494,0.06878428596708547,1.7695983011850602e-05,1472
0.45522916298000354,0.06880198195009733,1.769598301186448e-05,1473
0.4554592107591577,0.06881967793310918,1.7695983011850602e-05,1474
0.4556892585383118,0.06881967793310918,0.0,1475
0.4559193063174659,0.06887276588214475,5.3087949035565685e-05,1476
0.45614935409662005,0.06889046186515661,1.769598301186448e-05,1477
0.4563794018757742,0.06890815784816846,1.7695983011850602e-05,1478
0.45660944965492833,0.06903202972925146,0.00012387188108299585,1479
0.4568394974340825,0.06904972571226331,1.7695983011850602e-05,1480
0.4570695452132366,0.06906742169527517,1.769598301186448e-05,1481
0.4572995929923907,0.06908511767828703,1.7695983011850602e-05,1482
0.45752964077154484,0.06910281366129889,1.769598301186448e-05,1483
0.457759688550699,0.0691735975933463,7.078393204741629e-05,1484
0.4579897363298531,0.06920898955937002,3.539196602371508e-05,1485
0.45821978410900727,0.06924438152539374,3.539196602371508e-05,1486
0.4584498318881614,0.06926207750840559,1.7695983011850602e-05,1487
0.4586798796673155,0.06927977349141745,1.769598301186448e-05,1488
0.45890992744646963,0.06931516545744117,3.539196602371508e-05,1489
0.4591399752256238,0.06933286144045302,1.7695983011850602e-05,1490
0.4593700230047779,0.06977526101574942,0.00044239957529640384,1491
0.45960007078393206,0.06979295699876129,1.769598301186448e-05,1492
0.4598301185630862,0.06981065298177314,1.7695983011850602e-05,1493
0.4600601663422403,0.069828348964785,1.769598301186448e-05,1494
0.4602902141213944,0.06984604494779685,1.7695983011850602e-05,1495
0.46052026190054857,0.0698637409308087,1.7695983011850602e-05,1496
0.4607503096797027,0.0698637409308087,0.0,1497
0.46098035745885685,0.06988143691382057,1.769598301186448e-05,1498
0.461210405238011,0.06989913289683242,1.7695983011850602e-05,1499
0.46149354096620065,0.06991682887984428,1.769598301186448e-05,1500
0.4617766766943904,0.06993452486285613,1.7695983011850602e-05,1501
0.4620598124225801,0.07000530879490356,7.078393204743016e-05,1502
0.46234294815076976,0.07002300477791541,1.7695983011850602e-05,1503
0.4626260838789595,0.07004070076092726,1.7695983011850602e-05,1504
0.4629092196071492,0.07005839674393913,1.769598301186448e-05,1505
0.46319235533533887,0.07005839674393913,0.0,1506
0.4634754910635286,0.07005839674393913,0.0,1507
0.46375862679171825,0.07005839674393913,0.0,1508
0.464041762519908,0.07007609272695098,1.7695983011850602e-05,1509
0.4643248982480977,0.07009378870996284,1.769598301186448e-05,1510
0.46460803397628736,0.0701114846929747,1.7695983011850602e-05,1511
0.4648911697044771,0.07014687665899841,3.539196602371508e-05,1512
0.4651743054326668,0.07016457264201026,1.7695983011850602e-05,1513
0.46545744116085647,0.07018226862502212,1.769598301186448e-05,1514
0.4657405768890462,0.07021766059104584,3.539196602371508e-05,1515
0.4660237126172359,0.07025305255706954,3.5391966023701205e-05,1516
0.4663068483454256,0.0702707485400814,1.769598301186448e-05,1517
0.4665899840736153,0.07028844452309325,1.7695983011850602e-05,1518
0.466873119801805,0.07030614050610512,1.769598301186448e-05,1519
0.4671562555299947,0.07035922845514068,5.3087949035565685e-05,1520
0.4674393912581844,0.07037692443815254,1.7695983011850602e-05,1521
0.4677225269863741,0.0703946204211644,1.769598301186448e-05,1522
0.4680056627145638,0.07041231640417625,1.7695983011850602e-05,1523
0.4682887984427535,0.07043001238718812,1.769598301186448e-05,1524
0.46857193417094317,0.07044770837019997,1.7695983011850602e-05,1525
0.4688550698991329,0.07046540435321182,1.7695983011850602e-05,1526
0.4691382056273226,0.07050079631923553,3.539196602371508e-05,1527
0.46940364537250046,0.0705184923022474,1.769598301186448e-05,1528
0.4696690851176783,0.07053618828525925,1.7695983011850602e-05,1529
0.46993452486285614,0.0705538842682711,1.7695983011850602e-05,1530
0.470199964608034,0.07057158025128296,1.769598301186448e-05,1531
0.4704654043532118,0.07058927623429481,1.7695983011850602e-05,1532
0.47073084409838967,0.07060697221730668,1.769598301186448e-05,1533
0.4709962838435675,0.07062466820031853,1.7695983011850602e-05,1534
0.47126172358874535,0.07064236418333038,1.7695983011850602e-05,1535
0.4715271633339232,0.07066006016634224,1.769598301186448e-05,1536
0.47179260307910104,0.07067775614935409,1.7695983011850602e-05,1537
0.4720580428242789,0.07069545213236596,1.769598301186448e-05,1538
0.4723234825694567,0.07071314811537781,1.7695983011850602e-05,1539
0.47258892231463456,0.07073084409838967,1.769598301186448e-05,1540
0.4728543620598124,0.07074854008140152,1.7695983011850602e-05,1541
0.47311980180499025,0.07076623606441337,1.7695983011850602e-05,1542
0.4733852415501681,0.07078393204742524,1.769598301186448e-05,1543
0.47365068129534593,0.07080162803043709,1.7695983011850602e-05,1544
0.4739161210405238,0.07081932401344895,1.769598301186448e-05,1545
0.4741815607857017,0.0708370199964608,1.7695983011850602e-05,1546
0.4744470005308795,0.07085471597947265,1.7695983011850602e-05,1547
0.47471244027605736,0.07087241196248452,1.769598301186448e-05,1548
0.4749778800212352,0.07089010794549637,1.7695983011850602e-05,1549
0.47524331976641304,0.07090780392850823,1.769598301186448e-05,1550
0.4755087595115909,0.07092549991152008,1.7695983011850602e-05,1551
0.4757741992567687,0.07094319589453194,1.7695983011850602e-05,1552
0.47603963900194657,0.0709608918775438,1.769598301186448e-05,1553
0.4763050787471244,0.07097858786055565,1.7695983011850602e-05,1554
0.47657051849230225,0.07172181914705363,0.0007432312864979751,1555
0.4768359582374801,0.07173951513006548,1.7695983011850602e-05,1556
0.47710139798265794,0.07175721111307733,1.7695983011850602e-05,1557
0.4773668377278358,0.0718102990621129,5.308794903557956e-05,1558
0.4776322774730136,0.07182799504512476,1.7695983011850602e-05,1559
0.47789771721819146,0.07182799504512476,0.0,1560
0.4781631569633693,0.07184569102813661,1.7695983011850602e-05,1561
0.47842859670854715,0.07186338701114847,1.769598301186448e-05,1562
0.478694036453725,0.07188108299416032,1.7695983011850602e-05,1563
0.47895947619890283,0.07189877897717219,1.769598301186448e-05,1564
0.4792249159440807,0.07191647496018404,1.7695983011850602e-05,1565
0.4794903556892585,0.0719695629092196,5.3087949035565685e-05,1566
0.47975579543443636,0.0719695629092196,0.0,1567
0.4800212351796142,0.0719695629092196,0.0,1568
0.48028667492479205,0.0719695629092196,0.0,1569
0.48055211466996994,0.0719695629092196,0.0,1570
0.4808175544151478,0.0719695629092196,0.0,1571
0.4810829941603256,0.0719695629092196,0.0,1572
0.48134843390550347,0.07198725889223147,1.769598301186448e-05,1573
0.4816138736506813,0.07200495487524332,1.7695983011850602e-05,1574
0.48187931339585915,0.07202265085825518,1.769598301186448e-05,1575
0.482144753141037,0.07205804282427888,3.5391966023701205e-05,1576
0.48241019288621484,0.07207573880729075,1.769598301186448e-05,1577
0.4826756326313927,0.0720934347903026,1.7695983011850602e-05,1578
0.4829410723765705,0.07211113077331446,1.769598301186448e-05,1579
0.48320651212174837,0.07212882675632631,1.7695983011850602e-05,1580
0.4834719518669262,0.07214652273933816,1.7695983011850602e-05,1581
0.48373739161210405,0.07219961068837374,5.308794903557956e-05,1582
0.4840028313572819,0.0722173066713856,1.7695983011850602e-05,1583
0.48426827110245974,0.07223500265439745,1.7695983011850602e-05,1584
0.4845337108476376,0.07225269863740931,1.769598301186448e-05,1585
0.4847991505928154,0.07227039462042116,1.7695983011850602e-05,1586
0.48506459033799326,0.07228809060343303,1.769598301186448e-05,1587
0.4853300300831711,0.07230578658644488,1.7695983011850602e-05,1588
0.48559546982834895,0.07232348256945674,1.769598301186448e-05,1589
0.4858609095735268,0.07234117855246859,1.7695983011850602e-05,1590
0.48612634931870463,0.07235887453548044,1.7695983011850602e-05,1591
0.4863917890638825,0.0723765705184923,1.769598301186448e-05,1592
0.4866572288090603,0.07239426650150416,1.7695983011850602e-05,1593
0.4869226685542382,0.07241196248451602,1.769598301186448e-05,1594
0.48718810829941606,0.07242965846752787,1.7695983011850602e-05,1595
0.4874535480445939,0.07244735445053972,1.7695983011850602e-05,1596
0.48771898778977174,0.07246505043355159,1.769598301186448e-05,1597
0.4879844275349496,0.07248274641656344,1.7695983011850602e-05,1598
0.4882498672801274,0.0725004423995753,1.769598301186448e-05,1599
0.48851530702530527,0.07251813838258715,1.7695983011850602e-05,1600
0.4887807467704831,0.072535834365599,1.7695983011850602e-05,1601
0.48904618651566095,0.07255353034861087,1.769598301186448e-05,1602
0.4893116262608388,0.07257122633162272,1.7695983011850602e-05,1603
0.48957706600601664,0.07258892231463458,1.769598301186448e-05,1604
0.4898425057511945,0.07260661829764643,1.7695983011850602e-05,1605
0.4901079454963723,0.07262431428065828,1.7695983011850602e-05,1606
0.49037338524155016,0.07264201026367015,1.769598301186448e-05,1607
0.490638824986728,0.072659706246682,1.7695983011850602e-05,1608
0.49090426473190585,0.07267740222969386,1.769598301186448e-05,1609
0.4911697044770837,0.07269509821270571,1.7695983011850602e-05,1610
0.49143514422226153,0.07271279419571758,1.769598301186448e-05,1611
0.4917005839674394,0.07273049017872943,1.7695983011850602e-05,1612
0.4919660237126172,0.07274818616174128,1.7695983011850602e-05,1613
0.49223146345779506,0.07276588214475314,1.769598301186448e-05,1614
0.4924969032029729,0.072783578127765,1.7695983011850602e-05,1615
0.49276234294815074,0.07280127411077686,1.769598301186448e-05,1616
0.4930277826933286,0.07281897009378871,1.7695983011850602e-05,1617
0.4932932224385065,0.07285436205981242,3.539196602371508e-05,1618
0.4935586621836843,0.07287205804282428,1.7695983011850602e-05,1619
0.49382410192886217,0.07288975402583614,1.769598301186448e-05,1620
0.49408954167404,0.07290745000884799,1.7695983011850602e-05,1621
0.49435498141921785,0.07379224915944081,0.0008847991505928215,1622
0.4946204211643957,0.07380994514245266,1.7695983011850602e-05,1623
0.49488586090957354,0.07382764112546451,1.7695983011850602e-05,1624
0.4951513006547514,0.07384533710847638,1.769598301186448e-05,1625
0.4954167403999292,0.07386303309148823,1.7695983011850602e-05,1626
0.49568218014510707,0.07388072907450009,1.769598301186448e-05,1627
0.4959476198902849,0.07389842505751194,1.7695983011850602e-05,1628
0.49621305963546275,0.07391612104052381,1.769598301186448e-05,1629
0.4964784993806406,0.07395151300654751,3.5391966023701205e-05,1630
0.49674393912581843,0.07396920898955937,1.769598301186448e-05,1631
0.4970093788709963,0.07398690497257122,1.7695983011850602e-05,1632
0.4972748186161741,0.07403999292160679,5.3087949035565685e-05,1633
0.49754025836135196,0.07405768890461865,1.769598301186448e-05,1634
0.4978056981065298,0.0740753848876305,1.7695983011850602e-05,1635
0.49807113785170765,0.07409308087064237,1.769598301186448e-05,1636
0.4983365775968855,0.07411077685365422,1.7695983011850602e-05,1637
0.49860201734206333,0.07412847283666607,1.7695983011850602e-05,1638
0.4988674570872412,0.07414616881967794,1.769598301186448e-05,1639
0.499132896832419,0.07416386480268979,1.7695983011850602e-05,1640
0.4993983365775969,0.0741992567687135,3.539196602371508e-05,1641
0.49966377632277476,0.07421695275172537,1.769598301186448e-05,1642
0.4999292160679526,0.07423464873473722,1.7695983011850602e-05,1643
0.5001946558131304,0.07425234471774907,1.7695983011850602e-05,1644
0.5004600955583083,0.07425234471774907,0.0,1645
0.5007255353034861,0.07425234471774907,0.0,1646
0.500990975048664,0.07425234471774907,0.0,1647
0.5012564147938418,0.07425234471774907,0.0,1648
0.5015218545390197,0.07425234471774907,0.0,1649
0.5017872942841974,0.07425234471774907,0.0,1650
0.5020527340293753,0.07425234471774907,0.0,1651
0.5023181737745531,0.07425234471774907,0.0,1652
0.502583613519731,0.07425234471774907,0.0,1653
0.5028490532649089,0.07425234471774907,0.0,1654
0.5031144930100867,0.07425234471774907,0.0,1655
0.5033799327552646,0.07425234471774907,0.0,1656
0.5036453725004424,0.07425234471774907,0.0,1657
0.5039108122456203,0.07425234471774907,0.0,1658
0.5041762519907981,0.07425234471774907,0.0,1659
0.504441691735976,0.07425234471774907,0.0,1660
0.5047071314811538,0.07425234471774907,0.0,1661
0.5049548752433197,0.07425234471774907,0.0,1662
0.5052026190054858,0.07425234471774907,0.0,1663
0.5054503627676518,0.07425234471774907,0.0,1664
0.5056981065298177,0.07425234471774907,0.0,1665
0.5059458502919837,0.07425234471774907,0.0,1666
0.5061935940541497,0.07425234471774907,0.0,1667
0.5064413378163157,0.07425234471774907,0.0,1668
0.5066890815784817,0.07425234471774907,0.0,1669
0.5069368253406477,0.07425234471774907,0.0,1670
0.5071845691028136,0.07425234471774907,0.0,1671
0.5074323128649797,0.07425234471774907,0.0,1672
0.5076800566271457,0.07425234471774907,0.0,1673
0.5079278003893116,0.07425234471774907,0.0,1674
0.5081755441514776,0.07425234471774907,0.0,1675
0.5084232879136436,0.07425234471774907,0.0,1676
0.5086710316758096,0.07425234471774907,0.0,1677
0.5089187754379756,0.07425234471774907,0.0,1678
0.5091665192001416,0.07425234471774907,0.0,1679
0.5094142629623075,0.07425234471774907,0.0,1680
0.5096620067244736,0.07425234471774907,0.0,1681
0.5099097504866396,0.07425234471774907,0.0,1682
0.5101574942488055,0.07425234471774907,0.0,1683
0.5104052380109715,0.07425234471774907,0.0,1684
0.5106529817731374,0.07425234471774907,0.0,1685
0.5109007255353035,0.07425234471774907,0.0,1686
0.5111484692974695,0.07425234471774907,0.0,1687
0.5113962130596355,0.07425234471774907,0.0,1688
0.5116439568218014,0.07425234471774907,0.0,1689
0.5118917005839675,0.07425234471774907,0.0,1690
0.5121394443461335,0.07425234471774907,0.0,1691
0.5123871881082994,0.07425234471774907,0.0,1692
0.5126349318704654,0.07425234471774907,0.0,1693
0.5128826756326313,0.07425234471774907,0.0,1694
0.5131304193947974,0.07425234471774907,0.0,1695
0.5133781631569634,0.07425234471774907,0.0,1696
0.5136259069191293,0.07425234471774907,0.0,1697
0.5138736506812953,0.07425234471774907,0.0,1698
0.5141213944434614,0.07425234471774907,0.0,1699
0.5143691382056274,0.07425234471774907,0.0,1700
0.5146168819677933,0.07425234471774907,0.0,1701
0.5148646257299593,0.07425234471774907,0.0,1702
0.5151123694921252,0.07425234471774907,0.0,1703
0.5153601132542913,0.07425234471774907,0.0,1704
0.5156078570164573,0.07425234471774907,0.0,1705
0.5158556007786232,0.07425234471774907,0.0,1706
0.5161033445407892,0.07425234471774907,0.0,1707
0.5163510883029552,0.07425234471774907,0.0,1708
0.5165988320651212,0.07425234471774907,0.0,1709
0.5168465758272872,0.07425234471774907,0.0,1710
0.5170943195894532,0.07425234471774907,0.0,1711
0.5173420633516191,0.07425234471774907,0.0,1712
0.5175898071137852,0.07425234471774907,0.0,1713
0.5178375508759512,0.07425234471774907,0.0,1714
0.5180852946381171,0.07425234471774907,0.0,1715
0.5183330384002831,0.07425234471774907,0.0,1716
0.5185807821624491,0.07425234471774907,0.0,1717
0.5188285259246151,0.07425234471774907,0.0,1718
0.5190762696867811,0.07425234471774907,0.0,1719
0.5193240134489471,0.07425234471774907,0.0,1720
0.519571757211113,0.07425234471774907,0.0,1721
0.5198195009732791,0.07425234471774907,0.0,1722
0.5200672447354451,0.07425234471774907,0.0,1723
0.520314988497611,0.07425234471774907,0.0,1724
0.520562732259777,0.07425234471774907,0.0,1725
0.520810476021943,0.07425234471774907,0.0,1726
0.521058219784109,0.07425234471774907,0.0,1727
0.521305963546275,0.07425234471774907,0.0,1728
0.521553707308441,0.07425234471774907,0.0,1729
0.5218014510706069,0.07425234471774907,0.0,1730
0.522049194832773,0.07425234471774907,0.0,1731
0.522296938594939,0.07425234471774907,0.0,1732
0.5225446823571049,0.07425234471774907,0.0,1733
0.5227924261192709,0.07425234471774907,0.0,1734
0.5230401698814369,0.07425234471774907,0.0,1735
0.5232879136436029,0.07425234471774907,0.0,1736
0.5235356574057689,0.07425234471774907,0.0,1737
0.5237834011679349,0.07425234471774907,0.0,1738
0.5240311449301008,0.07425234471774907,0.0,1739
0.5242788886922669,0.07425234471774907,0.0,1740
0.5245266324544329,0.07425234471774907,0.0,1741
0.5247743762165988,0.07425234471774907,0.0,1742
0.5250221199787648,0.07425234471774907,0.0,1743
0.5252698637409308,0.07425234471774907,0.0,1744
0.5255176075030968,0.07425234471774907,0.0,1745
0.5257653512652628,0.07425234471774907,0.0,1746
0.5260130950274288,0.07425234471774907,0.0,1747
0.5262608387895947,0.07425234471774907,0.0,1748
0.5265085825517607,0.07425234471774907,0.0,1749
0.5267563263139268,0.07425234471774907,0.0,1750
0.5270040700760927,0.07425234471774907,0.0,1751
0.5272518138382587,0.07425234471774907,0.0,1752
0.5274995576004247,0.07425234471774907,0.0,1753
0.5277473013625907,0.07425234471774907,0.0,1754
0.5279950451247567,0.07425234471774907,0.0,1755
0.5282427888869227,0.07425234471774907,0.0,1756
0.5284905326490886,0.07425234471774907,0.0,1757
0.5287382764112546,0.07425234471774907,0.0,1758
0.5289860201734207,0.07425234471774907,0.0,1759
0.5292337639355866,0.07425234471774907,0.0,1760
0.5294815076977526,0.07425234471774907,0.0,1761
0.5297292514599186,0.07425234471774907,0.0,1762
0.5299769952220846,0.07425234471774907,0.0,1763
0.5302247389842506,0.07425234471774907,0.0,1764
0.5304724827464166,0.07425234471774907,0.0,1765
0.5307202265085825,0.07425234471774907,0.0,1766
0.5309679702707485,0.07425234471774907,0.0,1767
0.5312157140329146,0.07425234471774907,0.0,1768
0.5314634577950805,0.07425234471774907,0.0,1769
0.5317112015572465,0.07425234471774907,0.0,1770
0.5319589453194125,0.07425234471774907,0.0,1771
0.5322066890815785,0.07425234471774907,0.0,1772
0.5324544328437445,0.07425234471774907,0.0,1773
0.5327021766059105,0.07425234471774907,0.0,1774
0.5329499203680764,0.07425234471774907,0.0,1775
0.5331976641302424,0.07425234471774907,0.0,1776
0.5334454078924085,0.07425234471774907,0.0,1777
0.5336931516545744,0.07425234471774907,0.0,1778
0.5339408954167404,0.07425234471774907,0.0,1779
0.5341886391789064,0.07425234471774907,0.0,1780
0.5344363829410724,0.07425234471774907,0.0,1781
0.5346841267032384,0.07425234471774907,0.0,1782
0.5349318704654044,0.07425234471774907,0.0,1783
0.5351796142275703,0.07425234471774907,0.0,1784
0.5354273579897363,0.07425234471774907,0.0,1785
0.5356751017519024,0.07425234471774907,0.0,1786
0.5359228455140683,0.07425234471774907,0.0,1787
0.5361705892762343,0.07425234471774907,0.0,1788
0.5364183330384003,0.07425234471774907,0.0,1789
0.5366660768005662,0.07425234471774907,0.0,1790
0.5369138205627323,0.07425234471774907,0.0,1791
0.5371615643248983,0.07425234471774907,0.0,1792
0.5374093080870642,0.07425234471774907,0.0,1793
0.5376570518492302,0.07425234471774907,0.0,1794
0.5379047956113963,0.07425234471774907,0.0,1795
0.5381525393735622,0.07425234471774907,0.0,1796
0.5384002831357282,0.07425234471774907,0.0,1797
0.5386480268978941,0.07425234471774907,0.0,1798
0.5388957706600601,0.07425234471774907,0.0,1799
0.5391435144222262,0.07425234471774907,0.0,1800
0.5393912581843922,0.07425234471774907,0.0,1801
0.5396390019465581,0.07425234471774907,0.0,1802
0.5398867457087241,0.07425234471774907,0.0,1803
0.5401344894708902,0.07425234471774907,0.0,1804
0.5403645372500442,0.07425234471774907,0.0,1805
0.5405945850291983,0.07425234471774907,0.0,1806
0.5408246328083525,0.07425234471774907,0.0,1807
0.5410546805875066,0.07425234471774907,0.0,1808
0.5412847283666608,0.07425234471774907,0.0,1809
0.5415147761458149,0.07425234471774907,0.0,1810
0.541744823924969,0.07425234471774907,0.0,1811
0.5419748717041232,0.07425234471774907,0.0,1812
0.5422049194832773,0.07425234471774907,0.0,1813
0.5424349672624315,0.07425234471774907,0.0,1814
0.5426650150415856,0.07425234471774907,0.0,1815
0.5428950628207397,0.07425234471774907,0.0,1816
0.5431251105998939,0.07425234471774907,0.0,1817
0.5433551583790479,0.07425234471774907,0.0,1818
0.543585206158202,0.07425234471774907,0.0,1819
0.5438152539373562,0.07425234471774907,0.0,1820
0.5440453017165103,0.07425234471774907,0.0,1821
0.5442753494956645,0.07425234471774907,0.0,1822
0.5445053972748186,0.07425234471774907,0.0,1823
0.5447354450539728,0.07425234471774907,0.0,1824
0.5449654928331269,0.07425234471774907,0.0,1825
0.545195540612281,0.07425234471774907,0.0,1826
0.5454255883914352,0.07425234471774907,0.0,1827
0.5456556361705893,0.07425234471774907,0.0,1828
0.5458856839497435,0.07425234471774907,0.0,1829
0.5461157317288975,0.07425234471774907,0.0,1830
0.5463457795080516,0.07425234471774907,0.0,1831
0.5465758272872058,0.07425234471774907,0.0,1832
0.5468058750663599,0.07425234471774907,0.0,1833
0.547035922845514,0.07425234471774907,0.0,1834
0.5472659706246682,0.07425234471774907,0.0,1835
0.5474960184038223,0.07425234471774907,0.0,1836
0.5477260661829765,0.07425234471774907,0.0,1837
0.5479561139621306,0.07425234471774907,0.0,1838
0.5481861617412848,0.07425234471774907,0.0,1839
0.5484162095204389,0.07425234471774907,0.0,1840
0.548646257299593,0.07425234471774907,0.0,1841
0.5488763050787471,0.07425234471774907,0.0,1842
0.5491063528579012,0.07425234471774907,0.0,1843
0.5493364006370554,0.07425234471774907,0.0,1844
0.5495664484162095,0.07425234471774907,0.0,1845
0.5497964961953636,0.07425234471774907,0.0,1846
0.5500265439745178,0.07425234471774907,0.0,1847
0.5502565917536719,0.07425234471774907,0.0,1848
0.5504866395328261,0.07425234471774907,0.0,1849
0.5507166873119802,0.07425234471774907,0.0,1850
0.5509467350911343,0.07425234471774907,0.0,1851
0.5511767828702885,0.07425234471774907,0.0,1852
0.5514068306494426,0.07425234471774907,0.0,1853
0.5516368784285967,0.07425234471774907,0.0,1854
0.5518669262077508,0.07425234471774907,0.0,1855
0.5520969739869049,0.07425234471774907,0.0,1856
0.5523270217660591,0.07425234471774907,0.0,1857
0.5525570695452132,0.07425234471774907,0.0,1858
0.5527871173243674,0.07425234471774907,0.0,1859
0.5530171651035215,0.07425234471774907,0.0,1860
0.5532472128826756,0.07425234471774907,0.0,1861
0.5534772606618298,0.07425234471774907,0.0,1862
0.5537073084409839,0.07425234471774907,0.0,1863
0.5539373562201381,0.07425234471774907,0.0,1864
0.5541674039992922,0.07425234471774907,0.0,1865
0.5543974517784462,0.07425234471774907,0.0,1866
0.5546274995576004,0.07425234471774907,0.0,1867
0.5548575473367545,0.07425234471774907,0.0,1868
0.5550875951159087,0.07425234471774907,0.0,1869
0.5553176428950628,0.07425234471774907,0.0,1870
0.5555476906742169,0.07425234471774907,0.0,1871
0.5557777384533711,0.07425234471774907,0.0,1872
0.5560077862325252,0.07425234471774907,0.0,1873
0.5562378340116794,0.07425234471774907,0.0,1874
0.5564678817908335,0.07425234471774907,0.0,1875
0.5566979295699876,0.07425234471774907,0.0,1876
0.5569279773491418,0.07425234471774907,0.0,1877
0.5571580251282959,0.07425234471774907,0.0,1878
0.55738807290745,0.07425234471774907,0.0,1879
0.5576181206866041,0.07425234471774907,0.0,1880
0.5578481684657582,0.07425234471774907,0.0,1881
0.5580782162449124,0.07425234471774907,0.0,1882
0.5583082640240665,0.07425234471774907,0.0,1883
0.5585383118032207,0.07425234471774907,0.0,1884
0.5587683595823748,0.07425234471774907,0.0,1885
0.558998407361529,0.07425234471774907,0.0,1886
0.5592284551406831,0.07425234471774907,0.0,1887
0.5594585029198372,0.07425234471774907,0.0,1888
0.5596885506989914,0.07425234471774907,0.0,1889
0.5599185984781455,0.07425234471774907,0.0,1890
0.5601486462572995,0.07425234471774907,0.0,1891
0.5603786940364537,0.07425234471774907,0.0,1892
0.5606087418156078,0.07425234471774907,0.0,1893
0.560838789594762,0.07425234471774907,0.0,1894
0.5610688373739161,0.07425234471774907,0.0,1895
0.5612988851530702,0.07425234471774907,0.0,1896
0.5615289329322244,0.07425234471774907,0.0,1897
0.5617589807113785,0.07425234471774907,0.0,1898
0.5619890284905327,0.07425234471774907,0.0,1899
0.5622190762696868,0.07425234471774907,0.0,1900
0.562449124048841,0.07425234471774907,0.0,1901
0.5626791718279951,0.07425234471774907,0.0,1902
0.5629092196071491,0.07425234471774907,0.0,1903
0.5631392673863033,0.07425234471774907,0.0,1904
0.5633693151654574,0.07425234471774907,0.0,1905
0.5635993629446115,0.07425234471774907,0.0,1906
0.5638294107237657,0.07425234471774907,0.0,1907
0.5640594585029198,0.07425234471774907,0.0,1908
0.564289506282074,0.07425234471774907,0.0,1909
0.5645195540612281,0.07425234471774907,0.0,1910
0.5647496018403823,0.07425234471774907,0.0,1911
0.5649796496195364,0.07425234471774907,0.0,1912
0.5652096973986905,0.07425234471774907,0.0,1913
0.5654397451778447,0.07425234471774907,0.0,1914
0.5656697929569987,0.07425234471774907,0.0,1915
0.5658998407361528,0.07425234471774907,0.0,1916
0.566129888515307,0.07425234471774907,0.0,1917
0.5663599362944611,0.07425234471774907,0.0,1918
0.5665899840736153,0.07425234471774907,0.0,1919
0.5668200318527694,0.07425234471774907,0.0,1920
0.5670500796319236,0.07425234471774907,0.0,1921
0.5672801274110777,0.07425234471774907,0.0,1922
0.5675101751902318,0.07425234471774907,0.0,1923
0.567740222969386,0.07425234471774907,0.0,1924
0.5679702707485401,0.07425234471774907,0.0,1925
0.5682003185276943,0.07425234471774907,0.0,1926
0.5684303663068484,0.07425234471774907,0.0,1927
0.5686604140860024,0.07425234471774907,0.0,1928
0.5688904618651566,0.07425234471774907,0.0,1929
0.5691205096443107,0.07425234471774907,0.0,1930
0.5693505574234649,0.07425234471774907,0.0,1931
0.569580605202619,0.07425234471774907,0.0,1932
0.5698106529817731,0.07425234471774907,0.0,1933
0.5700407007609273,0.07425234471774907,0.0,1934
0.5702707485400814,0.07425234471774907,0.0,1935
0.5705007963192356,0.07425234471774907,0.0,1936
0.5707308440983897,0.07425234471774907,0.0,1937
0.5709608918775438,0.07425234471774907,0.0,1938
0.571190939656698,0.07425234471774907,0.0,1939
0.571420987435852,0.07425234471774907,0.0,1940
0.5716510352150062,0.07425234471774907,0.0,1941
0.5718810829941603,0.07425234471774907,0.0,1942
0.5721111307733144,0.07425234471774907,0.0,1943
0.5723411785524686,0.07425234471774907,0.0,1944
0.5725712263316227,0.07425234471774907,0.0,1945
0.5728012741107769,0.07425234471774907,0.0,1946
0.573031321889931,0.07425234471774907,0.0,1947
0.5732613696690851,0.07425234471774907,0.0,1948
0.5734914174482393,0.07425234471774907,0.0,1949
0.5737214652273934,0.07425234471774907,0.0,1950
0.5739515130065476,0.07425234471774907,0.0,1951
0.5741815607857016,0.07425234471774907,0.0,1952
0.5744116085648557,0.07425234471774907,0.0,1953
0.5746416563440099,0.07425234471774907,0.0,1954
0.574871704123164,0.07425234471774907,0.0,1955
0.5751017519023182,0.07425234471774907,0.0,1956
0.5753317996814723,0.07425234471774907,0.0,1957
0.5755441514776146,0.07425234471774907,0.0,1958
0.5757565032737568,0.07425234471774907,0.0,1959
0.5759688550698991,0.07425234471774907,0.0,1960
0.5761812068660415,0.07425234471774907,0.0,1961
0.5763935586621837,0.07425234471774907,0.0,1962
0.576605910458326,0.07425234471774907,0.0,1963
0.5768182622544682,0.07425234471774907,0.0,1964
0.5770306140506105,0.07425234471774907,0.0,1965
0.5772429658467528,0.07425234471774907,0.0,1966
0.577455317642895,0.07425234471774907,0.0,1967
0.5776676694390374,0.07425234471774907,0.0,1968
0.5778800212351796,0.07425234471774907,0.0,1969
0.5780923730313219,0.07425234471774907,0.0,1970
0.5783047248274642,0.07425234471774907,0.0,1971
0.5785170766236064,0.07425234471774907,0.0,1972
0.5787294284197487,0.07425234471774907,0.0,1973
0.578941780215891,0.07425234471774907,0.0,1974
0.5791541320120333,0.07425234471774907,0.0,1975
0.5793664838081756,0.07425234471774907,0.0,1976
0.5795788356043178,0.07425234471774907,0.0,1977
0.5797911874004601,0.07425234471774907,0.0,1978
0.5800035391966024,0.07425234471774907,0.0,1979
0.5802158909927446,0.07425234471774907,0.0,1980
0.5804282427888869,0.07425234471774907,0.0,1981
0.5806405945850291,0.07425234471774907,0.0,1982
0.5808529463811715,0.07425234471774907,0.0,1983
0.5810652981773138,0.07425234471774907,0.0,1984
0.581277649973456,0.07425234471774907,0.0,1985
0.5814900017695983,0.07425234471774907,0.0,1986
0.5817023535657406,0.07425234471774907,0.0,1987
0.5819147053618828,0.07425234471774907,0.0,1988
0.5821270571580252,0.07425234471774907,0.0,1989
0.5823394089541674,0.07425234471774907,0.0,1990
0.5825517607503097,0.07425234471774907,0.0,1991
0.582764112546452,0.07425234471774907,0.0,1992
0.5829764643425942,0.07425234471774907,0.0,1993
0.5831888161387365,0.07425234471774907,0.0,1994
0.5834011679348787,0.07425234471774907,0.0,1995
0.583613519731021,0.07425234471774907,0.0,1996
0.5838258715271634,0.07425234471774907,0.0,1997
0.5840382233233056,0.07425234471774907,0.0,1998
0.5842505751194479,0.07425234471774907,0.0,1999
0.5844629269155902,0.07425234471774907,0.0,2000
0.5846752787117324,0.07425234471774907,0.0,2001
0.5848876305078747,0.07425234471774907,0.0,2002
0.5850999823040169,0.07425234471774907,0.0,2003
0.5853123341001593,0.07425234471774907,0.0,2004
0.5855246858963016,0.07425234471774907,0.0,2005
0.5857370376924438,0.07425234471774907,0.0,2006
0.5859493894885861,0.07425234471774907,0.0,2007
0.5861617412847284,0.07425234471774907,0.0,2008
0.5863740930808706,0.07425234471774907,0.0,2009
0.586586444877013,0.07425234471774907,0.0,2010
0.5867987966731552,0.07425234471774907,0.0,2011
0.5870111484692975,0.07425234471774907,0.0,2012
0.5872235002654398,0.07425234471774907,0.0,2013
0.587435852061582,0.07425234471774907,0.0,2014
0.5876482038577243,0.07425234471774907,0.0,2015
0.5878605556538665,0.07425234471774907,0.0,2016
0.5880729074500088,0.07425234471774907,0.0,2017
0.5882852592461512,0.07425234471774907,0.0,2018
0.5884976110422934,0.07425234471774907,0.0,2019
0.5887099628384357,0.07425234471774907,0.0,2020
0.588922314634578,0.07425234471774907,0.0,2021
0.5891346664307202,0.07425234471774907,0.0,2022
0.5893470182268625,0.07425234471774907,0.0,2023
0.5895593700230047,0.07425234471774907,0.0,2024
0.589771721819147,0.07425234471774907,0.0,2025
0.5899840736152894,0.07425234471774907,0.0,2026
0.5901964254114316,0.07425234471774907,0.0,2027
0.5904087772075739,0.07425234471774907,0.0,2028
0.5906211290037161,0.07425234471774907,0.0,2029
0.5908334807998584,0.07425234471774907,0.0,2030
0.5910458325960007,0.07425234471774907,0.0,2031
0.591258184392143,0.07425234471774907,0.0,2032
0.5914705361882853,0.07425234471774907,0.0,2033
0.5916828879844276,0.07425234471774907,0.0,2034
0.5918952397805698,0.07425234471774907,0.0,2035
0.5921075915767121,0.07425234471774907,0.0,2036
0.5923199433728543,0.07425234471774907,0.0,2037
0.5925322951689966,0.07425234471774907,0.0,2038
0.592744646965139,0.07425234471774907,0.0,2039
0.5929569987612812,0.07425234471774907,0.0,2040
0.5931693505574235,0.07425234471774907,0.0,2041
0.5933817023535657,0.07425234471774907,0.0,2042
0.593594054149708,0.07425234471774907,0.0,2043
0.5938064059458503,0.07425234471774907,0.0,2044
0.5940187577419925,0.07425234471774907,0.0,2045
0.5942311095381348,0.07425234471774907,0.0,2046
0.5944434613342772,0.07425234471774907,0.0,2047
0.5946558131304194,0.07425234471774907,0.0,2048
0.5948681649265617,0.07425234471774907,0.0,2049
0.5950805167227039,0.07425234471774907,0.0,2050
0.5952928685188462,0.07425234471774907,0.0,2051
0.5955052203149885,0.07425234471774907,0.0,2052
0.5957175721111307,0.07425234471774907,0.0,2053
0.5959299239072731,0.07425234471774907,0.0,2054
0.5961422757034153,0.07425234471774907,0.0,2055
0.5963546274995576,0.07425234471774907,0.0,2056
0.5965669792956999,0.07425234471774907,0.0,2057
0.5967793310918421,0.07425234471774907,0.0,2058
0.5969916828879844,0.07425234471774907,0.0,2059
0.5972040346841267,0.07425234471774907,0.0,2060
0.597416386480269,0.07425234471774907,0.0,2061
0.5976287382764113,0.07425234471774907,0.0,2062
0.5978410900725535,0.07425234471774907,0.0,2063
0.5980534418686958,0.07425234471774907,0.0,2064
0.5982657936648381,0.07425234471774907,0.0,2065
0.5984781454609803,0.07425234471774907,0.0,2066
0.5986904972571226,0.07425234471774907,0.0,2067
0.598902849053265,0.07425234471774907,0.0,2068
0.5991152008494072,0.07425234471774907,0.0,2069
0.5993275526455495,0.07425234471774907,0.0,2070
0.5995399044416917,0.07425234471774907,0.0,2071
0.599752256237834,0.07425234471774907,0.0,2072
0.5999646080339763,0.07425234471774907,0.0,2073
0.6001769598301185,0.07425234471774907,0.0,2074
0.6003893116262609,0.07425234471774907,0.0,2075
0.6006016634224031,0.07425234471774907,0.0,2076
0.6008140152185454,0.07425234471774907,0.0,2077
0.6010263670146877,0.07425234471774907,0.0,2078
0.6012387188108299,0.07425234471774907,0.0,2079
0.6014510706069722,0.07425234471774907,0.0,2080
0.6016634224031145,0.07425234471774907,0.0,2081
0.6018757741992568,0.07425234471774907,0.0,2082
0.6020881259953991,0.07425234471774907,0.0,2083
0.6023004777915413,0.07425234471774907,0.0,2084
0.6025128295876836,0.07425234471774907,0.0,2085
0.6027251813838259,0.07425234471774907,0.0,2086
0.6029375331799681,0.07425234471774907,0.0,2087
0.6031498849761104,0.07425234471774907,0.0,2088
0.6033622367722526,0.07425234471774907,0.0,2089
0.603574588568395,0.07425234471774907,0.0,2090
0.6037869403645373,0.07425234471774907,0.0,2091
0.6039992921606795,0.07425234471774907,0.0,2092
0.6042116439568218,0.07425234471774907,0.0,2093
0.6044239957529641,0.07425234471774907,0.0,2094
0.6046363475491063,0.07425234471774907,0.0,2095
0.6048486993452487,0.07425234471774907,0.0,2096
0.6050610511413909,0.07425234471774907,0.0,2097
0.6052734029375332,0.07425234471774907,0.0,2098
0.6054857547336755,0.07425234471774907,0.0,2099
0.6056981065298177,0.07425234471774907,0.0,2100
0.60591045832596,0.07425234471774907,0.0,2101
0.6061228101221022,0.07425234471774907,0.0,2102
0.6063351619182445,0.07425234471774907,0.0,2103
0.6065475137143869,0.07425234471774907,0.0,2104
0.6067598655105291,0.07425234471774907,0.0,2105
0.6069722173066714,0.07425234471774907,0.0,2106
0.6071845691028137,0.07425234471774907,0.0,2107
0.6073969208989559,0.07425234471774907,0.0,2108
0.6076092726950982,0.07425234471774907,0.0,2109
0.6078216244912404,0.07425234471774907,0.0,2110
0.6080339762873828,0.07425234471774907,0.0,2111
0.6082463280835251,0.07425234471774907,0.0,2112
0.6084586798796673,0.07425234471774907,0.0,2113
0.6086710316758096,0.07425234471774907,0.0,2114
0.6088833834719519,0.07425234471774907,0.0,2115
0.6090957352680941,0.07425234471774907,0.0,2116
0.6093080870642364,0.07425234471774907,0.0,2117
0.6095204388603787,0.07425234471774907,0.0,2118
0.609732790656521,0.07425234471774907,0.0,2119
0.6099451424526633,0.07425234471774907,0.0,2120
0.6101574942488055,0.07425234471774907,0.0,2121
0.6103698460449478,0.07425234471774907,0.0,2122
0.61058219784109,0.07425234471774907,0.0,2123
0.6107945496372323,0.07425234471774907,0.0,2124
0.6109892054503627,0.07425234471774907,0.0,2125
0.6111838612634932,0.07425234471774907,0.0,2126
0.6113785170766236,0.07425234471774907,0.0,2127
0.611573172889754,0.07425234471774907,0.0,2128
0.6117678287028845,0.07425234471774907,0.0,2129
0.6119624845160149,0.07425234471774907,0.0,2130
0.6121571403291453,0.07425234471774907,0.0,2131
0.6123517961422758,0.07425234471774907,0.0,2132
0.6125464519554061,0.07425234471774907,0.0,2133
0.6127411077685365,0.07425234471774907,0.0,2134
0.612935763581667,0.07425234471774907,0.0,2135
0.6131304193947974,0.07425234471774907,0.0,2136
0.6133250752079278,0.07425234471774907,0.0,2137
0.6135197310210582,0.07425234471774907,0.0,2138
0.6137143868341887,0.07425234471774907,0.0,2139
0.613909042647319,0.07425234471774907,0.0,2140
0.6141036984604494,0.07425234471774907,0.0,2141
0.6142983542735799,0.07425234471774907,0.0,2142
0.6144930100867103,0.07425234471774907,0.0,2143
0.6146876658998407,0.07425234471774907,0.0,2144
0.6148823217129712,0.07425234471774907,0.0,2145
0.6150769775261016,0.07425234471774907,0.0,2146
0.615271633339232,0.07425234471774907,0.0,2147
0.6154662891523625,0.07425234471774907,0.0,2148
0.6156609449654928,0.07425234471774907,0.0,2149
0.6158556007786232,0.07425234471774907,0.0,2150
0.6160502565917537,0.07425234471774907,0.0,2151
0.6162449124048841,0.07425234471774907,0.0,2152
0.6164395682180145,0.07425234471774907,0.0,2153
0.616634224031145,0.07425234471774907,0.0,2154
0.6168288798442754,0.07425234471774907,0.0,2155
0.6170235356574058,0.07425234471774907,0.0,2156
0.6172181914705361,0.07425234471774907,0.0,2157
0.6174128472836666,0.07425234471774907,0.0,2158
0.617607503096797,0.07425234471774907,0.0,2159
0.6178021589099274,0.07425234471774907,0.0,2160
0.6179968147230579,0.07425234471774907,0.0,2161
0.6181914705361883,0.07425234471774907,0.0,2162
0.6183861263493187,0.07425234471774907,0.0,2163
0.6185807821624492,0.07425234471774907,0.0,2164
0.6187754379755795,0.07425234471774907,0.0,2165
0.6189700937887099,0.07425234471774907,0.0,2166
0.6191647496018404,0.07425234471774907,0.0,2167
0.6193594054149708,0.07425234471774907,0.0,2168
0.6195540612281012,0.07425234471774907,0.0,2169
0.6197487170412317,0.07425234471774907,0.0,2170
0.6199433728543621,0.07425234471774907,0.0,2171
0.6201380286674925,0.07425234471774907,0.0,2172
0.620332684480623,0.07425234471774907,0.0,2173
0.6205273402937533,0.07425234471774907,0.0,2174
0.6207219961068837,0.07425234471774907,0.0,2175
0.6209166519200141,0.07425234471774907,0.0,2176
0.6211113077331446,0.07425234471774907,0.0,2177
0.621305963546275,0.07425234471774907,0.0,2178
0.6215006193594054,0.07425234471774907,0.0,2179
0.6216952751725359,0.07425234471774907,0.0,2180
0.6218899309856663,0.07425234471774907,0.0,2181
0.6220845867987966,0.07425234471774907,0.0,2182
0.6222792426119271,0.07425234471774907,0.0,2183
0.6224738984250575,0.07425234471774907,0.0,2184
0.6226685542381879,0.07425234471774907,0.0,2185
0.6228632100513184,0.07425234471774907,0.0,2186
0.6230578658644488,0.07425234471774907,0.0,2187
0.6232525216775792,0.07425234471774907,0.0,2188
0.6234471774907097,0.07425234471774907,0.0,2189
0.62364183330384,0.07425234471774907,0.0,2190
0.6238364891169704,0.07425234471774907,0.0,2191
0.6240311449301008,0.07425234471774907,0.0,2192
0.6242258007432313,0.07425234471774907,0.0,2193
0.6244204565563617,0.07425234471774907,0.0,2194
0.6246151123694921,0.07425234471774907,0.0,2195
0.6248097681826226,0.07425234471774907,0.0,2196
0.625004423995753,0.07425234471774907,0.0,2197
0.6251990798088833,0.07425234471774907,0.0,2198
0.6253937356220138,0.07425234471774907,0.0,2199
0.6255883914351442,0.07425234471774907,0.0,2200
0.6257830472482746,0.07425234471774907,0.0,2201
0.6259777030614051,0.07425234471774907,0.0,2202
0.6261723588745355,0.07425234471774907,0.0,2203
0.6263670146876659,0.07425234471774907,0.0,2204
0.6265616705007964,0.07425234471774907,0.0,2205
0.6267563263139267,0.07425234471774907,0.0,2206
0.6269509821270571,0.07425234471774907,0.0,2207
0.6271456379401876,0.07425234471774907,0.0,2208
0.627340293753318,0.07425234471774907,0.0,2209
0.6275349495664484,0.07425234471774907,0.0,2210
0.6277296053795788,0.07425234471774907,0.0,2211
0.6279242611927093,0.07425234471774907,0.0,2212
0.6281189170058397,0.07425234471774907,0.0,2213
0.62831357281897,0.07425234471774907,0.0,2214
0.6285082286321005,0.07425234471774907,0.0,2215
0.6287028844452309,0.07425234471774907,0.0,2216
0.6288975402583613,0.07425234471774907,0.0,2217
0.6290921960714918,0.07425234471774907,0.0,2218
0.6292868518846222,0.07425234471774907,0.0,2219
0.6294815076977526,0.07425234471774907,0.0,2220
0.6296761635108831,0.07425234471774907,0.0,2221
0.6298708193240135,0.07425234471774907,0.0,2222
0.6300654751371438,0.07425234471774907,0.0,2223
0.6302601309502743,0.07425234471774907,0.0,2224
0.6304547867634047,0.07425234471774907,0.0,2225
0.6306494425765351,0.07425234471774907,0.0,2226
0.6308440983896656,0.07425234471774907,0.0,2227
0.631038754202796,0.07425234471774907,0.0,2228
0.6312334100159264,0.07425234471774907,0.0,2229
0.6314280658290568,0.07425234471774907,0.0,2230
0.6316227216421872,0.07425234471774907,0.0,2231
0.6318173774553176,0.07425234471774907,0.0,2232
0.632012033268448,0.07425234471774907,0.0,2233
0.6322066890815785,0.07425234471774907,0.0,2234
0.6324013448947089,0.07425234471774907,0.0,2235
0.6325960007078393,0.07425234471774907,0.0,2236
0.6327906565209698,0.07425234471774907,0.0,2237
0.6329853123341002,0.07425234471774907,0.0,2238
0.6331799681472305,0.07425234471774907,0.0,2239
0.633374623960361,0.07425234471774907,0.0,2240
0.6335692797734914,0.07425234471774907,0.0,2241
0.6337639355866218,0.07425234471774907,0.0,2242
0.6339585913997523,0.07425234471774907,0.0,2243
0.6341532472128827,0.07425234471774907,0.0,2244
0.6343479030260131,0.07425234471774907,0.0,2245
0.6345425588391436,0.07425234471774907,0.0,2246
0.634737214652274,0.07425234471774907,0.0,2247
0.6349318704654043,0.07425234471774907,0.0,2248
0.6351265262785347,0.07425234471774907,0.0,2249
0.6353211820916652,0.07425234471774907,0.0,2250
0.6355158379047956,0.07425234471774907,0.0,2251
0.635710493717926,0.07425234471774907,0.0,2252
0.6359051495310565,0.07425234471774907,0.0,2253
0.6360998053441869,0.07425234471774907,0.0,2254
0.6362944611573172,0.07425234471774907,0.0,2255
0.6364891169704477,0.07425234471774907,0.0,2256
0.6366837727835781,0.07425234471774907,0.0,2257
0.6368784285967085,0.07425234471774907,0.0,2258
0.637073084409839,0.07425234471774907,0.0,2259
0.6372677402229694,0.07425234471774907,0.0,2260
0.6374623960360998,0.07425234471774907,0.0,2261
0.6376570518492303,0.07425234471774907,0.0,2262
0.6378517076623607,0.07425234471774907,0.0,2263
0.638046363475491,0.07425234471774907,0.0,2264
0.6382410192886215,0.07425234471774907,0.0,2265
0.6384356751017519,0.07425234471774907,0.0,2266
0.6386303309148823,0.07425234471774907,0.0,2267
0.6388249867280127,0.07425234471774907,0.0,2268
0.6390196425411432,0.07425234471774907,0.0,2269
0.6392142983542736,0.07425234471774907,0.0,2270
0.639408954167404,0.07425234471774907,0.0,2271
0.6396036099805344,0.07425234471774907,0.0,2272
0.6397982657936648,0.07425234471774907,0.0,2273
0.6399929216067952,0.07425234471774907,0.0,2274
0.6401875774199257,0.07425234471774907,0.0,2275
0.6403822332330561,0.07425234471774907,0.0,2276
0.6405768890461865,0.07425234471774907,0.0,2277
0.640771544859317,0.07425234471774907,0.0,2278
0.6409662006724474,0.07425234471774907,0.0,2279
0.6411608564855777,0.07425234471774907,0.0,2280
0.6413555122987082,0.07425234471774907,0.0,2281
0.6415501681118386,0.07425234471774907,0.0,2282
0.641744823924969,0.07425234471774907,0.0,2283
0.6419394797380995,0.07425234471774907,0.0,2284
0.6421341355512299,0.07425234471774907,0.0,2285
0.6423287913643603,0.07425234471774907,0.0,2286
0.6425234471774907,0.07425234471774907,0.0,2287
0.6427181029906212,0.07425234471774907,0.0,2288
0.6429127588037515,0.07425234471774907,0.0,2289
0.6431074146168819,0.07425234471774907,0.0,2290
0.6433020704300124,0.07425234471774907,0.0,2291
0.6434967262431428,0.07425234471774907,0.0,2292
0.6436913820562732,0.07425234471774907,0.0,2293
0.6438860378694037,0.07425234471774907,0.0,2294
0.6440806936825341,0.07425234471774907,0.0,2295
0.6442753494956645,0.07425234471774907,0.0,2296
0.644470005308795,0.07425234471774907,0.0,2297
0.6446646611219253,0.07425234471774907,0.0,2298
0.6448593169350557,0.07425234471774907,0.0,2299
0.6450539727481862,0.07425234471774907,0.0,2300
0.6452486285613166,0.07425234471774907,0.0,2301
0.645443284374447,0.07425234471774907,0.0,2302
0.6456379401875775,0.07425234471774907,0.0,2303
0.6458325960007079,0.07425234471774907,0.0,2304
0.6460272518138382,0.07425234471774907,0.0,2305
0.6462219076269686,0.07425234471774907,0.0,2306
0.6463988674570872,0.07425234471774907,0.0,2307
0.6465758272872058,0.07425234471774907,0.0,2308
0.6467527871173243,0.07425234471774907,0.0,2309
0.646929746947443,0.07425234471774907,0.0,2310
0.6471067067775615,0.07425234471774907,0.0,2311
0.6472836666076801,0.07425234471774907,0.0,2312
0.6474606264377987,0.07425234471774907,0.0,2313
0.6476375862679172,0.07425234471774907,0.0,2314
0.6477968501150239,0.07425234471774907,0.0,2315
0.6478145460980358,0.07425234471774907,0.0,2316
