u,null_q025,null_median,null_q975
0.0,1.7695983011856308e-05,1.7695983011856308e-05,1.7695983011856308e-05
0.0004070076092726951,3.5391966023712616e-05,3.5391966023712616e-05,3.5391966023712616e-05
0.0008140152185453902,3.5391966023712616e-05,3.5391966023712616e-05,3.5391966023712616e-05
0.0012210228278180853,3.5391966023712616e-05,3.5391966023712616e-05,5.3087949035568924e-05
0.0016280304370907804,3.5391966023712616e-05,3.5391966023712616e-05,5.3087949035568924e-05
0.0020350380463634754,3.5391966023712616e-05,3.5391966023712616e-05,5.3087949035568924e-05
0.0024420456556361707,3.5391966023712616e-05,3.5391966023712616e-05,5.3087949035568924e-05
0.0028490532649088655,3.5391966023712616e-05,3.5391966023712616e-05,5.3087949035568924e-05
0.0032560608741815608,3.5391966023712616e-05,3.5391966023712616e-05,5.3087949035568924e-05
0.003663068483454256,3.5391966023712616e-05,3.5391966023712616e-05,5.3087949035568924e-05
0.004070076092726951,3.5391966023712616e-05,5.3087949035568924e-05,5.3087949035568924e-05
0.004477083701999646,3.5391966023712616e-05,5.3087949035568924e-05,5.3087949035568924e-05
0.004884091311272341,3.5391966023712616e-05,5.3087949035568924e-05,5.3087949035568924e-05
0.005291098920545036,3.5391966023712616e-05,5.3087949035568924e-05,5.3087949035568924e-05
0.005698106529817731,3.5391966023712616e-05,5.3087949035568924e-05,5.3087949035568924e-05
0.006105114139090427,3.5391966023712616e-05,5.3087949035568924e-05,5.3087949035568924e-05
0.0065121217483631215,3.5391966023712616e-05,5.3087949035568924e-05,5.3087949035568924e-05
0.006919129357635816,3.5391966023712616e-05,5.3087949035568924e-05,5.3087949035568924e-05
0.007326136966908512,3.5391966023712616e-05,5.3087949035568924e-05,5.3087949035568924e-05
0.007733144576181207,3.5391966023712616e-05,5.3087949035568924e-05,5.3087949035568924e-05
0.008140152185453902,5.3087949035568924e-05,5.3087949035568924e-05,5.3087949035568924e-05
0.008547159794726597,5.3087949035568924e-05,5.3087949035568924e-05,5.3087949035568924e-05
0.008954167403999291,5.3087949035568924e-05,5.3087949035568924e-05,7.078393204742523e-05
0.009361175013271987,5.3087949035568924e-05,5.3087949035568924e-05,7.078393204742523e-05
0.009768182622544683,5.3087949035568924e-05,5.3087949035568924e-05,7.078393204742523e-05
0.010175190231817377,5.3087949035568924e-05,5.3087949035568924e-05,7.078393204742523e-05
0.010582197841090072,5.3087949035568924e-05,5.3087949035568924e-05,7.078393204742523e-05
0.010989205450362768,5.3087949035568924e-05,5.3087949035568924e-05,7.078393204742523e-05
0.011396213059635462,5.3087949035568924e-05,5.3087949035568924e-05,7.078393204742523e-05
0.011803220668908158,5.3087949035568924e-05,5.3087949035568924e-05,7.078393204742523e-05
0.012210228278180853,5.3087949035568924e-05,5.3087949035568924e-05,7.078393204742523e-05
0.012617235887453547,5.3087949035568924e-05,5.3087949035568924e-05,7.078393204742523e-05
0.013024243496726243,5.3087949035568924e-05,5.3087949035568924e-05,7.078393204742523e-05
0.013431251105998939,5.3087949035568924e-05,5.3087949035568924e-05,7.078393204742523e-05
0.013838258715271633,5.3087949035568924e-05,5.3087949035568924e-05,7.078393204742523e-05
0.014245266324544328,5.3087949035568924e-05,5.3087949035568924e-05,7.078393204742523e-05
0.014652273933817024,5.3087949035568924e-05,5.3087949035568924e-05,7.078393204742523e-05
0.015059281543089718,5.3087949035568924e-05,5.3087949035568924e-05,7.078393204742523e-05
0.015466289152362414,5.3087949035568924e-05,5.3087949035568924e-05,7.078393204742523e-05
0.015873296761635108,5.3087949035568924e-05,5.3087949035568924e-05,7.078393204742523e-05
0.016280304370907803,5.3087949035568924e-05,5.3087949035568924e-05,7.078393204742523e-05
0.0166873119801805,5.3087949035568924e-05,5.3087949035568924e-05,7.078393204742523e-05
0.017094319589453195,5.3087949035568924e-05,5.3087949035568924e-05,7.078393204742523e-05
0.01750132719872589,5.3087949035568924e-05,5.3087949035568924e-05,7.078393204742523e-05
0.017908334807998583,5.3087949035568924e-05,5.3087949035568924e-05,7.078393204742523e-05
0.01831534241727128,5.3087949035568924e-05,5.3087949035568924e-05,7.078393204742523e-05
0.018722350026543974,5.3087949035568924e-05,5.3087949035568924e-05,7.078393204742523e-05
0.01912935763581667,5.3087949035568924e-05,5.3087949035568924e-05,7.078393204742523e-05
0.019536365245089365,5.3087949035568924e-05,5.3087949035568924e-05,7.078393204742523e-05
0.01994337285436206,5.3087949035568924e-05,5.3087949035568924e-05,7.078393204742523e-05
0.020350380463634753,5.3087949035568924e-05,5.3087949035568924e-05,7.078393204742523e-05
0.02075738807290745,5.3087949035568924e-05,5.3087949035568924e-05,7.078393204742523e-05
0.021164395682180145,5.3087949035568924e-05,5.3087949035568924e-05,7.078393204742523e-05
0.02157140329145284,5.3087949035568924e-05,5.3087949035568924e-05,7.078393204742523e-05
0.021978410900725536,5.3087949035568924e-05,5.3087949035568924e-05,7.078393204742523e-05
0.022385418509998232,5.3087949035568924e-05,7.078393204742523e-05,7.078393204742523e-05
0.022792426119270924,5.3087949035568924e-05,7.078393204742523e-05,7.078393204742523e-05
0.02319943372854362,5.3087949035568924e-05,7.078393204742523e-05,7.078393204742523e-05
0.023606441337816315,5.3087949035568924e-05,7.078393204742523e-05,7.078393204742523e-05
0.02401344894708901,5.3087949035568924e-05,7.078393204742523e-05,7.078393204742523e-05
0.024420456556361707,5.3087949035568924e-05,7.078393204742523e-05,7.078393204742523e-05
0.024827464165634403,5.3087949035568924e-05,7.078393204742523e-05,7.078393204742523e-05
0.025234471774907095,5.3087949035568924e-05,7.078393204742523e-05,7.078393204742523e-05
0.02564147938417979,5.3087949035568924e-05,7.078393204742523e-05,7.078393204742523e-05
0.026048486993452486,5.3087949035568924e-05,7.078393204742523e-05,7.078393204742523e-05
0.026455494602725182,5.3087949035568924e-05,7.078393204742523e-05,7.078393204742523e-05
0.026862502211997877,5.3087949035568924e-05,7.078393204742523e-05,7.078393204742523e-05
0.027251813838258716,5.3087949035568924e-05,7.078393204742523e-05,7.078393204742523e-05
0.027641125464519554,5.3087949035568924e-05,7.078393204742523e-05,7.078393204742523e-05
0.028030437090780392,5.3087949035568924e-05,7.078393204742523e-05,7.078393204742523e-05
0.02841974871704123,5.3087949035568924e-05,7.078393204742523e-05,7.078393204742523e-05
0.02880906034330207,5.3087949035568924e-05,7.078393204742523e-05,8.449831888161397e-05
0.02919837196956291,5.3087949035568924e-05,7.078393204742523e-05,8.449831888161397e-05
0.029587683595823748,5.3087949035568924e-05,7.078393204742523e-05,8.449831888161397e-05
0.029976995222084586,5.3087949035568924e-05,7.078393204742523e-05,8.449831888161397e-05
0.030366306848345424,5.3087949035568924e-05,7.078393204742523e-05,8.449831888161397e-05
0.030755618474606266,5.3087949035568924e-05,7.078393204742523e-05,8.449831888161397e-05
0.031144930100867104,5.3087949035568924e-05,7.078393204742523e-05,8.449831888161397e-05
0.03153424172712794,5.3087949035568924e-05,7.078393204742523e-05,8.847991505928154e-05
0.031923553353388784,5.3087949035568924e-05,7.078393204742523e-05,8.847991505928154e-05
0.03231286497964962,5.3087949035568924e-05,7.078393204742523e-05,8.847991505928154e-05
0.03270217660591046,5.3087949035568924e-05,7.078393204742523e-05,8.847991505928154e-05
0.0330914882321713,5.3087949035568924e-05,7.078393204742523e-05,8.847991505928154e-05
0.033480799858432136,5.3087949035568924e-05,7.078393204742523e-05,8.847991505928154e-05
0.033870111484692975,5.3087949035568924e-05,7.078393204742523e-05,8.847991505928154e-05
0.03425942311095381,5.3087949035568924e-05,7.078393204742523e-05,8.847991505928154e-05
0.03464873473721465,5.3087949035568924e-05,7.078393204742523e-05,8.847991505928154e-05
0.03503804636347549,5.3087949035568924e-05,7.078393204742523e-05,8.847991505928154e-05
0.03542735798973633,5.3087949035568924e-05,7.078393204742523e-05,8.847991505928154e-05
0.035816669615997165,5.3087949035568924e-05,7.078393204742523e-05,8.847991505928154e-05
0.03620598124225801,5.3087949035568924e-05,7.078393204742523e-05,8.847991505928154e-05
0.03659529286851885,5.3087949035568924e-05,7.078393204742523e-05,8.847991505928154e-05
0.03698460449477969,5.3087949035568924e-05,7.078393204742523e-05,8.847991505928154e-05
0.037373916121040525,5.3087949035568924e-05,7.078393204742523e-05,8.847991505928154e-05
0.03776322774730136,5.3087949035568924e-05,7.078393204742523e-05,8.847991505928154e-05
0.0381525393735622,5.3087949035568924e-05,7.078393204742523e-05,8.847991505928154e-05
0.03854185099982304,7.078393204742523e-05,7.078393204742523e-05,8.847991505928154e-05
0.03893116262608388,7.078393204742523e-05,7.078393204742523e-05,8.847991505928154e-05
0.039320474252344716,7.078393204742523e-05,7.078393204742523e-05,8.847991505928154e-05
0.039709785878605554,7.078393204742523e-05,7.078393204742523e-05,8.847991505928154e-05
0.04009909750486639,7.078393204742523e-05,7.078393204742523e-05,8.847991505928154e-05
0.04048840913112724,7.078393204742523e-05,7.078393204742523e-05,8.847991505928154e-05
0.040877720757388075,7.078393204742523e-05,7.078393204742523e-05,8.847991505928154e-05
0.04126703238364891,7.078393204742523e-05,7.078393204742523e-05,8.847991505928154e-05
0.04165634400990975,7.078393204742523e-05,7.078393204742523e-05,8.847991505928154e-05
0.04204565563617059,7.078393204742523e-05,7.078393204742523e-05,8.847991505928154e-05
0.04243496726243143,7.078393204742523e-05,7.078393204742523e-05,8.847991505928154e-05
0.042824278888692266,7.078393204742523e-05,7.078393204742523e-05,8.847991505928154e-05
0.043213590514953104,7.078393204742523e-05,7.078393204742523e-05,8.847991505928154e-05
0.04360290214121394,7.078393204742523e-05,7.078393204742523e-05,8.847991505928154e-05
0.04399221376747478,7.078393204742523e-05,7.078393204742523e-05,8.847991505928154e-05
0.04438152539373562,7.078393204742523e-05,7.078393204742523e-05,8.847991505928154e-05
0.044770837019996464,7.078393204742523e-05,7.078393204742523e-05,8.847991505928154e-05
0.0451601486462573,7.078393204742523e-05,7.078393204742523e-05,8.847991505928154e-05
0.04554946027251814,7.078393204742523e-05,7.078393204742523e-05,8.847991505928154e-05
0.04593877189877898,7.078393204742523e-05,7.078393204742523e-05,8.847991505928154e-05
0.046328083525039816,7.078393204742523e-05,7.078393204742523e-05,8.847991505928154e-05
0.046717395151300654,7.078393204742523e-05,7.078393204742523e-05,8.847991505928154e-05
0.04710670677756149,7.078393204742523e-05,7.078393204742523e-05,8.847991505928154e-05
0.04749601840382233,7.078393204742523e-05,7.078393204742523e-05,8.847991505928154e-05
0.04788533003008317,7.078393204742523e-05,7.078393204742523e-05,8.847991505928154e-05
0.04827464165634401,7.078393204742523e-05,7.078393204742523e-05,8.847991505928154e-05
0.04866395328260485,7.078393204742523e-05,7.078393204742523e-05,8.847991505928154e-05
0.04905326490886569,7.078393204742523e-05,7.078393204742523e-05,8.847991505928154e-05
0.04944257653512653,7.078393204742523e-05,7.078393204742523e-05,8.847991505928154e-05
0.04983188816138737,7.078393204742523e-05,7.078393204742523e-05,8.847991505928154e-05
0.050221199787648205,7.078393204742523e-05,7.078393204742523e-05,8.847991505928154e-05
0.05061051141390904,7.078393204742523e-05,7.078393204742523e-05,8.847991505928154e-05
0.05099982304016988,7.078393204742523e-05,7.078393204742523e-05,8.847991505928154e-05
0.05138913466643072,7.078393204742523e-05,7.078393204742523e-05,8.847991505928154e-05
0.05177844629269156,7.078393204742523e-05,7.078393204742523e-05,8.847991505928154e-05
0.052167757918952395,7.078393204742523e-05,7.078393204742523e-05,8.847991505928154e-05
0.052557069545213234,7.078393204742523e-05,7.078393204742523e-05,8.847991505928154e-05
0.05294638117147408,7.078393204742523e-05,7.078393204742523e-05,8.847991505928154e-05
0.05333569279773492,7.078393204742523e-05,7.078393204742523e-05,8.847991505928154e-05
0.053725004423995755,7.078393204742523e-05,7.078393204742523e-05,8.847991505928154e-05
0.05411431605025659,7.078393204742523e-05,7.078393204742523e-05,8.847991505928154e-05
0.05450362767651743,7.078393204742523e-05,7.078393204742523e-05,8.847991505928154e-05
0.05489293930277827,7.078393204742523e-05,7.078393204742523e-05,8.847991505928154e-05
0.05528225092903911,7.078393204742523e-05,7.078393204742523e-05,8.847991505928154e-05
0.055671562555299946,7.078393204742523e-05,7.078393204742523e-05,8.847991505928154e-05
0.056060874181560784,7.078393204742523e-05,7.078393204742523e-05,0.00010617589807113785
0.05645018580782162,7.078393204742523e-05,7.078393204742523e-05,0.00010617589807113785
0.05683949743408246,7.078393204742523e-05,7.078393204742523e-05,0.00010617589807113785
0.057228809060343305,7.078393204742523e-05,7.078393204742523e-05,0.00010617589807113785
0.05761812068660414,7.078393204742523e-05,7.078393204742523e-05,0.00010617589807113785
0.05800743231286498,7.078393204742523e-05,7.078393204742523e-05,0.00010617589807113785
0.05839674393912582,7.078393204742523e-05,7.078393204742523e-05,0.00010617589807113785
0.05878605556538666,7.078393204742523e-05,7.078393204742523e-05,0.00010617589807113785
0.059175367191647496,7.078393204742523e-05,7.078393204742523e-05,0.00010617589807113785
0.059564678817908334,7.078393204742523e-05,7.078393204742523e-05,0.00010617589807113785
0.05995399044416917,7.078393204742523e-05,7.963192355335338e-05,0.00010617589807113785
0.06034330207043001,7.078393204742523e-05,8.847991505928154e-05,0.00010617589807113785
0.06073261369669085,7.078393204742523e-05,8.847991505928154e-05,0.00010617589807113785
0.06112192532295169,7.078393204742523e-05,8.847991505928154e-05,0.00010617589807113785
0.06151123694921253,7.078393204742523e-05,8.847991505928154e-05,0.00010617589807113785
0.06190054857547337,7.078393204742523e-05,8.847991505928154e-05,0.00010617589807113785
0.06228986020173421,7.078393204742523e-05,8.847991505928154e-05,0.00010617589807113785
0.06267917182799504,7.078393204742523e-05,8.847991505928154e-05,0.00010617589807113785
0.06306848345425588,7.078393204742523e-05,8.847991505928154e-05,0.00010617589807113785
0.06345779508051673,7.078393204742523e-05,8.847991505928154e-05,0.00010617589807113785
0.06384710670677757,7.078393204742523e-05,8.847991505928154e-05,0.00010617589807113785
0.0642364183330384,7.078393204742523e-05,8.847991505928154e-05,0.00010617589807113785
0.06462572995929924,7.078393204742523e-05,8.847991505928154e-05,0.00010617589807113785
0.06501504158556008,7.078393204742523e-05,8.847991505928154e-05,0.00010617589807113785
0.06540435321182092,7.078393204742523e-05,8.847991505928154e-05,0.00010617589807113785
0.06579366483808176,7.078393204742523e-05,8.847991505928154e-05,0.00010617589807113785
0.0661829764643426,7.078393204742523e-05,8.847991505928154e-05,0.00010617589807113785
0.06657228809060343,7.078393204742523e-05,8.847991505928154e-05,0.00010617589807113785
0.06696159971686427,7.078393204742523e-05,8.847991505928154e-05,0.00010617589807113785
0.06735091134312511,7.078393204742523e-05,8.847991505928154e-05,0.00010617589807113785
0.06774022296938595,7.078393204742523e-05,8.847991505928154e-05,0.00010617589807113785
0.06812953459564679,7.078393204742523e-05,8.847991505928154e-05,0.00010617589807113785
0.06851884622190763,7.078393204742523e-05,8.847991505928154e-05,0.00010617589807113785
0.06890815784816846,7.078393204742523e-05,8.847991505928154e-05,0.00010617589807113785
0.0692974694744293,7.078393204742523e-05,8.847991505928154e-05,0.00010617589807113785
0.06968678110069014,7.078393204742523e-05,8.847991505928154e-05,0.00010617589807113785
0.07007609272695098,7.078393204742523e-05,8.847991505928154e-05,0.00010617589807113785
0.07046540435321182,7.078393204742523e-05,8.847991505928154e-05,0.00010617589807113785
0.07085471597947265,7.078393204742523e-05,8.847991505928154e-05,0.00010617589807113785
0.07124402760573349,7.078393204742523e-05,8.847991505928154e-05,0.00010617589807113785
0.07161564324898248,7.078393204742523e-05,8.847991505928154e-05,0.00010617589807113785
0.07198725889223147,7.078393204742523e-05,8.847991505928154e-05,0.00010617589807113785
0.07235887453548044,7.078393204742523e-05,8.847991505928154e-05,0.00010617589807113785
0.07273049017872943,7.078393204742523e-05,8.847991505928154e-05,0.00010617589807113785
0.07310210582197842,7.078393204742523e-05,8.847991505928154e-05,0.00010617589807113785
0.07347372146522739,7.078393204742523e-05,8.847991505928154e-05,0.00010617589807113785
0.07384533710847638,7.078393204742523e-05,8.847991505928154e-05,0.00010617589807113785
0.07421695275172537,7.078393204742523e-05,8.847991505928154e-05,0.00010617589807113785
0.07458856839497434,7.078393204742523e-05,8.847991505928154e-05,0.00010617589807113785
0.07496018403822333,7.078393204742523e-05,8.847991505928154e-05,0.00010617589807113785
0.0753317996814723,7.078393204742523e-05,8.847991505928154e-05,0.00010617589807113785
0.07570341532472129,7.078393204742523e-05,8.847991505928154e-05,0.00010617589807113785
0.07607503096797028,7.078393204742523e-05,8.847991505928154e-05,0.00010617589807113785
0.07644664661121925,7.078393204742523e-05,8.847991505928154e-05,0.00010617589807113785
0.07681826225446824,7.078393204742523e-05,8.847991505928154e-05,0.00010617589807113785
0.07718987789771722,7.078393204742523e-05,8.847991505928154e-05,0.00010617589807113785
0.0775614935409662,7.078393204742523e-05,8.847991505928154e-05,0.00010617589807113785
0.07793310918421519,7.078393204742523e-05,8.847991505928154e-05,0.00010617589807113785
0.07830472482746416,7.078393204742523e-05,8.847991505928154e-05,0.00010617589807113785
0.07867634047071315,7.078393204742523e-05,8.847991505928154e-05,0.00010617589807113785
0.07904795611396213,7.078393204742523e-05,8.847991505928154e-05,0.00010617589807113785
0.07941957175721111,7.078393204742523e-05,8.847991505928154e-05,0.00010617589807113785
0.0797911874004601,7.078393204742523e-05,8.847991505928154e-05,0.00010617589807113785
0.08016280304370908,7.078393204742523e-05,8.847991505928154e-05,0.00010617589807113785
0.08053441868695806,7.078393204742523e-05,8.847991505928154e-05,0.00010617589807113785
0.08090603433020704,7.078393204742523e-05,8.847991505928154e-05,0.00010617589807113785
0.08127764997345603,7.078393204742523e-05,8.847991505928154e-05,0.00010617589807113785
0.081649265616705,7.078393204742523e-05,8.847991505928154e-05,0.00010617589807113785
0.08202088125995399,7.078393204742523e-05,8.847991505928154e-05,0.00010617589807113785
0.08239249690320297,7.078393204742523e-05,8.847991505928154e-05,0.00010617589807113785
0.08276411254645195,7.078393204742523e-05,8.847991505928154e-05,0.00010617589807113785
0.08313572818970094,7.078393204742523e-05,8.847991505928154e-05,0.00010617589807113785
0.08350734383294992,7.078393204742523e-05,8.847991505928154e-05,0.00010617589807113785
0.0838789594761989,7.078393204742523e-05,8.847991505928154e-05,0.00010617589807113785
0.08425057511944789,7.078393204742523e-05,8.847991505928154e-05,0.00010617589807113785
0.08462219076269686,7.078393204742523e-05,8.847991505928154e-05,0.00010617589807113785
0.08499380640594585,7.078393204742523e-05,8.847991505928154e-05,0.00010617589807113785
0.08536542204919484,7.078393204742523e-05,8.847991505928154e-05,0.00010617589807113785
0.08573703769244381,7.078393204742523e-05,8.847991505928154e-05,0.00010617589807113785
0.0861086533356928,7.078393204742523e-05,8.847991505928154e-05,0.00010617589807113785
0.08648026897894177,7.078393204742523e-05,8.847991505928154e-05,0.00010617589807113785
0.08685188462219076,7.078393204742523e-05,8.847991505928154e-05,0.00010617589807113785
0.08722350026543975,7.078393204742523e-05,8.847991505928154e-05,0.00010617589807113785
0.08759511590868872,7.078393204742523e-05,8.847991505928154e-05,0.00010617589807113785
0.08796673155193771,7.078393204742523e-05,8.847991505928154e-05,0.00010617589807113785
0.0883383471951867,7.078393204742523e-05,8.847991505928154e-05,0.00010617589807113785
0.08870996283843567,7.47655282250929e-05,8.847991505928154e-05,0.00010617589807113785
0.08908157848168466,7.47655282250929e-05,8.847991505928154e-05,0.00010617589807113785
0.08945319412493365,7.47655282250929e-05,8.847991505928154e-05,0.00010617589807113785
0.08982480976818262,7.47655282250929e-05,8.847991505928154e-05,0.00010617589807113785
0.09019642541143161,7.47655282250929e-05,8.847991505928154e-05,0.00010617589807113785
0.09056804105468058,8.847991505928154e-05,8.847991505928154e-05,0.00010617589807113785
0.09093965669792957,8.847991505928154e-05,8.847991505928154e-05,0.00010617589807113785
0.09131127234117856,8.847991505928154e-05,8.847991505928154e-05,0.00010617589807113785
0.09168288798442753,8.847991505928154e-05,8.847991505928154e-05,0.00010617589807113785
0.09205450362767652,8.847991505928154e-05,8.847991505928154e-05,0.00010617589807113785
0.0924261192709255,8.847991505928154e-05,8.847991505928154e-05,0.00010617589807113785
0.09279773491417448,8.847991505928154e-05,8.847991505928154e-05,0.00010617589807113785
0.09316935055742347,8.847991505928154e-05,8.847991505928154e-05,0.00010617589807113785
0.09354096620067245,8.847991505928154e-05,8.847991505928154e-05,0.00010617589807113785
0.09391258184392143,8.847991505928154e-05,8.847991505928154e-05,0.00010617589807113785
0.09428419748717042,8.847991505928154e-05,8.847991505928154e-05,0.00010617589807113785
0.09465581313041939,8.847991505928154e-05,8.847991505928154e-05,0.00010617589807113785
0.09502742877366838,8.847991505928154e-05,8.847991505928154e-05,0.00010617589807113785
0.09539904441691736,8.847991505928154e-05,8.847991505928154e-05,0.00010617589807113785
0.09577066006016634,8.847991505928154e-05,8.847991505928154e-05,0.00010617589807113785
0.09614227570341533,8.847991505928154e-05,8.847991505928154e-05,0.00010617589807113785
0.09651389134666431,8.847991505928154e-05,8.847991505928154e-05,0.00010617589807113785
0.09688550698991329,8.847991505928154e-05,8.847991505928154e-05,0.00010617589807113785
0.09725712263316227,8.847991505928154e-05,8.847991505928154e-05,0.00010617589807113785
0.09762873827641126,8.847991505928154e-05,8.847991505928154e-05,0.00010617589807113785
0.09800035391966024,8.847991505928154e-05,8.847991505928154e-05,0.00010617589807113785
0.09837196956290922,8.847991505928154e-05,8.847991505928154e-05,0.00010617589807113785
0.0987435852061582,8.847991505928154e-05,8.847991505928154e-05,0.00011989028490532659
0.09911520084940718,8.847991505928154e-05,8.847991505928154e-05,0.00011989028490532659
0.09948681649265617,8.847991505928154e-05,8.847991505928154e-05,0.00011989028490532659
0.09985843213590515,8.847991505928154e-05,8.847991505928154e-05,0.00011989028490532659
0.10023004777915413,8.847991505928154e-05,8.847991505928154e-05,0.00011989028490532659
0.10060166342240312,8.847991505928154e-05,8.847991505928154e-05,0.00011989028490532659
0.1009732790656521,8.847991505928154e-05,8.847991505928154e-05,0.00011989028490532659
0.10134489470890108,8.847991505928154e-05,8.847991505928154e-05,0.00012387188108299417
0.10171651035215006,8.847991505928154e-05,8.847991505928154e-05,0.00012387188108299417
0.10208812599539904,8.847991505928154e-05,8.847991505928154e-05,0.00012387188108299417
0.10245974163864803,8.847991505928154e-05,8.847991505928154e-05,0.00012387188108299417
0.102831357281897,8.847991505928154e-05,8.847991505928154e-05,0.00012387188108299417
0.10320297292514599,8.847991505928154e-05,8.847991505928154e-05,0.00012387188108299417
0.10357458856839498,8.847991505928154e-05,8.847991505928154e-05,0.00012387188108299417
0.10394620421164395,8.847991505928154e-05,9.73279065652097e-05,0.00012387188108299417
0.10431781985489294,8.847991505928154e-05,0.00010617589807113785,0.00012387188108299417
0.10468943549814193,8.847991505928154e-05,0.00010617589807113785,0.00012387188108299417
0.1050610511413909,8.847991505928154e-05,0.00010617589807113785,0.00012387188108299417
0.10543266678463989,8.847991505928154e-05,0.00010617589807113785,0.00012387188108299417
0.10580428242788886,8.847991505928154e-05,0.00010617589807113785,0.00012387188108299417
0.10617589807113785,8.847991505928154e-05,0.00010617589807113785,0.00012387188108299417
0.10654751371438684,8.847991505928154e-05,0.00010617589807113785,0.00012387188108299417
0.10691912935763581,8.847991505928154e-05,0.00010617589807113785,0.00012387188108299417
0.1072907450008848,8.847991505928154e-05,0.00010617589807113785,0.00012387188108299417
0.10766236064413379,8.847991505928154e-05,0.00010617589807113785,0.00012387188108299417
0.10803397628738276,8.847991505928154e-05,0.00010617589807113785,0.00012387188108299417
0.10840559193063175,8.847991505928154e-05,0.00010617589807113785,0.00012387188108299417
0.10877720757388074,8.847991505928154e-05,0.00010617589807113785,0.00012387188108299417
0.10914882321712971,8.847991505928154e-05,0.00010617589807113785,0.00012387188108299417
0.1095204388603787,8.847991505928154e-05,0.00010617589807113785,0.00012387188108299417
0.10989205450362767,8.847991505928154e-05,0.00010617589807113785,0.00012387188108299417
0.11026367014687666,8.847991505928154e-05,0.00010617589807113785,0.00012387188108299417
0.11063528579012565,8.847991505928154e-05,0.00010617589807113785,0.00012387188108299417
0.11100690143337462,8.847991505928154e-05,0.00010617589807113785,0.00012387188108299417
0.1113785170766236,8.847991505928154e-05,0.00010617589807113785,0.00012387188108299417
0.1117501327198726,8.847991505928154e-05,0.00010617589807113785,0.00012387188108299417
0.11212174836312157,8.847991505928154e-05,0.00010617589807113785,0.00012387188108299417
0.11249336400637056,8.847991505928154e-05,0.00010617589807113785,0.00012387188108299417
0.11286497964961954,8.847991505928154e-05,0.00010617589807113785,0.00012387188108299417
0.11323659529286852,8.847991505928154e-05,0.00010617589807113785,0.00012387188108299417
0.1136082109361175,8.847991505928154e-05,0.00010617589807113785,0.00012387188108299417
0.11397982657936648,8.847991505928154e-05,0.00010617589807113785,0.00012387188108299417
0.11435144222261547,8.847991505928154e-05,0.00010617589807113785,0.00012387188108299417
0.11472305786586445,8.847991505928154e-05,0.00010617589807113785,0.00012387188108299417
0.11509467350911343,8.847991505928154e-05,0.00010617589807113785,0.00012387188108299417
0.11546628915236241,8.847991505928154e-05,0.00010617589807113785,0.00012387188108299417
0.11582020881259954,8.847991505928154e-05,0.00010617589807113785,0.00012387188108299417
0.11617412847283666,8.847991505928154e-05,0.00010617589807113785,0.00012387188108299417
0.1165280481330738,8.847991505928154e-05,0.00010617589807113785,0.00012387188108299417
0.11688196779331092,8.847991505928154e-05,0.00010617589807113785,0.00012387188108299417
0.11723588745354804,8.847991505928154e-05,0.00010617589807113785,0.00012387188108299417
0.11758980711378517,8.847991505928154e-05,0.00010617589807113785,0.00012387188108299417
0.1179437267740223,8.847991505928154e-05,0.00010617589807113785,0.00012387188108299417
0.11829764643425943,8.847991505928154e-05,0.00010617589807113785,0.00012387188108299417
0.11865156609449655,8.847991505928154e-05,0.00010617589807113785,0.00012387188108299417
0.11900548575473367,8.847991505928154e-05,0.00010617589807113785,0.00012387188108299417
0.1193594054149708,8.847991505928154e-05,0.00010617589807113785,0.00012387188108299417
0.11971332507520793,8.847991505928154e-05,0.00010617589807113785,0.00012387188108299417
0.12006724473544506,8.847991505928154e-05,0.00010617589807113785,0.00012387188108299417
0.12042116439568218,8.847991505928154e-05,0.00010617589807113785,0.00013758626791718289
0.1207750840559193,8.847991505928154e-05,0.00010617589807113785,0.00013758626791718289
0.12112900371615644,8.847991505928154e-05,0.00010617589807113785,0.00013758626791718289
0.12148292337639356,8.847991505928154e-05,0.00010617589807113785,0.00013758626791718289
0.12183684303663068,8.847991505928154e-05,0.00010617589807113785,0.00013758626791718289
0.12219076269686781,8.847991505928154e-05,0.00010617589807113785,0.00013758626791718289
0.12254468235710493,8.847991505928154e-05,0.00010617589807113785,0.00013758626791718289
0.12289860201734207,8.847991505928154e-05,0.00010617589807113785,0.00013758626791718289
0.12325252167757919,8.847991505928154e-05,0.00010617589807113785,0.00013758626791718289
0.12360644133781631,8.847991505928154e-05,0.00010617589807113785,0.00013758626791718289
0.12396036099805344,8.847991505928154e-05,0.00010617589807113785,0.00013758626791718289
0.12431428065829057,8.847991505928154e-05,0.00010617589807113785,0.00013758626791718289
0.1246682003185277,8.847991505928154e-05,0.00010617589807113785,0.00013758626791718289
0.12502211997876483,8.847991505928154e-05,0.00010617589807113785,0.00013758626791718289
0.12537603963900196,8.847991505928154e-05,0.00010617589807113785,0.00013758626791718289
0.12572995929923908,8.847991505928154e-05,0.00010617589807113785,0.00013758626791718289
0.1260838789594762,8.847991505928154e-05,0.00010617589807113785,0.00013758626791718289
0.12643779861971333,8.847991505928154e-05,0.00010617589807113785,0.00014156786409485046
0.12679171827995045,8.847991505928154e-05,0.00010617589807113785,0.00014156786409485046
0.12714563794018757,8.847991505928154e-05,0.00010617589807113785,0.00014156786409485046
0.1274995576004247,8.847991505928154e-05,0.00010617589807113785,0.00014156786409485046
0.12785347726066182,8.847991505928154e-05,0.00010617589807113785,0.00014156786409485046
0.12820739692089897,8.847991505928154e-05,0.00010617589807113785,0.00014156786409485046
0.1285613165811361,8.847991505928154e-05,0.00010617589807113785,0.00014156786409485046
0.12891523624137322,8.847991505928154e-05,0.00010617589807113785,0.00014156786409485046
0.12926915590161034,8.847991505928154e-05,0.00010617589807113785,0.00014156786409485046
0.12962307556184746,8.847991505928154e-05,0.00010617589807113785,0.00014156786409485046
0.12997699522208458,8.847991505928154e-05,0.00010617589807113785,0.00014156786409485046
0.1303309148823217,8.847991505928154e-05,0.00010617589807113785,0.00014156786409485046
0.13068483454255883,8.847991505928154e-05,0.00010617589807113785,0.00014156786409485046
0.13103875420279595,8.847991505928154e-05,0.00010617589807113785,0.00014156786409485046
0.1313926738630331,8.847991505928154e-05,0.00010617589807113785,0.00014156786409485046
0.13174659352327023,8.847991505928154e-05,0.00010617589807113785,0.00014156786409485046
0.13210051318350735,8.847991505928154e-05,0.00010617589807113785,0.00014156786409485046
0.13245443284374447,8.847991505928154e-05,0.00010617589807113785,0.00014156786409485046
0.1328083525039816,8.847991505928154e-05,0.00010617589807113785,0.00014156786409485046
0.13316227216421872,8.847991505928154e-05,0.00010617589807113785,0.00014156786409485046
0.13351619182445584,8.847991505928154e-05,0.00010617589807113785,0.00014156786409485046
0.13387011148469297,8.847991505928154e-05,0.00010617589807113785,0.00014156786409485046
0.1342240311449301,8.847991505928154e-05,0.00010617589807113785,0.00014156786409485046
0.13457795080516724,8.847991505928154e-05,0.00010617589807113785,0.00014156786409485046
0.13493187046540436,8.847991505928154e-05,0.00010617589807113785,0.00014156786409485046
0.1352857901256415,8.847991505928154e-05,0.00010617589807113785,0.00014156786409485046
0.1356397097858786,8.847991505928154e-05,0.00010617589807113785,0.00014156786409485046
0.13599362944611573,8.847991505928154e-05,0.00010617589807113785,0.00014156786409485046
0.13634754910635286,8.847991505928154e-05,0.00010617589807113785,0.00014156786409485046
0.13670146876658998,8.847991505928154e-05,0.00010617589807113785,0.00014156786409485046
0.1370553884268271,8.847991505928154e-05,0.00010617589807113785,0.00014156786409485046
0.13740930808706422,8.847991505928154e-05,0.00010617589807113785,0.00014156786409485046
0.13776322774730138,8.847991505928154e-05,0.00010617589807113785,0.00014156786409485046
0.1381171474075385,8.847991505928154e-05,0.00010617589807113785,0.00014156786409485046
0.13847106706777562,8.847991505928154e-05,0.00010617589807113785,0.00014156786409485046
0.13882498672801274,8.847991505928154e-05,0.00010617589807113785,0.00014156786409485046
0.13917890638824987,8.847991505928154e-05,0.00010617589807113785,0.00014156786409485046
0.139532826048487,9.246151123694921e-05,0.00010617589807113785,0.00014156786409485046
0.13988674570872411,0.00010617589807113785,0.00010617589807113785,0.00014156786409485046
0.14024066536896124,0.00010617589807113785,0.00010617589807113785,0.00014156786409485046
0.14059458502919836,0.00010617589807113785,0.00010617589807113785,0.00014156786409485046
0.1409485046894355,0.00010617589807113785,0.00010617589807113785,0.00014156786409485046
0.14130242434967263,0.00010617589807113785,0.00010617589807113785,0.00014156786409485046
0.14165634400990976,0.00010617589807113785,0.00010617589807113785,0.00014156786409485046
0.14201026367014688,0.00010617589807113785,0.00010617589807113785,0.00014156786409485046
0.142364183330384,0.00010617589807113785,0.00010617589807113785,0.00014156786409485046
0.14271810299062113,0.00010617589807113785,0.00010617589807113785,0.00014156786409485046
0.14307202265085825,0.00010617589807113785,0.00010617589807113785,0.00014156786409485046
0.14342594231109537,0.00010617589807113785,0.00010617589807113785,0.00014156786409485046
0.1437798619713325,0.00010617589807113785,0.00010617589807113785,0.00014156786409485046
0.14413378163156965,0.00010617589807113785,0.00010617589807113785,0.00014156786409485046
0.14448770129180677,0.00010617589807113785,0.00010617589807113785,0.00014156786409485046
0.1448416209520439,0.00010617589807113785,0.00010617589807113785,0.00014156786409485046
0.14519554061228102,0.00010617589807113785,0.00010617589807113785,0.00014156786409485046
0.14554946027251814,0.00010617589807113785,0.00010617589807113785,0.00014156786409485046
0.14590337993275526,0.00010617589807113785,0.00010617589807113785,0.00014156786409485046
0.14625729959299238,0.00010617589807113785,0.00010617589807113785,0.00014156786409485046
0.1466112192532295,0.00010617589807113785,0.00010617589807113785,0.00014156786409485046
0.14696513891346663,0.00010617589807113785,0.00010617589807113785,0.00014156786409485046
0.14731905857370378,0.00010617589807113785,0.00010617589807113785,0.00014156786409485046
0.1476729782339409,0.00010617589807113785,0.00010617589807113785,0.00014156786409485046
0.14802689789417803,0.00010617589807113785,0.00010617589807113785,0.00014156786409485046
0.14838081755441515,0.00010617589807113785,0.00010617589807113785,0.00014156786409485046
0.14873473721465227,0.00010617589807113785,0.00010617589807113785,0.00014156786409485046
0.1490886568748894,0.00010617589807113785,0.00010617589807113785,0.00014156786409485046
0.14944257653512652,0.00010617589807113785,0.00010617589807113785,0.00014156786409485046
0.14979649619536364,0.00010617589807113785,0.00010617589807113785,0.00014156786409485046
0.15015041585560077,0.00010617589807113785,0.00010617589807113785,0.00014156786409485046
0.15050433551583792,0.00010617589807113785,0.00010617589807113785,0.00014156786409485046
0.15085825517607504,0.00010617589807113785,0.00010617589807113785,0.00014156786409485046
0.15121217483631216,0.00010617589807113785,0.00010617589807113785,0.00014156786409485046
0.1515660944965493,0.00010617589807113785,0.00010617589807113785,0.00014156786409485046
0.1519200141567864,0.00010617589807113785,0.00010617589807113785,0.00014156786409485046
0.15227393381702353,0.00010617589807113785,0.00012387188108299417,0.00014156786409485046
0.15262785347726066,0.00010617589807113785,0.00012387188108299417,0.00014156786409485046
0.15298177313749778,0.00010617589807113785,0.00012387188108299417,0.00014156786409485046
0.1533356927977349,0.00010617589807113785,0.00012387188108299417,0.00014156786409485046
0.15368961245797205,0.00010617589807113785,0.00012387188108299417,0.00014156786409485046
0.15404353211820918,0.00010617589807113785,0.00012387188108299417,0.00014156786409485046
0.1543974517784463,0.00010617589807113785,0.00012387188108299417,0.00014156786409485046
0.15475137143868342,0.00010617589807113785,0.00012387188108299417,0.00014156786409485046
0.15510529109892054,0.00010617589807113785,0.00012387188108299417,0.00014156786409485046
0.15545921075915767,0.00010617589807113785,0.00012387188108299417,0.00014156786409485046
0.1558131304193948,0.00010617589807113785,0.00012387188108299417,0.00014156786409485046
0.1561670500796319,0.00010617589807113785,0.00012387188108299417,0.00014156786409485046
0.15652096973986904,0.00010617589807113785,0.00012387188108299417,0.00014156786409485046
0.1568748894001062,0.00010617589807113785,0.00012387188108299417,0.00014156786409485046
0.1572288090603433,0.00010617589807113785,0.00012387188108299417,0.00014156786409485046
0.15758272872058043,0.00010617589807113785,0.00012387188108299417,0.00014156786409485046
0.15793664838081756,0.00010617589807113785,0.00012387188108299417,0.00014156786409485046
0.15829056804105468,0.00010617589807113785,0.00012387188108299417,0.00014156786409485046
0.1586444877012918,0.00010617589807113785,0.00012387188108299417,0.00014156786409485046
0.15899840736152893,0.00010617589807113785,0.00012387188108299417,0.00014156786409485046
0.15935232702176605,0.00010617589807113785,0.00012387188108299417,0.00014156786409485046
0.15970624668200317,0.00010617589807113785,0.00012387188108299417,0.00014156786409485046
0.16004247035922844,0.00010617589807113785,0.00012387188108299417,0.00014156786409485046
0.16037869403645372,0.00010617589807113785,0.00012387188108299417,0.00014156786409485046
0.160714917713679,0.00010617589807113785,0.00012387188108299417,0.00014156786409485046
0.16105114139090426,0.00010617589807113785,0.00012387188108299417,0.00014156786409485046
0.16138736506812953,0.00010617589807113785,0.00012387188108299417,0.00014156786409485046
0.1617235887453548,0.00010617589807113785,0.00012387188108299417,0.00014156786409485046
0.16205981242258008,0.00010617589807113785,0.00012387188108299417,0.00014156786409485046
0.16239603609980535,0.00010617589807113785,0.00012387188108299417,0.00014156786409485046
0.16273225977703062,0.00010617589807113785,0.00012387188108299417,0.00014156786409485046
0.1630684834542559,0.00010617589807113785,0.00012387188108299417,0.00014156786409485046
0.16340470713148114,0.00010617589807113785,0.00012387188108299417,0.00014156786409485046
0.16374093080870641,0.00010617589807113785,0.00012387188108299417,0.00014156786409485046
0.1640771544859317,0.00010617589807113785,0.00012387188108299417,0.00014156786409485046
0.16441337816315696,0.00010617589807113785,0.00012387188108299417,0.00014156786409485046
0.16474960184038223,0.00010617589807113785,0.00012387188108299417,0.00014156786409485046
0.1650858255176075,0.00010617589807113785,0.00012387188108299417,0.00014156786409485046
0.16542204919483278,0.00010617589807113785,0.00012387188108299417,0.00014156786409485046
0.16575827287205805,0.00010617589807113785,0.00012387188108299417,0.00014156786409485046
0.16609449654928332,0.00010617589807113785,0.00012387188108299417,0.00014156786409485046
0.1664307202265086,0.00010617589807113785,0.00012387188108299417,0.00014156786409485046
0.16676694390373384,0.00010617589807113785,0.00012387188108299417,0.00014156786409485046
0.1671031675809591,0.00010617589807113785,0.00012387188108299417,0.00014156786409485046
0.16743939125818438,0.00010617589807113785,0.00012387188108299417,0.00014156786409485046
0.16777561493540966,0.00010617589807113785,0.00012387188108299417,0.00014156786409485046
0.16811183861263493,0.00010617589807113785,0.00012387188108299417,0.00014156786409485046
0.1684480622898602,0.00010617589807113785,0.00012387188108299417,0.00014156786409485046
0.16878428596708547,0.00010617589807113785,0.00012387188108299417,0.00014156786409485046
0.16912050964431075,0.00010617589807113785,0.00012387188108299417,0.00014156786409485046
0.16945673332153602,0.00010617589807113785,0.00012387188108299417,0.0001552822509290392
0.1697929569987613,0.00010617589807113785,0.00012387188108299417,0.0001552822509290392
0.17012918067598656,0.00010617589807113785,0.00012387188108299417,0.0001552822509290392
0.1704654043532118,0.00010617589807113785,0.00012387188108299417,0.0001552822509290392
0.17080162803043708,0.00010617589807113785,0.00012387188108299417,0.0001552822509290392
0.17113785170766235,0.00010617589807113785,0.00012387188108299417,0.0001552822509290392
0.17147407538488763,0.00010617589807113785,0.00012387188108299417,0.0001552822509290392
0.1718102990621129,0.00010617589807113785,0.00012387188108299417,0.0001552822509290392
0.17214652273933817,0.00010617589807113785,0.00012387188108299417,0.0001552822509290392
0.17248274641656344,0.00010617589807113785,0.00012387188108299417,0.0001552822509290392
0.17281897009378872,0.00010617589807113785,0.00012387188108299417,0.0001552822509290392
0.173155193771014,0.00010617589807113785,0.00012387188108299417,0.0001552822509290392
0.17349141744823926,0.00010617589807113785,0.00012387188108299417,0.0001552822509290392
0.17382764112546453,0.00010617589807113785,0.00012387188108299417,0.0001552822509290392
0.17416386480268978,0.00010617589807113785,0.00012387188108299417,0.0001552822509290392
0.17450008847991505,0.00010617589807113785,0.00012387188108299417,0.0001552822509290392
0.17483631215714032,0.00010617589807113785,0.00012387188108299417,0.00015926384710670678
0.1751725358343656,0.00010617589807113785,0.00012387188108299417,0.00015926384710670678
0.17550875951159087,0.00010617589807113785,0.00012387188108299417,0.00015926384710670678
0.17584498318881614,0.00010617589807113785,0.00012387188108299417,0.00015926384710670678
0.1761812068660414,0.00010617589807113785,0.00012387188108299417,0.00015926384710670678
0.17651743054326668,0.00010617589807113785,0.00012387188108299417,0.00015926384710670678
0.17685365422049196,0.00010617589807113785,0.00012387188108299417,0.00015926384710670678
0.17718987789771723,0.00010617589807113785,0.00012387188108299417,0.00015926384710670678
0.17752610157494247,0.00010617589807113785,0.00012387188108299417,0.00015926384710670678
0.17786232525216775,0.00010617589807113785,0.00012387188108299417,0.00015926384710670678
0.17819854892939302,0.00010617589807113785,0.00012387188108299417,0.00015926384710670678
0.1785347726066183,0.00010617589807113785,0.00012387188108299417,0.00015926384710670678
0.17887099628384356,0.00010617589807113785,0.00012387188108299417,0.00015926384710670678
0.17920721996106884,0.00010617589807113785,0.00012387188108299417,0.00015926384710670678
0.1795434436382941,0.00010617589807113785,0.00012387188108299417,0.00015926384710670678
0.17987966731551938,0.00010617589807113785,0.00012387188108299417,0.00015926384710670678
0.18021589099274465,0.00010617589807113785,0.00012387188108299417,0.00015926384710670678
0.18055211466996993,0.00010617589807113785,0.00012387188108299417,0.00015926384710670678
0.1808883383471952,0.00010617589807113785,0.00012387188108299417,0.00015926384710670678
0.18122456202442044,0.00010617589807113785,0.00012387188108299417,0.00015926384710670678
0.18156078570164572,0.00010617589807113785,0.00012387188108299417,0.00015926384710670678
0.181897009378871,0.00010617589807113785,0.00012387188108299417,0.00015926384710670678
0.18223323305609626,0.00010617589807113785,0.00012387188108299417,0.00015926384710670678
0.18256945673332153,0.00010617589807113785,0.00012387188108299417,0.00015926384710670678
0.1829056804105468,0.00010617589807113785,0.00012387188108299417,0.00015926384710670678
0.18324190408777208,0.00010617589807113785,0.00012387188108299417,0.00015926384710670678
0.18357812776499735,0.00010617589807113785,0.00012387188108299417,0.00015926384710670678
0.18391435144222262,0.00010617589807113785,0.00012387188108299417,0.00015926384710670678
0.1842505751194479,0.00010617589807113785,0.00012387188108299417,0.00015926384710670678
0.18458679879667317,0.00010617589807113785,0.00012387188108299417,0.00015926384710670678
0.1849230224738984,0.00010617589807113785,0.00012387188108299417,0.00015926384710670678
0.18525924615112369,0.00010617589807113785,0.00012387188108299417,0.00015926384710670678
0.18559546982834896,0.00010617589807113785,0.00012387188108299417,0.00015926384710670678
0.18593169350557423,0.00010617589807113785,0.00012387188108299417,0.00015926384710670678
0.1862679171827995,0.00010617589807113785,0.00012387188108299417,0.00015926384710670678
0.18660414086002478,0.00010617589807113785,0.00012387188108299417,0.00015926384710670678
0.18694036453725005,0.00010617589807113785,0.00012387188108299417,0.00015926384710670678
0.18727658821447532,0.00010617589807113785,0.00012387188108299417,0.00015926384710670678
0.1876128118917006,0.00010617589807113785,0.00012387188108299417,0.00015926384710670678
0.18794903556892587,0.00010617589807113785,0.00012387188108299417,0.00015926384710670678
0.1882852592461511,0.00010617589807113785,0.00012387188108299417,0.00015926384710670678
0.18862148292337638,0.00010617589807113785,0.00012387188108299417,0.00015926384710670678
0.18895770660060165,0.00010617589807113785,0.00012387188108299417,0.00015926384710670678
0.18929393027782693,0.00010617589807113785,0.00012387188108299417,0.00015926384710670678
0.1896301539550522,0.00010617589807113785,0.00012387188108299417,0.00015926384710670678
0.18996637763227747,0.00010617589807113785,0.00012387188108299417,0.00015926384710670678
0.19030260130950274,0.00010617589807113785,0.00012387188108299417,0.00015926384710670678
0.19063882498672802,0.00010617589807113785,0.00012387188108299417,0.00015926384710670678
0.1909750486639533,0.00010617589807113785,0.00012387188108299417,0.00015926384710670678
0.19131127234117856,0.00010617589807113785,0.00012387188108299417,0.00015926384710670678
0.19164749601840383,0.00010617589807113785,0.00012387188108299417,0.00015926384710670678
0.19198371969562908,0.00010617589807113785,0.00012387188108299417,0.00015926384710670678
0.19231994337285435,0.00010617589807113785,0.00012387188108299417,0.00015926384710670678
0.19265616705007962,0.00010617589807113785,0.00012387188108299417,0.00015926384710670678
0.1929923907273049,0.00010617589807113785,0.00012387188108299417,0.00015926384710670678
0.19332861440453017,0.00010617589807113785,0.00012387188108299417,0.00015926384710670678
0.19366483808175544,0.00010617589807113785,0.00012387188108299417,0.00015926384710670678
0.19400106175898071,0.00010617589807113785,0.00012387188108299417,0.00015926384710670678
0.194337285436206,0.00010617589807113785,0.00012387188108299417,0.00015926384710670678
0.19467350911343126,0.00010617589807113785,0.00012387188108299417,0.00015926384710670678
0.19500973279065653,0.00010617589807113785,0.00012387188108299417,0.00015926384710670678
0.1953459564678818,0.00010617589807113785,0.00012387188108299417,0.00015926384710670678
0.19568218014510705,0.00010617589807113785,0.00012387188108299417,0.00015926384710670678
0.19601840382233232,0.00010617589807113785,0.00012387188108299417,0.00015926384710670678
0.1963546274995576,0.00010617589807113785,0.00012387188108299417,0.00015926384710670678
0.19669085117678287,0.00010617589807113785,0.00012387188108299417,0.00015926384710670678
0.19702707485400814,0.00010617589807113785,0.00012387188108299417,0.00015926384710670678
0.1973632985312334,0.00010617589807113785,0.00012387188108299417,0.00015926384710670678
0.19769952220845868,0.00010617589807113785,0.00012387188108299417,0.00015926384710670678
0.19803574588568396,0.00010617589807113785,0.00012387188108299417,0.00015926384710670678
0.19837196956290923,0.00010617589807113785,0.00012387188108299417,0.00015926384710670678
0.1987081932401345,0.00010617589807113785,0.00012387188108299417,0.00015926384710670678
0.19904441691735975,0.00010617589807113785,0.00012387188108299417,0.00015926384710670678
0.19938064059458502,0.00010617589807113785,0.00012387188108299417,0.00015926384710670678
0.1997168642718103,0.00010617589807113785,0.00012387188108299417,0.00015926384710670678
0.20005308794903556,0.00010617589807113785,0.00012387188108299417,0.00015926384710670678
0.20038931162626084,0.00010617589807113785,0.00012387188108299417,0.00015926384710670678
0.2007255353034861,0.00010617589807113785,0.00012387188108299417,0.00015926384710670678
0.20106175898071138,0.00010617589807113785,0.00012387188108299417,0.00015926384710670678
0.20139798265793665,0.00010617589807113785,0.00012387188108299417,0.00015926384710670678
0.20173420633516193,0.00010617589807113785,0.00012387188108299417,0.00015926384710670678
0.2020704300123872,0.00010617589807113785,0.00012387188108299417,0.00015926384710670678
0.20240665368961247,0.00010617589807113785,0.00012387188108299417,0.00015926384710670678
0.20274287736683771,0.00010617589807113785,0.00012387188108299417,0.00015926384710670678
0.203079101044063,0.00010617589807113785,0.00012387188108299417,0.00015926384710670678
0.20341532472128826,0.00010617589807113785,0.00012387188108299417,0.00015926384710670678
0.20375154839851353,0.00010617589807113785,0.00012387188108299417,0.00015926384710670678
0.20407007609272695,0.00010617589807113785,0.00012387188108299417,0.00015926384710670678
0.20438860378694038,0.00010617589807113785,0.00012387188108299417,0.00015926384710670678
0.20470713148115377,0.00010617589807113785,0.00012387188108299417,0.00015926384710670678
0.2050256591753672,0.00010617589807113785,0.00012387188108299417,0.00015926384710670678
0.2053441868695806,0.00010617589807113785,0.00012387188108299417,0.00015926384710670678
0.205662714563794,0.00010617589807113785,0.00012387188108299417,0.00015926384710670678
0.20598124225800743,0.00010617589807113785,0.00013271987258892232,0.00015926384710670678
0.20629976995222085,0.00010617589807113785,0.00014156786409485046,0.00015926384710670678
0.20661829764643425,0.00010617589807113785,0.00014156786409485046,0.00015926384710670678
0.20693682534064767,0.00010617589807113785,0.00014156786409485046,0.00015926384710670678
0.2072553530348611,0.00010617589807113785,0.00014156786409485046,0.00015926384710670678
0.2075738807290745,0.00010617589807113785,0.00014156786409485046,0.00015926384710670678
0.2078924084232879,0.00010617589807113785,0.00014156786409485046,0.00015926384710670678
0.20821093611750133,0.00010617589807113785,0.00014156786409485046,0.00015926384710670678
0.20852946381171475,0.00010617589807113785,0.00014156786409485046,0.00015926384710670678
0.20884799150592814,0.00010617589807113785,0.00014156786409485046,0.00015926384710670678
0.20916651920014157,0.00010617589807113785,0.00014156786409485046,0.00015926384710670678
0.209485046894355,0.00011015749424880553,0.00014156786409485046,0.00015926384710670678
0.20980357458856838,0.00012387188108299417,0.00014156786409485046,0.00015926384710670678
0.2101221022827818,0.00012387188108299417,0.00014156786409485046,0.00015926384710670678
0.21044062997699522,0.00012387188108299417,0.00014156786409485046,0.00015926384710670678
0.21075915767120865,0.00012387188108299417,0.00014156786409485046,0.00015926384710670678
0.21107768536542204,0.00012387188108299417,0.00014156786409485046,0.00015926384710670678
0.21139621305963546,0.00012387188108299417,0.00014156786409485046,0.00015926384710670678
0.21171474075384888,0.00012387188108299417,0.00014156786409485046,0.00015926384710670678
0.21203326844806228,0.00012387188108299417,0.00014156786409485046,0.00015926384710670678
0.2123517961422757,0.00012387188108299417,0.00014156786409485046,0.00015926384710670678
0.21267032383648912,0.00012387188108299417,0.00014156786409485046,0.00015926384710670678
0.21298885153070254,0.00012387188108299417,0.00014156786409485046,0.00015926384710670678
0.21330737922491594,0.00012387188108299417,0.00014156786409485046,0.00015926384710670678
0.21362590691912936,0.00012387188108299417,0.00014156786409485046,0.00015926384710670678
0.21394443461334278,0.00012387188108299417,0.00014156786409485046,0.00015926384710670678
0.21426296230755618,0.00012387188108299417,0.00014156786409485046,0.00015926384710670678
0.2145814900017696,0.00012387188108299417,0.00014156786409485046,0.00015926384710670678
0.21490001769598302,0.00012387188108299417,0.00014156786409485046,0.00015926384710670678
0.21521854539019641,0.00012387188108299417,0.00014156786409485046,0.00015926384710670678
0.21553707308440984,0.00012387188108299417,0.00014156786409485046,0.00015926384710670678
0.21585560077862326,0.00012387188108299417,0.00014156786409485046,0.00015926384710670678
0.21617412847283668,0.00012387188108299417,0.00014156786409485046,0.00015926384710670678
0.21649265616705007,0.00012387188108299417,0.00014156786409485046,0.00015926384710670678
0.2168111838612635,0.00012387188108299417,0.00014156786409485046,0.00015926384710670678
0.21712971155547692,0.00012387188108299417,0.00014156786409485046,0.00015926384710670678
0.2174482392496903,0.00012387188108299417,0.00014156786409485046,0.00015926384710670678
0.21776676694390373,0.00012387188108299417,0.00014156786409485046,0.00015926384710670678
0.21808529463811716,0.00012387188108299417,0.00014156786409485046,0.00015926384710670678
0.21840382233233055,0.00012387188108299417,0.00014156786409485046,0.0001729782339408955
0.21872235002654397,0.00012387188108299417,0.00014156786409485046,0.0001729782339408955
0.2190408777207574,0.00012387188108299417,0.00014156786409485046,0.0001729782339408955
0.21935940541497082,0.00012387188108299417,0.00014156786409485046,0.0001729782339408955
0.2196779331091842,0.00012387188108299417,0.00014156786409485046,0.0001729782339408955
0.21999646080339763,0.00012387188108299417,0.00014156786409485046,0.0001729782339408955
0.22031498849761105,0.00012387188108299417,0.00014156786409485046,0.0001729782339408955
0.22063351619182445,0.00012387188108299417,0.00014156786409485046,0.0001729782339408955
0.22095204388603787,0.00012387188108299417,0.00014156786409485046,0.0001729782339408955
0.2212705715802513,0.00012387188108299417,0.00014156786409485046,0.0001729782339408955
0.22158909927446468,0.00012387188108299417,0.00014156786409485046,0.0001729782339408955
0.2219076269686781,0.00012387188108299417,0.00014156786409485046,0.0001729782339408955
0.22222615466289153,0.00012387188108299417,0.00014156786409485046,0.0001729782339408955
0.22254468235710495,0.00012387188108299417,0.00014156786409485046,0.00017695983011856308
0.22286321005131834,0.00012387188108299417,0.00014156786409485046,0.00017695983011856308
0.22318173774553177,0.00012387188108299417,0.00014156786409485046,0.00017695983011856308
0.2235002654397452,0.00012387188108299417,0.00014156786409485046,0.00017695983011856308
0.22381879313395858,0.00012387188108299417,0.00014156786409485046,0.00017695983011856308
0.224137320828172,0.00012387188108299417,0.00014156786409485046,0.00017695983011856308
0.22445584852238543,0.00012387188108299417,0.00014156786409485046,0.00017695983011856308
0.22477437621659882,0.00012387188108299417,0.00014156786409485046,0.00017695983011856308
0.22509290391081224,0.00012387188108299417,0.00014156786409485046,0.00017695983011856308
0.22541143160502566,0.00012387188108299417,0.00014156786409485046,0.00017695983011856308
0.22572995929923909,0.00012387188108299417,0.00014156786409485046,0.00017695983011856308
0.22604848699345248,0.00012387188108299417,0.00014156786409485046,0.00017695983011856308
0.2263670146876659,0.00012387188108299417,0.00014156786409485046,0.00017695983011856308
0.22668554238187932,0.00012387188108299417,0.00014156786409485046,0.00017695983011856308
0.22700407007609272,0.00012387188108299417,0.00014156786409485046,0.00017695983011856308
0.22732259777030614,0.00012387188108299417,0.00014156786409485046,0.00017695983011856308
0.22764112546451956,0.00012387188108299417,0.00014156786409485046,0.00017695983011856308
0.22795965315873296,0.00012387188108299417,0.00014156786409485046,0.00017695983011856308
0.22827818085294638,0.00012387188108299417,0.00014156786409485046,0.00017695983011856308
0.2285967085471598,0.00012387188108299417,0.00014156786409485046,0.00017695983011856308
0.22891523624137322,0.00012387188108299417,0.00014156786409485046,0.00017695983011856308
0.22923376393558662,0.00012387188108299417,0.00014156786409485046,0.00017695983011856308
0.22955229162980004,0.00012387188108299417,0.00014156786409485046,0.00017695983011856308
0.22987081932401346,0.00012387188108299417,0.00014156786409485046,0.00017695983011856308
0.23018934701822685,0.00012387188108299417,0.00014156786409485046,0.00017695983011856308
0.23050787471244027,0.00012387188108299417,0.00014156786409485046,0.00017695983011856308
0.2308264024066537,0.00012387188108299417,0.00014156786409485046,0.00017695983011856308
0.2311449301008671,0.00012387188108299417,0.00014156786409485046,0.00017695983011856308
0.2314634577950805,0.00012387188108299417,0.00014156786409485046,0.00017695983011856308
0.23178198548929393,0.00012387188108299417,0.00014156786409485046,0.00017695983011856308
0.23210051318350736,0.00012387188108299417,0.00014156786409485046,0.00017695983011856308
0.23241904087772075,0.00012387188108299417,0.00014156786409485046,0.00017695983011856308
0.23273756857193417,0.00012387188108299417,0.00014156786409485046,0.00017695983011856308
0.2330560962661476,0.00012387188108299417,0.00014156786409485046,0.00017695983011856308
0.233374623960361,0.00012387188108299417,0.00014156786409485046,0.00017695983011856308
0.2336931516545744,0.00012387188108299417,0.00014156786409485046,0.00017695983011856308
0.23401167934878783,0.00012387188108299417,0.00014156786409485046,0.00017695983011856308
0.23433020704300123,0.00012387188108299417,0.00014156786409485046,0.00017695983011856308
0.23464873473721465,0.00012387188108299417,0.00014156786409485046,0.00017695983011856308
0.23496726243142807,0.00012387188108299417,0.00014156786409485046,0.00017695983011856308
0.2352857901256415,0.00012387188108299417,0.00014156786409485046,0.00017695983011856308
0.23560431781985489,0.00012387188108299417,0.00014156786409485046,0.00017695983011856308
0.2359228455140683,0.00012387188108299417,0.00014156786409485046,0.00017695983011856308
0.23624137320828173,0.00012387188108299417,0.00014156786409485046,0.00017695983011856308
0.23655990090249512,0.00012387188108299417,0.00014156786409485046,0.00017695983011856308
0.23687842859670855,0.00012387188108299417,0.00014156786409485046,0.00017695983011856308
0.23719695629092197,0.00012387188108299417,0.00014156786409485046,0.00017695983011856308
0.23751548398513536,0.00012387188108299417,0.00014156786409485046,0.00017695983011856308
0.23783401167934878,0.00012387188108299417,0.00014156786409485046,0.00017695983011856308
0.2381525393735622,0.00012387188108299417,0.00014156786409485046,0.00019067421695275182
0.23847106706777563,0.00012387188108299417,0.00014156786409485046,0.00019067421695275182
0.23878959476198902,0.00012387188108299417,0.00014156786409485046,0.00019067421695275182
0.23910812245620244,0.00012387188108299417,0.00014156786409485046,0.00019067421695275182
0.23942665015041587,0.00012387188108299417,0.00014156786409485046,0.00019067421695275182
0.23974517784462926,0.00012387188108299417,0.00014156786409485046,0.00019067421695275182
0.24006370553884268,0.00012387188108299417,0.00014156786409485046,0.00019067421695275182
0.2403822332330561,0.00012387188108299417,0.00014156786409485046,0.00019067421695275182
0.2407007609272695,0.00012387188108299417,0.00014156786409485046,0.00019067421695275182
0.24101928862148292,0.00012387188108299417,0.00014156786409485046,0.0001946558131304194
0.24133781631569634,0.00012387188108299417,0.00014156786409485046,0.0001946558131304194
0.24165634400990976,0.00012387188108299417,0.00014156786409485046,0.0001946558131304194
0.24197487170412316,0.00012387188108299417,0.00014156786409485046,0.0001946558131304194
0.24229339939833658,0.00012387188108299417,0.00014156786409485046,0.0001946558131304194
0.24261192709255,0.00012387188108299417,0.00014156786409485046,0.0001946558131304194
0.2429304547867634,0.00012387188108299417,0.00014156786409485046,0.0001946558131304194
0.24324898248097682,0.00012387188108299417,0.00014156786409485046,0.0001946558131304194
0.24356751017519024,0.00012387188108299417,0.00014156786409485046,0.0001946558131304194
0.24388603786940363,0.00012387188108299417,0.00014156786409485046,0.0001946558131304194
0.24420456556361705,0.00012387188108299417,0.00014156786409485046,0.0001946558131304194
0.24452309325783048,0.00012387188108299417,0.00014156786409485046,0.0001946558131304194
0.2448416209520439,0.00012387188108299417,0.00014156786409485046,0.0001946558131304194
0.2451601486462573,0.00012387188108299417,0.00014156786409485046,0.0001946558131304194
0.24547867634047071,0.00012387188108299417,0.00014156786409485046,0.0001946558131304194
0.24579720403468414,0.00012387188108299417,0.00014156786409485046,0.0001946558131304194
0.24611573172889753,0.00012387188108299417,0.00014156786409485046,0.0001946558131304194
0.24643425942311095,0.00012387188108299417,0.00014156786409485046,0.0001946558131304194
0.24675278711732437,0.00012387188108299417,0.00014156786409485046,0.0001946558131304194
0.24707131481153777,0.00012387188108299417,0.00014156786409485046,0.0001946558131304194
0.2473898425057512,0.00012387188108299417,0.00014156786409485046,0.0001946558131304194
0.2477083701999646,0.00012387188108299417,0.00014156786409485046,0.0001946558131304194
0.24802689789417803,0.00012387188108299417,0.00014156786409485046,0.0001946558131304194
0.24832772960537958,0.00012387188108299417,0.00014156786409485046,0.0001946558131304194
0.24862856131658115,0.00012387188108299417,0.00014156786409485046,0.0001946558131304194
0.2489293930277827,0.00012387188108299417,0.00014156786409485046,0.0001946558131304194
0.24923022473898426,0.00012387188108299417,0.00014156786409485046,0.0001946558131304194
0.2495310564501858,0.00012387188108299417,0.00014156786409485046,0.0001946558131304194
0.24983188816138738,0.00012387188108299417,0.00014156786409485046,0.0001946558131304194
0.25013271987258895,0.00012387188108299417,0.00014156786409485046,0.0001946558131304194
0.2504335515837905,0.00012387188108299417,0.00014156786409485046,0.0001946558131304194
0.25073438329499204,0.00012387188108299417,0.00014156786409485046,0.0001946558131304194
0.2510352150061936,0.00012387188108299417,0.00014156786409485046,0.0001946558131304194
0.2513360467173952,0.00012387188108299417,0.00014156786409485046,0.0001946558131304194
0.2516368784285967,0.00012387188108299417,0.00014156786409485046,0.0001946558131304194
0.25193771013979827,0.00012387188108299417,0.00014156786409485046,0.0001946558131304194
0.2522385418509998,0.00012387188108299417,0.00014156786409485046,0.0001946558131304194
0.2525393735622014,0.00012387188108299417,0.00014156786409485046,0.0001946558131304194
0.25284020527340295,0.00012387188108299417,0.00014156786409485046,0.0001946558131304194
0.2531410369846045,0.00012387188108299417,0.00014156786409485046,0.0001946558131304194
0.25344186869580604,0.00012387188108299417,0.00014156786409485046,0.0001946558131304194
0.2537427004070076,0.00012387188108299417,0.00014156786409485046,0.0001946558131304194
0.2540435321182092,0.00012387188108299417,0.00014156786409485046,0.0001946558131304194
0.2543443638294107,0.00012387188108299417,0.00014156786409485046,0.0001946558131304194
0.25464519554061227,0.00012387188108299417,0.00014156786409485046,0.0001946558131304194
0.2549460272518138,0.00012387188108299417,0.00015041585560077864,0.0001946558131304194
0.2552468589630154,0.00012387188108299417,0.00015041585560077864,0.0001946558131304194
0.25554769067421695,0.00012387188108299417,0.00015926384710670678,0.0001946558131304194
0.2558485223854185,0.00012387188108299417,0.00015926384710670678,0.0001946558131304194
0.25614935409662004,0.00012387188108299417,0.00015926384710670678,0.0001946558131304194
0.25645018580782164,0.00012387188108299417,0.00015926384710670678,0.0001946558131304194
0.2567510175190232,0.00012387188108299417,0.00015926384710670678,0.0001946558131304194
0.2570518492302247,0.00012387188108299417,0.00015926384710670678,0.0001946558131304194
0.25735268094142627,0.00012387188108299417,0.00015926384710670678,0.0001946558131304194
0.25765351265262787,0.00012387188108299417,0.00015926384710670678,0.0001946558131304194
0.2579543443638294,0.00012387188108299417,0.00015926384710670678,0.0001946558131304194
0.25825517607503096,0.00012387188108299417,0.00015926384710670678,0.0001946558131304194
0.2585560077862325,0.00012387188108299417,0.00015926384710670678,0.0001946558131304194
0.2588568394974341,0.00012387188108299417,0.00015926384710670678,0.0001946558131304194
0.25915767120863564,0.00012387188108299417,0.00015926384710670678,0.0001946558131304194
0.2594585029198372,0.00012387188108299417,0.00015926384710670678,0.0001946558131304194
0.25975933463103873,0.00012387188108299417,0.00015926384710670678,0.0001946558131304194
0.26006016634224033,0.00012387188108299417,0.00015926384710670678,0.0001946558131304194
0.26036099805344187,0.00012387188108299417,0.00015926384710670678,0.0001946558131304194
0.2606618297646434,0.00012387188108299417,0.00015926384710670678,0.0001946558131304194
0.26096266147584496,0.00012387188108299417,0.00015926384710670678,0.0001946558131304194
0.26126349318704656,0.00012387188108299417,0.00015926384710670678,0.0001946558131304194
0.2615643248982481,0.00012387188108299417,0.00015926384710670678,0.0001946558131304194
0.26186515660944965,0.00012387188108299417,0.00015926384710670678,0.0001946558131304194
0.2621659883206512,0.00012785347726066186,0.00015926384710670678,0.0001946558131304194
0.2624668200318528,0.00014156786409485046,0.00015926384710670678,0.0001946558131304194
0.26276765174305433,0.00014156786409485046,0.00015926384710670678,0.0001946558131304194
0.2630684834542559,0.00014156786409485046,0.00015926384710670678,0.0001946558131304194
0.2633693151654574,0.00014156786409485046,0.00015926384710670678,0.0001946558131304194
0.263670146876659,0.00014156786409485046,0.00015926384710670678,0.0001946558131304194
0.26397097858786056,0.00014156786409485046,0.00015926384710670678,0.0001946558131304194
0.2642718102990621,0.00014156786409485046,0.00015926384710670678,0.0001946558131304194
0.26457264201026365,0.00014156786409485046,0.00015926384710670678,0.0001946558131304194
0.26487347372146525,0.00014156786409485046,0.00015926384710670678,0.0001946558131304194
0.2651743054326668,0.00014156786409485046,0.00015926384710670678,0.0001946558131304194
0.26547513714386833,0.00014156786409485046,0.00015926384710670678,0.0001946558131304194
0.2657759688550699,0.00014156786409485046,0.00015926384710670678,0.0001946558131304194
0.2660768005662715,0.00014156786409485046,0.00015926384710670678,0.0001946558131304194
0.266377632277473,0.00014156786409485046,0.00015926384710670678,0.0001946558131304194
0.26667846398867456,0.00014156786409485046,0.00015926384710670678,0.0001946558131304194
0.2669792956998761,0.00014156786409485046,0.00015926384710670678,0.0001946558131304194
0.2672801274110777,0.00014156786409485046,0.00015926384710670678,0.0001946558131304194
0.26758095912227925,0.00014156786409485046,0.00015926384710670678,0.0001946558131304194
0.2678817908334808,0.00014156786409485046,0.00015926384710670678,0.0001946558131304194
0.26818262254468234,0.00014156786409485046,0.00015926384710670678,0.0001946558131304194
0.26848345425588394,0.00014156786409485046,0.00015926384710670678,0.0001946558131304194
0.2687842859670855,0.00014156786409485046,0.00015926384710670678,0.0001946558131304194
0.269085117678287,0.00014156786409485046,0.00015926384710670678,0.0001946558131304194
0.26938594938948857,0.00014156786409485046,0.00015926384710670678,0.0001946558131304194
0.26968678110069016,0.00014156786409485046,0.00015926384710670678,0.0001946558131304194
0.2699876128118917,0.00014156786409485046,0.00015926384710670678,0.0001946558131304194
0.27028844452309325,0.00014156786409485046,0.00015926384710670678,0.0001946558131304194
0.2705892762342948,0.00014156786409485046,0.00015926384710670678,0.0001946558131304194
0.2708901079454964,0.00014156786409485046,0.00015926384710670678,0.0001946558131304194
0.27119093965669794,0.00014156786409485046,0.00015926384710670678,0.0001946558131304194
0.2714917713678995,0.00014156786409485046,0.00015926384710670678,0.0001946558131304194
0.271792603079101,0.00014156786409485046,0.00015926384710670678,0.0001946558131304194
0.2720934347903026,0.00014156786409485046,0.00015926384710670678,0.0001946558131304194
0.27239426650150417,0.00014156786409485046,0.00015926384710670678,0.0001946558131304194
0.2726950982127057,0.00014156786409485046,0.00015926384710670678,0.0001946558131304194
0.27299592992390725,0.00014156786409485046,0.00015926384710670678,0.0001946558131304194
0.27329676163510885,0.00014156786409485046,0.00015926384710670678,0.00020837019996460812
0.2735975933463104,0.00014156786409485046,0.00015926384710670678,0.00020837019996460812
0.27389842505751194,0.00014156786409485046,0.00015926384710670678,0.00020837019996460812
0.2741992567687135,0.00014156786409485046,0.00015926384710670678,0.00020837019996460812
0.2745000884799151,0.00014156786409485046,0.00015926384710670678,0.00020837019996460812
0.2748009201911166,0.00014156786409485046,0.00015926384710670678,0.00020837019996460812
0.27510175190231817,0.00014156786409485046,0.00015926384710670678,0.00020837019996460812
0.2754025836135197,0.00014156786409485046,0.00015926384710670678,0.00020837019996460812
0.2757034153247213,0.00014156786409485046,0.00015926384710670678,0.00020837019996460812
0.27600424703592286,0.00014156786409485046,0.00015926384710670678,0.00020837019996460812
0.2763050787471244,0.00014156786409485046,0.00015926384710670678,0.00020837019996460812
0.27660591045832594,0.00014156786409485046,0.00015926384710670678,0.00020837019996460812
0.27690674216952754,0.00014156786409485046,0.00015926384710670678,0.00020837019996460812
0.2772075738807291,0.00014156786409485046,0.00015926384710670678,0.00020837019996460812
0.27750840559193063,0.00014156786409485046,0.00015926384710670678,0.0002123517961422757
0.2778092373031322,0.00014156786409485046,0.00015926384710670678,0.0002123517961422757
0.27811006901433377,0.00014156786409485046,0.00015926384710670678,0.0002123517961422757
0.2784109007255353,0.00014156786409485046,0.00015926384710670678,0.0002123517961422757
0.27871173243673686,0.00014156786409485046,0.00015926384710670678,0.0002123517961422757
0.2790125641479384,0.00014156786409485046,0.00015926384710670678,0.0002123517961422757
0.27931339585914,0.00014156786409485046,0.00015926384710670678,0.0002123517961422757
0.27961422757034154,0.00014156786409485046,0.00015926384710670678,0.0002123517961422757
0.2799150592815431,0.00014156786409485046,0.00015926384710670678,0.0002123517961422757
0.28021589099274463,0.00014156786409485046,0.00015926384710670678,0.0002123517961422757
0.28051672270394623,0.00014156786409485046,0.00015926384710670678,0.0002123517961422757
0.2808175544151478,0.00014156786409485046,0.00015926384710670678,0.0002123517961422757
0.2811183861263493,0.00014156786409485046,0.00015926384710670678,0.0002123517961422757
0.28141921783755086,0.00014156786409485046,0.00015926384710670678,0.0002123517961422757
0.28172004954875246,0.00014156786409485046,0.00015926384710670678,0.0002123517961422757
0.282020881259954,0.00014156786409485046,0.00015926384710670678,0.0002123517961422757
0.28232171297115555,0.00014156786409485046,0.00015926384710670678,0.0002123517961422757
0.2826225446823571,0.00014156786409485046,0.00015926384710670678,0.0002123517961422757
0.2829233763935587,0.00014156786409485046,0.00015926384710670678,0.0002123517961422757
0.28322420810476023,0.00014156786409485046,0.00015926384710670678,0.0002123517961422757
0.2835250398159618,0.00014156786409485046,0.00015926384710670678,0.0002123517961422757
0.2838258715271633,0.00014156786409485046,0.00015926384710670678,0.0002123517961422757
0.28412670323836486,0.00014156786409485046,0.00015926384710670678,0.0002123517961422757
0.28442753494956646,0.00014156786409485046,0.00015926384710670678,0.0002123517961422757
0.284728366660768,0.00014156786409485046,0.00015926384710670678,0.0002123517961422757
0.28502919837196955,0.00014156786409485046,0.00015926384710670678,0.0002123517961422757
0.2853300300831711,0.00014156786409485046,0.00015926384710670678,0.0002123517961422757
0.2856308617943727,0.00014156786409485046,0.00015926384710670678,0.0002123517961422757
0.28593169350557424,0.00014156786409485046,0.00015926384710670678,0.0002123517961422757
0.2862325252167758,0.00014156786409485046,0.00015926384710670678,0.0002123517961422757
0.2865333569279773,0.00014156786409485046,0.00015926384710670678,0.0002123517961422757
0.2868341886391789,0.00014156786409485046,0.00015926384710670678,0.0002123517961422757
0.28713502035038047,0.00014156786409485046,0.00015926384710670678,0.0002123517961422757
0.287435852061582,0.00014156786409485046,0.00015926384710670678,0.0002123517961422757
0.28773668377278355,0.00014156786409485046,0.00015926384710670678,0.0002123517961422757
0.28803751548398515,0.00014156786409485046,0.00015926384710670678,0.0002123517961422757
0.2883383471951867,0.00014156786409485046,0.00015926384710670678,0.0002123517961422757
0.28863917890638824,0.00014156786409485046,0.00015926384710670678,0.0002123517961422757
0.2889400106175898,0.00014156786409485046,0.00015926384710670678,0.0002123517961422757
0.2892408423287914,0.00014156786409485046,0.00015926384710670678,0.0002123517961422757
0.2895416740399929,0.00014156786409485046,0.00015926384710670678,0.0002123517961422757
0.28984250575119447,0.00014156786409485046,0.00015926384710670678,0.0002123517961422757
0.290143337462396,0.00014156786409485046,0.00015926384710670678,0.0002123517961422757
0.2904441691735976,0.00014156786409485046,0.00015926384710670678,0.0002123517961422757
0.29074500088479915,0.00014156786409485046,0.00015926384710670678,0.0002123517961422757
0.2910458325960007,0.00014156786409485046,0.00015926384710670678,0.0002123517961422757
0.29134666430720224,0.00014156786409485046,0.00015926384710670678,0.0002123517961422757
0.29164749601840384,0.00014156786409485046,0.00015926384710670678,0.0002123517961422757
0.2919483277296054,0.00014156786409485046,0.00015926384710670678,0.0002123517961422757
0.2922491594408069,0.00014156786409485046,0.00015926384710670678,0.0002123517961422757
0.29253229516899665,0.00014156786409485046,0.00015926384710670678,0.0002123517961422757
0.2928154308971863,0.00014156786409485046,0.00015926384710670678,0.0002123517961422757
0.29309856662537603,0.00014156786409485046,0.00015926384710670678,0.0002123517961422757
0.29338170235356575,0.00014156786409485046,0.00015926384710670678,0.0002123517961422757
0.2936648380817554,0.00014156786409485046,0.00015926384710670678,0.0002123517961422757
0.29394797380994514,0.00014156786409485046,0.00015926384710670678,0.0002123517961422757
0.29423110953813486,0.00014156786409485046,0.00015926384710670678,0.0002123517961422757
0.2945142452663245,0.00014156786409485046,0.00015926384710670678,0.0002123517961422757
0.29479738099451425,0.00014156786409485046,0.00015926384710670678,0.0002123517961422757
0.29508051672270397,0.00014156786409485046,0.00015926384710670678,0.0002123517961422757
0.29536365245089363,0.00014156786409485046,0.00015926384710670678,0.0002123517961422757
0.29564678817908335,0.00014156786409485046,0.00015926384710670678,0.0002123517961422757
0.2959299239072731,0.00014156786409485046,0.00015926384710670678,0.0002123517961422757
0.29621305963546274,0.00014156786409485046,0.00015926384710670678,0.0002123517961422757
0.29649619536365246,0.00014156786409485046,0.00015926384710670678,0.0002123517961422757
0.2967793310918421,0.00014156786409485046,0.00015926384710670678,0.0002123517961422757
0.29706246682003185,0.00014156786409485046,0.00015926384710670678,0.0002123517961422757
0.29734560254822157,0.00014156786409485046,0.00015926384710670678,0.0002123517961422757
0.29762873827641123,0.00014156786409485046,0.00015926384710670678,0.0002123517961422757
0.29791187400460095,0.00014156786409485046,0.00015926384710670678,0.0002123517961422757
0.2981950097327907,0.00014156786409485046,0.00015926384710670678,0.0002123517961422757
0.29847814546098034,0.00014156786409485046,0.00017695983011856308,0.0002123517961422757
0.29876128118917006,0.00014156786409485046,0.00017695983011856308,0.0002123517961422757
0.2990444169173598,0.00014156786409485046,0.00017695983011856308,0.0002123517961422757
0.29932755264554944,0.00014156786409485046,0.00017695983011856308,0.0002123517961422757
0.29961068837373916,0.00014156786409485046,0.00017695983011856308,0.0002123517961422757
0.2998938241019289,0.00014156786409485046,0.00017695983011856308,0.0002123517961422757
0.30017695983011855,0.00014156786409485046,0.00017695983011856308,0.0002123517961422757
0.30046009555830827,0.00014156786409485046,0.00017695983011856308,0.0002123517961422757
0.300743231286498,0.00014156786409485046,0.00017695983011856308,0.0002123517961422757
0.30102636701468766,0.00014156786409485046,0.00017695983011856308,0.0002123517961422757
0.3013095027428774,0.00014156786409485046,0.00017695983011856308,0.0002123517961422757
0.30159263847106704,0.00014156786409485046,0.00017695983011856308,0.0002123517961422757
0.30187577419925676,0.00014156786409485046,0.00017695983011856308,0.0002123517961422757
0.3021589099274465,0.00014156786409485046,0.00017695983011856308,0.0002123517961422757
0.30244204565563615,0.00014156786409485046,0.00017695983011856308,0.0002123517961422757
0.30272518138382587,0.00014156786409485046,0.00017695983011856308,0.0002123517961422757
0.3030083171120156,0.00014156786409485046,0.00017695983011856308,0.0002123517961422757
0.30329145284020526,0.00014156786409485046,0.00017695983011856308,0.0002123517961422757
0.303574588568395,0.00014156786409485046,0.00017695983011856308,0.0002123517961422757
0.3038577242965847,0.00014156786409485046,0.00017695983011856308,0.0002123517961422757
0.30414086002477436,0.00014156786409485046,0.00017695983011856308,0.0002123517961422757
0.3044239957529641,0.00014156786409485046,0.00017695983011856308,0.0002123517961422757
0.3047071314811538,0.00014156786409485046,0.00017695983011856308,0.0002123517961422757
0.30499026720934347,0.00014156786409485046,0.00017695983011856308,0.0002123517961422757
0.3052734029375332,0.00014156786409485046,0.00017695983011856308,0.0002123517961422757
0.30555653866572285,0.00014156786409485046,0.00017695983011856308,0.0002123517961422757
0.3058396743939126,0.00014156786409485046,0.00017695983011856308,0.0002123517961422757
0.3061228101221023,0.00014156786409485046,0.00017695983011856308,0.0002123517961422757
0.30640594585029196,0.00014156786409485046,0.00017695983011856308,0.0002123517961422757
0.3066890815784817,0.00014156786409485046,0.00017695983011856308,0.0002123517961422757
0.3069722173066714,0.00014156786409485046,0.00017695983011856308,0.0002123517961422757
0.30725535303486107,0.00014156786409485046,0.00017695983011856308,0.0002123517961422757
0.3075384887630508,0.00014156786409485046,0.00017695983011856308,0.0002123517961422757
0.3078216244912405,0.00014156786409485046,0.00017695983011856308,0.0002123517961422757
0.3081047602194302,0.00014156786409485046,0.00017695983011856308,0.0002123517961422757
0.3083878959476199,0.00014156786409485046,0.00017695983011856308,0.0002123517961422757
0.3086710316758096,0.00014156786409485046,0.00017695983011856308,0.0002123517961422757
0.3089541674039993,0.00014156786409485046,0.00017695983011856308,0.0002123517961422757
0.309237303132189,0.00014156786409485046,0.00017695983011856308,0.0002123517961422757
0.3095204388603787,0.00014156786409485046,0.00017695983011856308,0.0002123517961422757
0.3098035745885684,0.00014156786409485046,0.00017695983011856308,0.0002123517961422757
0.3100867103167581,0.00014156786409485046,0.00017695983011856308,0.0002123517961422757
0.3103698460449478,0.00014156786409485046,0.00017695983011856308,0.0002123517961422757
0.3106529817731375,0.00014156786409485046,0.00017695983011856308,0.0002123517961422757
0.3109361175013272,0.00014156786409485046,0.00017695983011856308,0.0002123517961422757
0.3112192532295169,0.00014156786409485046,0.00017695983011856308,0.0002123517961422757
0.3115023889577066,0.00014156786409485046,0.00017695983011856308,0.0002123517961422757
0.3117855246858963,0.00014156786409485046,0.00017695983011856308,0.0002123517961422757
0.312068660414086,0.00014156786409485046,0.00017695983011856308,0.0002123517961422757
0.3123517961422757,0.00014156786409485046,0.00017695983011856308,0.0002123517961422757
0.3126349318704654,0.00014156786409485046,0.00017695983011856308,0.0002123517961422757
0.3129180675986551,0.00014156786409485046,0.00017695983011856308,0.0002123517961422757
0.3132012033268448,0.00014156786409485046,0.00017695983011856308,0.00023004777915413202
0.31348433905503453,0.00014156786409485046,0.00017695983011856308,0.00023004777915413202
0.3137674747832242,0.00014156786409485046,0.00017695983011856308,0.00023004777915413202
0.3140506105114139,0.00014156786409485046,0.00017695983011856308,0.00023004777915413202
0.3143337462396036,0.00014156786409485046,0.00017695983011856308,0.00023004777915413202
0.3146168819677933,0.00014156786409485046,0.00017695983011856308,0.00023004777915413202
0.314900017695983,0.00014156786409485046,0.00017695983011856308,0.00023004777915413202
0.3151831534241727,0.00014156786409485046,0.00017695983011856308,0.00023004777915413202
0.3154662891523624,0.00014156786409485046,0.00017695983011856308,0.00023004777915413202
0.31574942488055213,0.00014554946027251815,0.00017695983011856308,0.00023004777915413202
0.3160325606087418,0.00014554946027251815,0.00017695983011856308,0.00023004777915413202
0.3163156963369315,0.00014554946027251815,0.00017695983011856308,0.00023004777915413202
0.31659883206512124,0.00014554946027251815,0.00017695983011856308,0.00023004777915413202
0.3168819677933109,0.00014554946027251815,0.00017695983011856308,0.00023004777915413202
0.3171651035215006,0.00015926384710670678,0.00017695983011856308,0.00023004777915413202
0.31744823924969034,0.00015926384710670678,0.00017695983011856308,0.00023004777915413202
0.31773137497788,0.00015926384710670678,0.00017695983011856308,0.00023004777915413202
0.31801451070606973,0.00015926384710670678,0.00017695983011856308,0.00023004777915413202
0.3182976464342594,0.00015926384710670678,0.00017695983011856308,0.00023004777915413202
0.3185807821624491,0.00015926384710670678,0.00017695983011856308,0.00023004777915413202
0.31886391789063884,0.00015926384710670678,0.00017695983011856308,0.00023004777915413202
0.3191470536188285,0.00015926384710670678,0.00017695983011856308,0.00023004777915413202
0.3194301893470182,0.00015926384710670678,0.00017695983011856308,0.00023004777915413202
0.31971332507520794,0.00015926384710670678,0.00017695983011856308,0.00023004777915413202
0.3199964608033976,0.00015926384710670678,0.00017695983011856308,0.00023004777915413202
0.32027959653158733,0.00015926384710670678,0.00017695983011856308,0.00023004777915413202
0.32056273225977705,0.00015926384710670678,0.00017695983011856308,0.00023004777915413202
0.3208458679879667,0.00015926384710670678,0.00017695983011856308,0.00023004777915413202
0.32112900371615644,0.00015926384710670678,0.00017695983011856308,0.00023004777915413202
0.32141213944434616,0.00015926384710670678,0.00017695983011856308,0.00023004777915413202
0.3216952751725358,0.00015926384710670678,0.00017695983011856308,0.00023004777915413202
0.32197841090072554,0.00015926384710670678,0.00017695983011856308,0.00023004777915413202
0.32226154662891526,0.00015926384710670678,0.00017695983011856308,0.00023004777915413202
0.32254468235710493,0.00015926384710670678,0.00017695983011856308,0.00023004777915413202
0.32282781808529465,0.00015926384710670678,0.00017695983011856308,0.00023004777915413202
0.3231109538134843,0.00015926384710670678,0.00017695983011856308,0.00023004777915413202
0.32339408954167403,0.00015926384710670678,0.00017695983011856308,0.00023004777915413202
0.32367722526986376,0.00015926384710670678,0.00017695983011856308,0.00023004777915413202
0.3239603609980534,0.00015926384710670678,0.00017695983011856308,0.00023004777915413202
0.32424349672624314,0.00015926384710670678,0.00017695983011856308,0.00023004777915413202
0.32452663245443286,0.00015926384710670678,0.00017695983011856308,0.00023004777915413202
0.3248097681826225,0.00015926384710670678,0.00017695983011856308,0.00023004777915413202
0.32509290391081225,0.00015926384710670678,0.00017695983011856308,0.00023004777915413202
0.32537603963900197,0.00015926384710670678,0.00017695983011856308,0.00023004777915413202
0.32565917536719163,0.00015926384710670678,0.00017695983011856308,0.00023004777915413202
0.32594231109538135,0.00015926384710670678,0.00017695983011856308,0.00023004777915413202
0.3262254468235711,0.00015926384710670678,0.00017695983011856308,0.00023004777915413202
0.32650858255176074,0.00015926384710670678,0.00017695983011856308,0.00023004777915413202
0.32679171827995046,0.00015926384710670678,0.00017695983011856308,0.00023004777915413202
0.3270748540081401,0.00015926384710670678,0.00017695983011856308,0.00023004777915413202
0.32735798973632985,0.00015926384710670678,0.00017695983011856308,0.00023004777915413202
0.32764112546451957,0.00015926384710670678,0.00017695983011856308,0.00023004777915413202
0.32792426119270923,0.00015926384710670678,0.00017695983011856308,0.00023004777915413202
0.32820739692089895,0.00015926384710670678,0.00017695983011856308,0.00023004777915413202
0.3284905326490887,0.00015926384710670678,0.00017695983011856308,0.00023004777915413202
0.32877366837727834,0.00015926384710670678,0.00017695983011856308,0.00023004777915413202
0.32905680410546806,0.00015926384710670678,0.00017695983011856308,0.00023004777915413202
0.3293399398336578,0.00015926384710670678,0.00017695983011856308,0.00023004777915413202
0.32962307556184745,0.00015926384710670678,0.00017695983011856308,0.00023004777915413202
0.32990621129003717,0.00015926384710670678,0.00017695983011856308,0.00023004777915413202
0.3301893470182269,0.00015926384710670678,0.00017695983011856308,0.00023004777915413202
0.33047248274641655,0.00015926384710670678,0.00017695983011856308,0.00023004777915413202
0.33075561847460627,0.00015926384710670678,0.00017695983011856308,0.00023004777915413202
0.331038754202796,0.00015926384710670678,0.00017695983011856308,0.00023004777915413202
0.33132188993098566,0.00015926384710670678,0.00017695983011856308,0.00023004777915413202
0.3316050256591754,0.00015926384710670678,0.00017695983011856308,0.00023004777915413202
0.33188816138736504,0.00015926384710670678,0.00017695983011856308,0.00023004777915413202
0.33217129711555476,0.00015926384710670678,0.00017695983011856308,0.00023004777915413202
0.3324544328437445,0.00015926384710670678,0.00017695983011856308,0.00023004777915413202
0.33273756857193415,0.00015926384710670678,0.00017695983011856308,0.00023004777915413202
0.33302070430012387,0.00015926384710670678,0.00017695983011856308,0.00023004777915413202
0.3333038400283136,0.00015926384710670678,0.00017695983011856308,0.00023004777915413202
0.33358697575650326,0.00015926384710670678,0.00017695983011856308,0.00023004777915413202
0.333870111484693,0.00015926384710670678,0.00017695983011856308,0.00024376216598832076
0.3341532472128827,0.00015926384710670678,0.00017695983011856308,0.00024376216598832076
0.33443638294107236,0.00015926384710670678,0.00017695983011856308,0.00024376216598832076
0.3347195186692621,0.00015926384710670678,0.00017695983011856308,0.00024376216598832076
0.3350026543974518,0.00015926384710670678,0.00017695983011856308,0.00024376216598832076
0.33528579012564147,0.00015926384710670678,0.00017695983011856308,0.00024376216598832076
0.3355689258538312,0.00015926384710670678,0.00017695983011856308,0.00024376216598832076
0.33585206158202086,0.00015926384710670678,0.00017695983011856308,0.00024376216598832076
0.3361351973102106,0.00015926384710670678,0.00017695983011856308,0.00024376216598832076
0.3364183330384003,0.00015926384710670678,0.00017695983011856308,0.00024376216598832076
0.33668377278357814,0.00015926384710670678,0.00017695983011856308,0.00024376216598832076
0.336949212528756,0.00015926384710670678,0.00017695983011856308,0.00024376216598832076
0.3372146522739338,0.00015926384710670678,0.00018580782162449123,0.00024376216598832076
0.33748009201911167,0.00015926384710670678,0.00018580782162449123,0.00024376216598832076
0.3377455317642895,0.00015926384710670678,0.00018580782162449123,0.00024774376216598834
0.33801097150946735,0.00015926384710670678,0.00018580782162449123,0.00024774376216598834
0.3382764112546452,0.00015926384710670678,0.0001946558131304194,0.00024774376216598834
0.33854185099982304,0.00015926384710670678,0.0001946558131304194,0.00024774376216598834
0.3388072907450009,0.00015926384710670678,0.0001946558131304194,0.00024774376216598834
0.3390727304901787,0.00015926384710670678,0.0001946558131304194,0.00024774376216598834
0.33933817023535656,0.00015926384710670678,0.0001946558131304194,0.00024774376216598834
0.3396036099805344,0.00015926384710670678,0.0001946558131304194,0.00024774376216598834
0.33986904972571225,0.00015926384710670678,0.0001946558131304194,0.00024774376216598834
0.3401344894708901,0.00015926384710670678,0.0001946558131304194,0.00024774376216598834
0.34039992921606793,0.00015926384710670678,0.0001946558131304194,0.00024774376216598834
0.3406653689612458,0.00015926384710670678,0.0001946558131304194,0.00024774376216598834
0.3409308087064236,0.00015926384710670678,0.0001946558131304194,0.00024774376216598834
0.3411962484516015,0.00015926384710670678,0.0001946558131304194,0.00024774376216598834
0.34146168819677936,0.00015926384710670678,0.0001946558131304194,0.00024774376216598834
0.3417271279419572,0.00015926384710670678,0.0001946558131304194,0.00024774376216598834
0.34199256768713504,0.00015926384710670678,0.0001946558131304194,0.00024774376216598834
0.3422580074323129,0.00015926384710670678,0.0001946558131304194,0.00024774376216598834
0.3425234471774907,0.00015926384710670678,0.0001946558131304194,0.00024774376216598834
0.34278888692266857,0.00015926384710670678,0.0001946558131304194,0.00024774376216598834
0.3430543266678464,0.00015926384710670678,0.0001946558131304194,0.00024774376216598834
0.34331976641302425,0.00015926384710670678,0.0001946558131304194,0.00024774376216598834
0.3435852061582021,0.00015926384710670678,0.0001946558131304194,0.00024774376216598834
0.34385064590337994,0.00015926384710670678,0.0001946558131304194,0.00024774376216598834
0.3441160856485578,0.00015926384710670678,0.0001946558131304194,0.00024774376216598834
0.3443815253937356,0.00015926384710670678,0.0001946558131304194,0.00024774376216598834
0.34464696513891346,0.00015926384710670678,0.0001946558131304194,0.00024774376216598834
0.3449124048840913,0.00015926384710670678,0.0001946558131304194,0.00024774376216598834
0.34517784462926915,0.00015926384710670678,0.0001946558131304194,0.00024774376216598834
0.345443284374447,0.00015926384710670678,0.0001946558131304194,0.00024774376216598834
0.34570872411962483,0.00015926384710670678,0.0001946558131304194,0.00024774376216598834
0.3459741638648027,0.00015926384710670678,0.0001946558131304194,0.00024774376216598834
0.3462396036099805,0.00015926384710670678,0.0001946558131304194,0.00024774376216598834
0.34650504335515836,0.00015926384710670678,0.0001946558131304194,0.00024774376216598834
0.3467704831003362,0.00015926384710670678,0.0001946558131304194,0.00024774376216598834
0.34703592284551404,0.00015926384710670678,0.0001946558131304194,0.00024774376216598834
0.3473013625906919,0.00015926384710670678,0.0001946558131304194,0.00024774376216598834
0.3475668023358698,0.00015926384710670678,0.0001946558131304194,0.00024774376216598834
0.3478322420810476,0.00015926384710670678,0.0001946558131304194,0.00024774376216598834
0.34809768182622547,0.00015926384710670678,0.0001946558131304194,0.00024774376216598834
0.3483631215714033,0.00015926384710670678,0.0001946558131304194,0.00024774376216598834
0.34862856131658115,0.00015926384710670678,0.0001946558131304194,0.00024774376216598834
0.348894001061759,0.00015926384710670678,0.0001946558131304194,0.00024774376216598834
0.34915944080693684,0.00015926384710670678,0.0001946558131304194,0.00024774376216598834
0.3494248805521147,0.00015926384710670678,0.0001946558131304194,0.00024774376216598834
0.3496903202972925,0.00015926384710670678,0.0001946558131304194,0.00024774376216598834
0.34995576004247037,0.00015926384710670678,0.0001946558131304194,0.00024774376216598834
0.3502211997876482,0.00015926384710670678,0.0001946558131304194,0.00024774376216598834
0.35048663953282605,0.00015926384710670678,0.0001946558131304194,0.00024774376216598834
0.3507520792780039,0.00015926384710670678,0.0001946558131304194,0.00024774376216598834
0.35101751902318173,0.00015926384710670678,0.0001946558131304194,0.00024774376216598834
0.3512829587683596,0.00015926384710670678,0.0001946558131304194,0.00024774376216598834
0.3515483985135374,0.00015926384710670678,0.0001946558131304194,0.00024774376216598834
0.35181383825871526,0.00015926384710670678,0.0001946558131304194,0.00024774376216598834
0.3520792780038931,0.00015926384710670678,0.0001946558131304194,0.00024774376216598834
0.35234471774907095,0.00015926384710670678,0.0001946558131304194,0.00024774376216598834
0.3526101574942488,0.00015926384710670678,0.0001946558131304194,0.00024774376216598834
0.35287559723942663,0.00015926384710670678,0.0001946558131304194,0.00024774376216598834
0.3531410369846045,0.00015926384710670678,0.0001946558131304194,0.00024774376216598834
0.3534064767297823,0.00015926384710670678,0.0001946558131304194,0.00024774376216598834
0.35367191647496016,0.00015926384710670678,0.0001946558131304194,0.00024774376216598834
0.35393735622013806,0.00015926384710670678,0.0001946558131304194,0.00024774376216598834
0.3542027959653159,0.00015926384710670678,0.0001946558131304194,0.00024774376216598834
0.35446823571049374,0.00015926384710670678,0.0001946558131304194,0.00024774376216598834
0.3547336754556716,0.00015926384710670678,0.0001946558131304194,0.00024774376216598834
0.3549991152008494,0.00015926384710670678,0.0001946558131304194,0.00024774376216598834
0.35526455494602727,0.00015926384710670678,0.0001946558131304194,0.00024774376216598834
0.3555299946912051,0.00015926384710670678,0.0001946558131304194,0.00024774376216598834
0.35579543443638295,0.00015926384710670678,0.0001946558131304194,0.00024774376216598834
0.3560608741815608,0.00015926384710670678,0.0001946558131304194,0.00024774376216598834
0.35632631392673864,0.00015926384710670678,0.0001946558131304194,0.00024774376216598834
0.3565917536719165,0.00015926384710670678,0.0001946558131304194,0.00024774376216598834
0.3568571934170943,0.00015926384710670678,0.0001946558131304194,0.00024774376216598834
0.35712263316227216,0.00015926384710670678,0.0001946558131304194,0.00024774376216598834
0.35738807290745,0.00015926384710670678,0.0001946558131304194,0.00024774376216598834
0.35765351265262785,0.00015926384710670678,0.0001946558131304194,0.00024774376216598834
0.3579189523978057,0.00015926384710670678,0.0001946558131304194,0.00024774376216598834
0.35818439214298353,0.00015926384710670678,0.0001946558131304194,0.00024774376216598834
0.3584498318881614,0.00015926384710670678,0.0001946558131304194,0.00024774376216598834
0.3587152716333392,0.00015926384710670678,0.0001946558131304194,0.00024774376216598834
0.35898071137851706,0.00015926384710670678,0.0001946558131304194,0.00024774376216598834
0.3592461511236949,0.00015926384710670678,0.0001946558131304194,0.00024774376216598834
0.35951159086887274,0.00015926384710670678,0.0001946558131304194,0.00024774376216598834
0.3597770306140506,0.00015926384710670678,0.0001946558131304194,0.00024774376216598834
0.36004247035922843,0.00015926384710670678,0.0001946558131304194,0.00024774376216598834
0.3603079101044063,0.00015926384710670678,0.0001946558131304194,0.00024774376216598834
0.36057334984958417,0.00015926384710670678,0.0001946558131304194,0.00024774376216598834
0.360838789594762,0.00015926384710670678,0.0001946558131304194,0.00024774376216598834
0.36110422933993985,0.00015926384710670678,0.0001946558131304194,0.00024774376216598834
0.3613696690851177,0.00015926384710670678,0.0001946558131304194,0.00024774376216598834
0.36163510883029554,0.00015926384710670678,0.0001946558131304194,0.00024774376216598834
0.3619005485754734,0.00015926384710670678,0.0001946558131304194,0.00024774376216598834
0.3621659883206512,0.00015926384710670678,0.0001946558131304194,0.00024774376216598834
0.36243142806582906,0.00015926384710670678,0.0001946558131304194,0.00024774376216598834
0.3626968678110069,0.00015926384710670678,0.0001946558131304194,0.00024774376216598834
0.36296230755618475,0.00015926384710670678,0.0001946558131304194,0.00024774376216598834
0.3632277473013626,0.00015926384710670678,0.0001946558131304194,0.00024774376216598834
0.36349318704654043,0.00015926384710670678,0.0001946558131304194,0.00024774376216598834
0.3637586267917183,0.00017695983011856308,0.0001946558131304194,0.00024774376216598834
0.3640240665368961,0.00017695983011856308,0.0001946558131304194,0.00024774376216598834
0.36428950628207396,0.00017695983011856308,0.0001946558131304194,0.00024774376216598834
0.3645549460272518,0.00017695983011856308,0.0001946558131304194,0.00024774376216598834
0.36482038577242965,0.00017695983011856308,0.0001946558131304194,0.00024774376216598834
0.3650858255176075,0.00017695983011856308,0.0001946558131304194,0.00024774376216598834
0.36535126526278533,0.00017695983011856308,0.0001946558131304194,0.00024774376216598834
0.36561670500796317,0.00017695983011856308,0.0001946558131304194,0.00024774376216598834
0.365882144753141,0.00017695983011856308,0.0001946558131304194,0.00024774376216598834
0.36614758449831886,0.00017695983011856308,0.0001946558131304194,0.00024774376216598834
0.3664130242434967,0.00017695983011856308,0.0001946558131304194,0.00024774376216598834
0.3666784639886746,0.00017695983011856308,0.0001946558131304194,0.00024774376216598834
0.36694390373385244,0.00017695983011856308,0.0001946558131304194,0.00024774376216598834
0.3672093434790303,0.00017695983011856308,0.0001946558131304194,0.00024774376216598834
0.3674747832242081,0.00017695983011856308,0.0001946558131304194,0.00024774376216598834
0.36774022296938597,0.00017695983011856308,0.0001946558131304194,0.00024774376216598834
0.3680056627145638,0.00017695983011856308,0.0001946558131304194,0.00024774376216598834
0.36827110245974165,0.00017695983011856308,0.0001946558131304194,0.00024774376216598834
0.3685365422049195,0.00017695983011856308,0.0001946558131304194,0.00024774376216598834
0.36880198195009734,0.00017695983011856308,0.0001946558131304194,0.00024774376216598834
0.3690674216952752,0.00017695983011856308,0.0001946558131304194,0.00024774376216598834
0.369332861440453,0.00017695983011856308,0.0001946558131304194,0.00026145814900017705
0.36959830118563086,0.00017695983011856308,0.0001946558131304194,0.00026145814900017705
0.3698637409308087,0.00017695983011856308,0.0001946558131304194,0.00026543974517784463
0.37012918067598655,0.00017695983011856308,0.0001946558131304194,0.00026543974517784463
0.3703946204211644,0.00017695983011856308,0.0001946558131304194,0.00026543974517784463
0.37066006016634223,0.00017695983011856308,0.0001946558131304194,0.00026543974517784463
0.3709254999115201,0.00017695983011856308,0.0001946558131304194,0.00026543974517784463
0.3711909396566979,0.00017695983011856308,0.0001946558131304194,0.00026543974517784463
0.37145637940187576,0.00017695983011856308,0.0001946558131304194,0.00026543974517784463
0.3717218191470536,0.00017695983011856308,0.00020350380463634755,0.00026543974517784463
0.37198725889223144,0.00017695983011856308,0.00020350380463634755,0.00026543974517784463
0.3722526986374093,0.00017695983011856308,0.0002123517961422757,0.00026543974517784463
0.3725181383825871,0.00017695983011856308,0.0002123517961422757,0.00026543974517784463
0.37278357812776497,0.00017695983011856308,0.0002123517961422757,0.00026543974517784463
0.37304901787294287,0.00017695983011856308,0.0002123517961422757,0.00026543974517784463
0.3733144576181207,0.00017695983011856308,0.0002123517961422757,0.00026543974517784463
0.37357989736329855,0.00017695983011856308,0.0002123517961422757,0.00026543974517784463
0.3738453371084764,0.00017695983011856308,0.0002123517961422757,0.00026543974517784463
0.37411077685365424,0.00017695983011856308,0.0002123517961422757,0.00026543974517784463
0.3743762165988321,0.00017695983011856308,0.0002123517961422757,0.00026543974517784463
0.3746416563440099,0.00017695983011856308,0.0002123517961422757,0.00026543974517784463
0.37490709608918776,0.00017695983011856308,0.0002123517961422757,0.00026543974517784463
0.3751725358343656,0.00017695983011856308,0.0002123517961422757,0.00026543974517784463
0.37543797557954345,0.00017695983011856308,0.0002123517961422757,0.00026543974517784463
0.3757034153247213,0.00017695983011856308,0.0002123517961422757,0.00026543974517784463
0.37596885506989913,0.00017695983011856308,0.0002123517961422757,0.00026543974517784463
0.376234294815077,0.00017695983011856308,0.0002123517961422757,0.00026543974517784463
0.3764997345602548,0.00017695983011856308,0.0002123517961422757,0.00026543974517784463
0.37676517430543266,0.00017695983011856308,0.0002123517961422757,0.00026543974517784463
0.3770306140506105,0.00017695983011856308,0.0002123517961422757,0.00026543974517784463
0.37729605379578834,0.00017695983011856308,0.0002123517961422757,0.00026543974517784463
0.3775614935409662,0.00017695983011856308,0.0002123517961422757,0.00026543974517784463
0.37782693328614403,0.00017695983011856308,0.0002123517961422757,0.00026543974517784463
0.37809237303132187,0.00017695983011856308,0.0002123517961422757,0.00026543974517784463
0.3783578127764997,0.00017695983011856308,0.0002123517961422757,0.00026543974517784463
0.37862325252167756,0.00017695983011856308,0.0002123517961422757,0.00026543974517784463
0.3788886922668554,0.00017695983011856308,0.0002123517961422757,0.00026543974517784463
0.3791541320120333,0.00017695983011856308,0.0002123517961422757,0.00026543974517784463
0.37941957175721114,0.00017695983011856308,0.0002123517961422757,0.00026543974517784463
0.379685011502389,0.00017695983011856308,0.0002123517961422757,0.00026543974517784463
0.3799504512475668,0.00017695983011856308,0.0002123517961422757,0.00026543974517784463
0.38021589099274467,0.00017695983011856308,0.0002123517961422757,0.00026543974517784463
0.3804813307379225,0.00017695983011856308,0.0002123517961422757,0.00026543974517784463
0.38074677048310035,0.00017695983011856308,0.0002123517961422757,0.00026543974517784463
0.3809945142452663,0.00017695983011856308,0.0002123517961422757,0.00026543974517784463
0.38124225800743233,0.00017695983011856308,0.0002123517961422757,0.00026543974517784463
0.3814900017695983,0.00017695983011856308,0.0002123517961422757,0.00026543974517784463
0.3817377455317643,0.00017695983011856308,0.0002123517961422757,0.00026543974517784463
0.3819854892939303,0.00017695983011856308,0.0002123517961422757,0.00026543974517784463
0.38223323305609624,0.00017695983011856308,0.0002123517961422757,0.00026543974517784463
0.38248097681826226,0.00017695983011856308,0.0002123517961422757,0.00026543974517784463
0.3827287205804282,0.00017695983011856308,0.0002123517961422757,0.00026543974517784463
0.38297646434259425,0.00017695983011856308,0.0002123517961422757,0.00026543974517784463
0.3832242081047602,0.00017695983011856308,0.0002123517961422757,0.00026543974517784463
0.38347195186692623,0.00017695983011856308,0.0002123517961422757,0.00026543974517784463
0.3837196956290922,0.00017695983011856308,0.0002123517961422757,0.00026543974517784463
0.38396743939125816,0.00017695983011856308,0.0002123517961422757,0.00026543974517784463
0.3842151831534242,0.00017695983011856308,0.0002123517961422757,0.00026543974517784463
0.38446292691559014,0.00017695983011856308,0.0002123517961422757,0.00026543974517784463
0.38471067067775616,0.00017695983011856308,0.0002123517961422757,0.00026543974517784463
0.3849584144399221,0.00017695983011856308,0.0002123517961422757,0.00026543974517784463
0.38520615820208814,0.00017695983011856308,0.0002123517961422757,0.00027915413201203335
0.3854539019642541,0.00017695983011856308,0.0002123517961422757,0.00027915413201203335
0.38570164572642013,0.00017695983011856308,0.0002123517961422757,0.00027915413201203335
0.3859493894885861,0.00017695983011856308,0.0002123517961422757,0.00027915413201203335
0.38619713325075206,0.00017695983011856308,0.0002123517961422757,0.00027915413201203335
0.3864448770129181,0.00017695983011856308,0.0002123517961422757,0.00027915413201203335
0.38669262077508404,0.00017695983011856308,0.0002123517961422757,0.00027915413201203335
0.38694036453725006,0.00017695983011856308,0.0002123517961422757,0.00027915413201203335
0.387188108299416,0.00017695983011856308,0.0002123517961422757,0.00027915413201203335
0.38743585206158204,0.00017695983011856308,0.0002123517961422757,0.00027915413201203335
0.387683595823748,0.00017695983011856308,0.0002123517961422757,0.00027915413201203335
0.38793133958591397,0.00017695983011856308,0.0002123517961422757,0.00027915413201203335
0.38817908334808,0.00017695983011856308,0.0002123517961422757,0.00027915413201203335
0.38842682711024595,0.00017695983011856308,0.0002123517961422757,0.00027915413201203335
0.388674570872412,0.00017695983011856308,0.0002123517961422757,0.00027915413201203335
0.38892231463457794,0.00017695983011856308,0.0002123517961422757,0.00027915413201203335
0.38917005839674396,0.00017695983011856308,0.0002123517961422757,0.00027915413201203335
0.3894178021589099,0.00017695983011856308,0.0002123517961422757,0.00027915413201203335
0.38966554592107594,0.00017695983011856308,0.0002123517961422757,0.00027915413201203335
0.3899132896832419,0.00017695983011856308,0.0002123517961422757,0.0002831357281897009
0.39016103344540787,0.00017695983011856308,0.0002123517961422757,0.0002831357281897009
0.3904087772075739,0.00017695983011856308,0.0002123517961422757,0.0002831357281897009
0.39065652096973985,0.00017695983011856308,0.0002123517961422757,0.0002831357281897009
0.39090426473190587,0.00017695983011856308,0.0002123517961422757,0.0002831357281897009
0.39115200849407183,0.00017695983011856308,0.0002123517961422757,0.0002831357281897009
0.39139975225623785,0.00017695983011856308,0.0002123517961422757,0.0002831357281897009
0.3916474960184038,0.00017695983011856308,0.0002123517961422757,0.0002831357281897009
0.39189523978056984,0.00017695983011856308,0.0002123517961422757,0.0002831357281897009
0.3921429835427358,0.00017695983011856308,0.0002123517961422757,0.0002831357281897009
0.39239072730490177,0.00017695983011856308,0.0002123517961422757,0.0002831357281897009
0.3926384710670678,0.00017695983011856308,0.0002123517961422757,0.0002831357281897009
0.39288621482923375,0.00017695983011856308,0.0002123517961422757,0.0002831357281897009
0.39313395859139977,0.00017695983011856308,0.0002123517961422757,0.0002831357281897009
0.39338170235356573,0.00017695983011856308,0.0002123517961422757,0.0002831357281897009
0.39362944611573175,0.00017695983011856308,0.0002123517961422757,0.0002831357281897009
0.3938771898778977,0.00017695983011856308,0.0002123517961422757,0.0002831357281897009
0.3941249336400637,0.00017695983011856308,0.0002123517961422757,0.0002831357281897009
0.3943726774022297,0.00017695983011856308,0.0002123517961422757,0.0002831357281897009
0.39462042116439566,0.00017695983011856308,0.0002123517961422757,0.0002831357281897009
0.3948681649265617,0.00017695983011856308,0.0002123517961422757,0.0002831357281897009
0.39511590868872765,0.00017695983011856308,0.0002123517961422757,0.0002831357281897009
0.39536365245089367,0.00017695983011856308,0.0002123517961422757,0.0002831357281897009
0.39561139621305963,0.00017695983011856308,0.0002123517961422757,0.0002831357281897009
0.39585913997522565,0.00017695983011856308,0.0002123517961422757,0.0002831357281897009
0.3961068837373916,0.00017695983011856308,0.0002123517961422757,0.0002831357281897009
0.3963546274995576,0.00017695983011856308,0.0002123517961422757,0.0002831357281897009
0.3966023712617236,0.00017695983011856308,0.0002123517961422757,0.0002831357281897009
0.39685011502388956,0.00017695983011856308,0.0002123517961422757,0.0002831357281897009
0.3970978587860556,0.00017695983011856308,0.0002123517961422757,0.0002831357281897009
0.39734560254822154,0.00017695983011856308,0.0002123517961422757,0.0002831357281897009
0.39759334631038756,0.00017695983011856308,0.0002123517961422757,0.0002831357281897009
0.3978410900725535,0.00017695983011856308,0.0002123517961422757,0.0002831357281897009
0.3980888338347195,0.00017695983011856308,0.0002123517961422757,0.0002831357281897009
0.3983365775968855,0.00017695983011856308,0.0002123517961422757,0.0002831357281897009
0.3985843213590515,0.00017695983011856308,0.0002123517961422757,0.0002831357281897009
0.3988320651212175,0.00017695983011856308,0.0002123517961422757,0.0002831357281897009
0.39907980888338346,0.00017695983011856308,0.0002123517961422757,0.0002831357281897009
0.3993275526455495,0.00017695983011856308,0.0002123517961422757,0.0002831357281897009
0.39957529640771544,0.00017695983011856308,0.0002123517961422757,0.0002831357281897009
0.39982304016988146,0.00017695983011856308,0.0002123517961422757,0.0002831357281897009
0.4000707839320474,0.00017695983011856308,0.0002123517961422757,0.0002831357281897009
0.4003185276942134,0.00017695983011856308,0.0002123517961422757,0.0002831357281897009
0.4005662714563794,0.00017695983011856308,0.0002123517961422757,0.0002831357281897009
0.40081401521854537,0.00017695983011856308,0.0002123517961422757,0.0002831357281897009
0.4010617589807114,0.00017695983011856308,0.0002123517961422757,0.0002831357281897009
0.40130950274287736,0.00017695983011856308,0.0002123517961422757,0.0002831357281897009
0.4015572465050434,0.00017695983011856308,0.0002123517961422757,0.0002831357281897009
0.40180499026720934,0.00017695983011856308,0.0002123517961422757,0.0002831357281897009
0.40205273402937536,0.00017695983011856308,0.0002123517961422757,0.0002831357281897009
0.4023004777915413,0.00017695983011856308,0.0002123517961422757,0.0002831357281897009
0.4025482215537073,0.00017695983011856308,0.0002123517961422757,0.0002831357281897009
0.4027959653158733,0.00017695983011856308,0.0002123517961422757,0.0002831357281897009
0.40304370907803927,0.00017695983011856308,0.0002123517961422757,0.0002831357281897009
0.4032914528402053,0.00017695983011856308,0.0002123517961422757,0.0002831357281897009
0.40353919660237125,0.00017695983011856308,0.0002123517961422757,0.0002831357281897009
0.4037869403645373,0.00017695983011856308,0.0002123517961422757,0.0002831357281897009
0.40403468412670324,0.00017695983011856308,0.0002123517961422757,0.0002831357281897009
0.4042824278888692,0.00017695983011856308,0.0002123517961422757,0.0002831357281897009
0.4045301716510352,0.00017695983011856308,0.0002123517961422757,0.0002831357281897009
0.4047779154132012,0.00017695983011856308,0.0002123517961422757,0.0002831357281897009
0.4050256591753672,0.00017695983011856308,0.0002123517961422757,0.0002831357281897009
0.40527340293753317,0.00017695983011856308,0.0002123517961422757,0.0002831357281897009
0.4055211466996992,0.00017695983011856308,0.0002123517961422757,0.0002831357281897009
0.40576889046186515,0.00017695983011856308,0.0002123517961422757,0.0002831357281897009
0.40601663422403117,0.00017695983011856308,0.0002123517961422757,0.0002831357281897009
0.40626437798619713,0.00017695983011856308,0.0002123517961422757,0.0002831357281897009
0.4065121217483631,0.00018094142629623077,0.0002123517961422757,0.0002831357281897009
0.4067598655105291,0.00018094142629623077,0.0002123517961422757,0.0002831357281897009
0.4070076092726951,0.0001946558131304194,0.0002123517961422757,0.0002831357281897009
0.4072553530348611,0.0001946558131304194,0.00023004777915413202,0.0002831357281897009
0.40750309679702706,0.0001946558131304194,0.00023004777915413202,0.0002831357281897009
0.4077508405591931,0.0001946558131304194,0.00023004777915413202,0.0002831357281897009
0.40799858432135905,0.0001946558131304194,0.00023004777915413202,0.0002831357281897009
0.40824632808352507,0.0001946558131304194,0.00023004777915413202,0.0002831357281897009
0.40849407184569103,0.0001946558131304194,0.00023004777915413202,0.0002831357281897009
0.408741815607857,0.0001946558131304194,0.00023004777915413202,0.0002831357281897009
0.408989559370023,0.0001946558131304194,0.00023004777915413202,0.0002831357281897009
0.409237303132189,0.0001946558131304194,0.00023004777915413202,0.0002831357281897009
0.409485046894355,0.0001946558131304194,0.00023004777915413202,0.0002831357281897009
0.40973279065652096,0.0001946558131304194,0.00023004777915413202,0.0002831357281897009
0.409980534418687,0.0001946558131304194,0.00023004777915413202,0.0002831357281897009
0.41022827818085295,0.0001946558131304194,0.00023004777915413202,0.0002831357281897009
0.4104760219430189,0.0001946558131304194,0.00023004777915413202,0.0002831357281897009
0.41072376570518493,0.0001946558131304194,0.00023004777915413202,0.0002831357281897009
0.4109715094673509,0.0001946558131304194,0.00023004777915413202,0.0002831357281897009
0.4112192532295169,0.0001946558131304194,0.00023004777915413202,0.0002831357281897009
0.4114669969916829,0.0001946558131304194,0.00023004777915413202,0.0002831357281897009
0.4117147407538489,0.0001946558131304194,0.00023004777915413202,0.0002831357281897009
0.41196248451601486,0.0001946558131304194,0.00023004777915413202,0.0002831357281897009
0.4122102282781809,0.0001946558131304194,0.00023004777915413202,0.0002831357281897009
0.41245797204034684,0.0001946558131304194,0.00023004777915413202,0.0002831357281897009
0.4127057158025128,0.0001946558131304194,0.00023004777915413202,0.0002831357281897009
0.4129534595646788,0.0001946558131304194,0.00023004777915413202,0.0002831357281897009
0.4132012033268448,0.0001946558131304194,0.00023004777915413202,0.0002831357281897009
0.4134489470890108,0.0001946558131304194,0.00023004777915413202,0.0002831357281897009
0.4136966908511768,0.0001946558131304194,0.00023004777915413202,0.0002831357281897009
0.4139444346133428,0.0001946558131304194,0.00023004777915413202,0.0002831357281897009
0.41419217837550876,0.0001946558131304194,0.00023004777915413202,0.0002831357281897009
0.4144399221376747,0.0001946558131304194,0.00023004777915413202,0.0002831357281897009
0.41468766589984074,0.0001946558131304194,0.00023004777915413202,0.0002831357281897009
0.4149354096620067,0.0001946558131304194,0.00023004777915413202,0.0002831357281897009
0.4151831534241727,0.0001946558131304194,0.00023004777915413202,0.0002831357281897009
0.4154308971863387,0.0001946558131304194,0.00023004777915413202,0.0002831357281897009
0.4156786409485047,0.0001946558131304194,0.00023004777915413202,0.0002831357281897009
0.41592638471067067,0.0001946558131304194,0.00023004777915413202,0.0002831357281897009
0.4161741284728367,0.0001946558131304194,0.00023004777915413202,0.0002831357281897009
0.41642187223500265,0.0001946558131304194,0.00023004777915413202,0.0002831357281897009
0.4166696159971686,0.0001946558131304194,0.00023004777915413202,0.0002831357281897009
0.41691735975933464,0.0001946558131304194,0.00023004777915413202,0.0002831357281897009
0.4171651035215006,0.0001946558131304194,0.00023004777915413202,0.0002831357281897009
0.4174128472836666,0.0001946558131304194,0.00023004777915413202,0.0002831357281897009
0.4176605910458326,0.0001946558131304194,0.00023004777915413202,0.0002831357281897009
0.4179083348079986,0.0001946558131304194,0.00023004777915413202,0.0002831357281897009
0.41815607857016457,0.0001946558131304194,0.00023004777915413202,0.0002831357281897009
0.4184038223323306,0.0001946558131304194,0.00023004777915413202,0.0002831357281897009
0.41865156609449655,0.0001946558131304194,0.00023004777915413202,0.0002831357281897009
0.4188993098566625,0.0001946558131304194,0.00023004777915413202,0.0002831357281897009
0.41914705361882854,0.0001946558131304194,0.00023004777915413202,0.0002831357281897009
0.4193947973809945,0.0001946558131304194,0.00023004777915413202,0.0002831357281897009
0.4196425411431605,0.0001946558131304194,0.00023004777915413202,0.0002831357281897009
0.4198902849053265,0.0001946558131304194,0.00023004777915413202,0.0002831357281897009
0.4201380286674925,0.0001946558131304194,0.00023004777915413202,0.0002831357281897009
0.42038577242965847,0.0001946558131304194,0.00023004777915413202,0.0002831357281897009
0.42063351619182443,0.0001946558131304194,0.00023004777915413202,0.00029685011502388964
0.42088125995399045,0.0001946558131304194,0.00023004777915413202,0.00029685011502388964
0.4211290037161564,0.0001946558131304194,0.00023004777915413202,0.00029685011502388964
0.42137674747832243,0.0001946558131304194,0.00023004777915413202,0.00029685011502388964
0.4216244912404884,0.0001946558131304194,0.00023004777915413202,0.00029685011502388964
0.4218722350026544,0.0001946558131304194,0.00023004777915413202,0.00029685011502388964
0.4221199787648204,0.0001946558131304194,0.00023004777915413202,0.00029685011502388964
0.4223677225269864,0.0001946558131304194,0.00023004777915413202,0.00029685011502388964
0.42261546628915236,0.0001946558131304194,0.00023004777915413202,0.00029685011502388964
0.42286321005131833,0.0001946558131304194,0.00023004777915413202,0.00029685011502388964
0.42311095381348435,0.0001946558131304194,0.00023004777915413202,0.00029685011502388964
0.4233586975756503,0.0001946558131304194,0.00023004777915413202,0.00029685011502388964
0.42360644133781633,0.0001946558131304194,0.00023004777915413202,0.00029685011502388964
0.4238541850999823,0.0001946558131304194,0.00023004777915413202,0.00029685011502388964
0.4241019288621483,0.0001946558131304194,0.00023004777915413202,0.00029685011502388964
0.4243496726243143,0.0001946558131304194,0.00023004777915413202,0.00029685011502388964
0.42459741638648024,0.0001946558131304194,0.00023004777915413202,0.00029685011502388964
0.42484516014864626,0.0001946558131304194,0.00023004777915413202,0.0003008317112015572
0.4250929039108122,0.0001946558131304194,0.00023004777915413202,0.0003008317112015572
0.42532295168996637,0.0001946558131304194,0.00023004777915413202,0.0003008317112015572
0.4255529994691205,0.0001946558131304194,0.00023004777915413202,0.0003008317112015572
0.42578304724827465,0.0001946558131304194,0.00023004777915413202,0.0003008317112015572
0.4260130950274288,0.0001946558131304194,0.00023004777915413202,0.000314546098035746
0.42624314280658293,0.0001946558131304194,0.00023004777915413202,0.000314546098035746
0.426473190585737,0.0001946558131304194,0.00023004777915413202,0.000314546098035746
0.42670323836489116,0.0001946558131304194,0.00023004777915413202,0.000314546098035746
0.4269332861440453,0.0001946558131304194,0.00023004777915413202,0.000314546098035746
0.42716333392319944,0.0001946558131304194,0.00023004777915413202,0.000314546098035746
0.4273933817023536,0.0001946558131304194,0.00023004777915413202,0.000314546098035746
0.4276234294815077,0.0001946558131304194,0.00023004777915413202,0.000314546098035746
0.4278534772606618,0.0001946558131304194,0.00023004777915413202,0.000314546098035746
0.42808352503981595,0.0001946558131304194,0.00023004777915413202,0.000314546098035746
0.4283135728189701,0.0001946558131304194,0.00023004777915413202,0.000314546098035746
0.42854362059812423,0.0001946558131304194,0.00023004777915413202,0.000314546098035746
0.42877366837727837,0.0001946558131304194,0.00023004777915413202,0.000314546098035746
0.4290037161564325,0.0001946558131304194,0.00023004777915413202,0.000314546098035746
0.4292337639355866,0.0001946558131304194,0.00023004777915413202,0.00031852769421341357
0.42946381171474074,0.0001946558131304194,0.00023004777915413202,0.00031852769421341357
0.4296938594938949,0.0001946558131304194,0.00023004777915413202,0.00031852769421341357
0.429923907273049,0.0001946558131304194,0.00023004777915413202,0.00031852769421341357
0.43015395505220316,0.0001946558131304194,0.00023004777915413202,0.00031852769421341357
0.4303840028313573,0.0001946558131304194,0.00023004777915413202,0.00031852769421341357
0.4306140506105114,0.0001946558131304194,0.00023004777915413202,0.00031852769421341357
0.43084409838966553,0.0001946558131304194,0.00023004777915413202,0.00031852769421341357
0.43107414616881967,0.0001946558131304194,0.00023004777915413202,0.00031852769421341357
0.4313041939479738,0.0001946558131304194,0.00023004777915413202,0.00031852769421341357
0.43153424172712795,0.0001946558131304194,0.00023004777915413202,0.00031852769421341357
0.4317642895062821,0.0001986374093080871,0.00023004777915413202,0.00031852769421341357
0.4319943372854362,0.0001986374093080871,0.00023004777915413202,0.00031852769421341357
0.4322243850645903,0.0001986374093080871,0.00023004777915413202,0.00031852769421341357
0.43245443284374446,0.0001986374093080871,0.00023004777915413202,0.00031852769421341357
0.4326844806228986,0.0001986374093080871,0.00023004777915413202,0.00031852769421341357
0.43291452840205275,0.0001986374093080871,0.00023004777915413202,0.00031852769421341357
0.4331445761812069,0.0001986374093080871,0.00023004777915413202,0.00031852769421341357
0.43337462396036097,0.0001986374093080871,0.00023004777915413202,0.00031852769421341357
0.4336046717395151,0.0001986374093080871,0.00023004777915413202,0.00031852769421341357
0.43383471951866925,0.0001986374093080871,0.00023004777915413202,0.00031852769421341357
0.4340647672978234,0.0001986374093080871,0.00023004777915413202,0.00031852769421341357
0.43429481507697754,0.0001986374093080871,0.00023004777915413202,0.00031852769421341357
0.4345248628561317,0.0001986374093080871,0.00023004777915413202,0.00031852769421341357
0.43475491063528576,0.0001986374093080871,0.00023004777915413202,0.00031852769421341357
0.4349849584144399,0.0001986374093080871,0.00023004777915413202,0.00031852769421341357
0.43521500619359405,0.0001986374093080871,0.00023004777915413202,0.00031852769421341357
0.4354450539727482,0.0001986374093080871,0.00023004777915413202,0.00031852769421341357
0.4356751017519023,0.0001986374093080871,0.00023004777915413202,0.00031852769421341357
0.43590514953105647,0.0001986374093080871,0.00023004777915413202,0.00031852769421341357
0.4361351973102106,0.0002123517961422757,0.00023004777915413202,0.00031852769421341357
0.4363652450893647,0.0002123517961422757,0.00023004777915413202,0.00031852769421341357
0.43659529286851884,0.0002123517961422757,0.00023004777915413202,0.00031852769421341357
0.436825340647673,0.0002123517961422757,0.00023004777915413202,0.00031852769421341357
0.4370553884268271,0.0002123517961422757,0.00023004777915413202,0.00031852769421341357
0.43728543620598126,0.0002123517961422757,0.00023004777915413202,0.00031852769421341357
0.4375154839851354,0.0002123517961422757,0.00023889577066006016,0.00031852769421341357
0.4377455317642895,0.0002123517961422757,0.00024774376216598834,0.00031852769421341357
0.4379755795434436,0.0002123517961422757,0.00024774376216598834,0.00031852769421341357
0.43820562732259777,0.0002123517961422757,0.00024774376216598834,0.00031852769421341357
0.4384356751017519,0.0002123517961422757,0.00024774376216598834,0.00031852769421341357
0.43866572288090605,0.0002123517961422757,0.00024774376216598834,0.00031852769421341357
0.4388957706600602,0.0002123517961422757,0.00024774376216598834,0.00031852769421341357
0.4391258184392143,0.0002123517961422757,0.00024774376216598834,0.00031852769421341357
0.4393558662183684,0.0002123517961422757,0.00024774376216598834,0.00031852769421341357
0.43958591399752256,0.0002123517961422757,0.00024774376216598834,0.00031852769421341357
0.4398159617766767,0.0002123517961422757,0.00024774376216598834,0.00031852769421341357
0.44004600955583084,0.0002123517961422757,0.00024774376216598834,0.00031852769421341357
0.440276057334985,0.0002123517961422757,0.00024774376216598834,0.00031852769421341357
0.44050610511413907,0.0002123517961422757,0.00024774376216598834,0.00031852769421341357
0.4407361528932932,0.0002123517961422757,0.00024774376216598834,0.00031852769421341357
0.44096620067244735,0.0002123517961422757,0.00024774376216598834,0.00031852769421341357
0.4411962484516015,0.0002123517961422757,0.00024774376216598834,0.00031852769421341357
0.44142629623075563,0.0002123517961422757,0.00024774376216598834,0.00031852769421341357
0.4416563440099098,0.0002123517961422757,0.00024774376216598834,0.00031852769421341357
0.44188639178906386,0.0002123517961422757,0.00024774376216598834,0.00031852769421341357
0.442116439568218,0.0002123517961422757,0.00024774376216598834,0.00031852769421341357
0.44234648734737214,0.0002123517961422757,0.00024774376216598834,0.00031852769421341357
0.4425765351265263,0.0002123517961422757,0.00024774376216598834,0.00031852769421341357
0.4428065829056804,0.0002123517961422757,0.00024774376216598834,0.00031852769421341357
0.44303663068483456,0.0002123517961422757,0.00024774376216598834,0.00031852769421341357
0.44326667846398865,0.0002123517961422757,0.00024774376216598834,0.00031852769421341357
0.4434967262431428,0.0002123517961422757,0.00024774376216598834,0.00031852769421341357
0.44372677402229693,0.0002123517961422757,0.00024774376216598834,0.00031852769421341357
0.4439568218014511,0.0002123517961422757,0.00024774376216598834,0.00031852769421341357
0.4441868695806052,0.0002123517961422757,0.00024774376216598834,0.00031852769421341357
0.44441691735975936,0.0002123517961422757,0.00024774376216598834,0.00031852769421341357
0.44464696513891344,0.0002123517961422757,0.00024774376216598834,0.00031852769421341357
0.4448770129180676,0.0002123517961422757,0.00024774376216598834,0.00031852769421341357
0.4451070606972217,0.0002123517961422757,0.00024774376216598834,0.00031852769421341357
0.44533710847637586,0.0002123517961422757,0.00024774376216598834,0.00031852769421341357
0.44556715625553,0.0002123517961422757,0.00024774376216598834,0.00031852769421341357
0.44579720403468415,0.0002123517961422757,0.00024774376216598834,0.00031852769421341357
0.44602725181383823,0.0002123517961422757,0.00024774376216598834,0.00031852769421341357
0.4462572995929924,0.0002123517961422757,0.00024774376216598834,0.00031852769421341357
0.4464873473721465,0.0002123517961422757,0.00024774376216598834,0.00031852769421341357
0.44671739515130066,0.0002123517961422757,0.00024774376216598834,0.00031852769421341357
0.4469474429304548,0.0002123517961422757,0.00024774376216598834,0.00031852769421341357
0.44717749070960894,0.0002123517961422757,0.00024774376216598834,0.00031852769421341357
0.447407538488763,0.0002123517961422757,0.00024774376216598834,0.00031852769421341357
0.44763758626791716,0.0002123517961422757,0.00024774376216598834,0.00031852769421341357
0.4478676340470713,0.0002123517961422757,0.00024774376216598834,0.00031852769421341357
0.44809768182622545,0.0002123517961422757,0.00024774376216598834,0.00031852769421341357
0.4483277296053796,0.0002123517961422757,0.00024774376216598834,0.00031852769421341357
0.44855777738453373,0.0002123517961422757,0.00024774376216598834,0.00031852769421341357
0.44878782516368787,0.0002123517961422757,0.00024774376216598834,0.00031852769421341357
0.44901787294284196,0.0002123517961422757,0.00024774376216598834,0.00031852769421341357
0.4492479207219961,0.0002123517961422757,0.00024774376216598834,0.00031852769421341357
0.44947796850115024,0.0002123517961422757,0.00024774376216598834,0.00031852769421341357
0.4497080162803044,0.0002123517961422757,0.00024774376216598834,0.00031852769421341357
0.4499380640594585,0.0002123517961422757,0.00024774376216598834,0.00031852769421341357
0.45016811183861266,0.0002123517961422757,0.00024774376216598834,0.00031852769421341357
0.45039815961776675,0.0002123517961422757,0.00024774376216598834,0.00031852769421341357
0.4506282073969209,0.0002123517961422757,0.00024774376216598834,0.00031852769421341357
0.45085825517607503,0.0002123517961422757,0.00024774376216598834,0.00031852769421341357
0.45108830295522917,0.0002123517961422757,0.00024774376216598834,0.00031852769421341357
0.4513183507343833,0.0002123517961422757,0.00024774376216598834,0.00031852769421341357
0.45154839851353745,0.0002123517961422757,0.00024774376216598834,0.00031852769421341357
0.45177844629269154,0.0002123517961422757,0.00024774376216598834,0.00031852769421341357
0.4520084940718457,0.0002123517961422757,0.00024774376216598834,0.00031852769421341357
0.4522385418509998,0.0002123517961422757,0.00024774376216598834,0.00031852769421341357
0.45246858963015396,0.0002123517961422757,0.00024774376216598834,0.00031852769421341357
0.4526986374093081,0.0002123517961422757,0.00024774376216598834,0.00031852769421341357
0.45292868518846224,0.0002123517961422757,0.00024774376216598834,0.00031852769421341357
0.45315873296761633,0.0002123517961422757,0.00024774376216598834,0.00031852769421341357
0.45338878074677047,0.0002123517961422757,0.00024774376216598834,0.00031852769421341357
0.4536188285259246,0.0002123517961422757,0.00024774376216598834,0.00031852769421341357
0.45384887630507875,0.0002123517961422757,0.00024774376216598834,0.00031852769421341357
0.4540789240842329,0.0002123517961422757,0.00024774376216598834,0.00031852769421341357
0.45430897186338703,0.0002123517961422757,0.00024774376216598834,0.00031852769421341357
0.4545390196425411,0.0002123517961422757,0.00024774376216598834,0.00031852769421341357
0.45476906742169526,0.0002123517961422757,0.00024774376216598834,0.00031852769421341357
0.4549991152008494,0.0002123517961422757,0.00024774376216598834,0.00031852769421341357
0.45522916298000354,0.0002123517961422757,0.00024774376216598834,0.00031852769421341357
0.4554592107591577,0.0002123517961422757,0.00024774376216598834,0.00031852769421341357
0.4556892585383118,0.0002123517961422757,0.00024774376216598834,0.00031852769421341357
0.4559193063174659,0.0002123517961422757,0.00024774376216598834,0.00031852769421341357
0.45614935409662005,0.0002123517961422757,0.00024774376216598834,0.00031852769421341357
0.4563794018757742,0.0002123517961422757,0.00024774376216598834,0.00031852769421341357
0.45660944965492833,0.0002123517961422757,0.00024774376216598834,0.00031852769421341357
0.4568394974340825,0.0002123517961422757,0.00024774376216598834,0.00031852769421341357
0.4570695452132366,0.0002123517961422757,0.00024774376216598834,0.00031852769421341357
0.4572995929923907,0.0002123517961422757,0.00024774376216598834,0.00031852769421341357
0.45752964077154484,0.0002123517961422757,0.00024774376216598834,0.00031852769421341357
0.457759688550699,0.0002123517961422757,0.00024774376216598834,0.00031852769421341357
0.4579897363298531,0.0002123517961422757,0.00024774376216598834,0.00031852769421341357
0.45821978410900727,0.0002123517961422757,0.00024774376216598834,0.00031852769421341357
0.4584498318881614,0.0002123517961422757,0.00024774376216598834,0.00031852769421341357
0.4586798796673155,0.0002123517961422757,0.00024774376216598834,0.00031852769421341357
0.45890992744646963,0.0002123517961422757,0.00024774376216598834,0.00031852769421341357
0.4591399752256238,0.0002123517961422757,0.00024774376216598834,0.00031852769421341357
0.4593700230047779,0.0002123517961422757,0.00024774376216598834,0.00031852769421341357
0.45960007078393206,0.0002123517961422757,0.00024774376216598834,0.00031852769421341357
0.4598301185630862,0.0002123517961422757,0.00024774376216598834,0.00031852769421341357
0.4600601663422403,0.0002123517961422757,0.00024774376216598834,0.0003322420810476023
0.4602902141213944,0.0002123517961422757,0.00024774376216598834,0.0003322420810476023
0.46052026190054857,0.0002123517961422757,0.00024774376216598834,0.0003322420810476023
0.4607503096797027,0.0002123517961422757,0.00024774376216598834,0.0003322420810476023
0.46098035745885685,0.0002123517961422757,0.00024774376216598834,0.0003322420810476023
0.461210405238011,0.0002123517961422757,0.00024774376216598834,0.0003322420810476023
0.46149354096620065,0.0002123517961422757,0.00024774376216598834,0.0003322420810476023
0.4617766766943904,0.0002123517961422757,0.00024774376216598834,0.0003322420810476023
0.4620598124225801,0.0002123517961422757,0.00024774376216598834,0.00033622367722526986
0.46234294815076976,0.0002123517961422757,0.00024774376216598834,0.00033622367722526986
0.4626260838789595,0.0002123517961422757,0.00024774376216598834,0.00033622367722526986
0.4629092196071492,0.0002123517961422757,0.00024774376216598834,0.00033622367722526986
0.46319235533533887,0.0002123517961422757,0.00024774376216598834,0.00033622367722526986
0.4634754910635286,0.0002123517961422757,0.00024774376216598834,0.00033622367722526986
0.46375862679171825,0.0002123517961422757,0.00024774376216598834,0.00033622367722526986
0.464041762519908,0.0002123517961422757,0.00024774376216598834,0.00033622367722526986
0.4643248982480977,0.0002123517961422757,0.00024774376216598834,0.00033622367722526986
0.46460803397628736,0.0002123517961422757,0.00024774376216598834,0.00033622367722526986
0.4648911697044771,0.0002123517961422757,0.00024774376216598834,0.00033622367722526986
0.4651743054326668,0.0002123517961422757,0.00024774376216598834,0.00033622367722526986
0.46545744116085647,0.0002123517961422757,0.00024774376216598834,0.00033622367722526986
0.4657405768890462,0.0002123517961422757,0.00024774376216598834,0.00033622367722526986
0.4660237126172359,0.0002123517961422757,0.00024774376216598834,0.00033622367722526986
0.4663068483454256,0.0002123517961422757,0.00024774376216598834,0.00033622367722526986
0.4665899840736153,0.0002123517961422757,0.00024774376216598834,0.00033622367722526986
0.466873119801805,0.0002123517961422757,0.00024774376216598834,0.00033622367722526986
0.4671562555299947,0.0002123517961422757,0.00024774376216598834,0.00033622367722526986
0.4674393912581844,0.0002123517961422757,0.00024774376216598834,0.00033622367722526986
0.4677225269863741,0.0002123517961422757,0.00024774376216598834,0.00033622367722526986
0.4680056627145638,0.0002123517961422757,0.00024774376216598834,0.00033622367722526986
0.4682887984427535,0.0002123517961422757,0.00025659175367191646,0.00033622367722526986
0.46857193417094317,0.0002123517961422757,0.00025659175367191646,0.00033622367722526986
0.4688550698991329,0.0002123517961422757,0.00026543974517784463,0.00033622367722526986
0.4691382056273226,0.0002123517961422757,0.00026543974517784463,0.00033622367722526986
0.46940364537250046,0.0002123517961422757,0.00026543974517784463,0.00033622367722526986
0.4696690851176783,0.0002123517961422757,0.00026543974517784463,0.00033622367722526986
0.46993452486285614,0.0002123517961422757,0.00026543974517784463,0.00033622367722526986
0.470199964608034,0.0002123517961422757,0.00026543974517784463,0.00033622367722526986
0.4704654043532118,0.0002123517961422757,0.00026543974517784463,0.00033622367722526986
0.47073084409838967,0.0002123517961422757,0.00026543974517784463,0.00033622367722526986
0.4709962838435675,0.0002123517961422757,0.00026543974517784463,0.00033622367722526986
0.47126172358874535,0.0002123517961422757,0.00026543974517784463,0.00033622367722526986
0.4715271633339232,0.0002123517961422757,0.00026543974517784463,0.00033622367722526986
0.47179260307910104,0.0002123517961422757,0.00026543974517784463,0.00033622367722526986
0.4720580428242789,0.0002123517961422757,0.00026543974517784463,0.00033622367722526986
0.4723234825694567,0.0002123517961422757,0.00026543974517784463,0.00033622367722526986
0.47258892231463456,0.0002123517961422757,0.00026543974517784463,0.00033622367722526986
0.4728543620598124,0.0002123517961422757,0.00026543974517784463,0.00033622367722526986
0.47311980180499025,0.00021633339231994338,0.00026543974517784463,0.00033622367722526986
0.4733852415501681,0.00021633339231994338,0.00026543974517784463,0.00033622367722526986
0.47365068129534593,0.00021633339231994338,0.00026543974517784463,0.00033622367722526986
0.4739161210405238,0.00021633339231994338,0.00026543974517784463,0.00033622367722526986
0.4741815607857017,0.00021633339231994338,0.00026543974517784463,0.00033622367722526986
0.4744470005308795,0.00021633339231994338,0.00026543974517784463,0.00033622367722526986
0.47471244027605736,0.00021633339231994338,0.00026543974517784463,0.00033622367722526986
0.4749778800212352,0.00021633339231994338,0.00026543974517784463,0.00033622367722526986
0.47524331976641304,0.00021633339231994338,0.00026543974517784463,0.00033622367722526986
0.4755087595115909,0.00023004777915413202,0.00026543974517784463,0.00033622367722526986
0.4757741992567687,0.00023004777915413202,0.00026543974517784463,0.00033622367722526986
0.47603963900194657,0.00023004777915413202,0.00026543974517784463,0.00033622367722526986
0.4763050787471244,0.00023004777915413202,0.00026543974517784463,0.00033622367722526986
0.47657051849230225,0.00023004777915413202,0.00026543974517784463,0.00033622367722526986
0.4768359582374801,0.00023004777915413202,0.00026543974517784463,0.00033622367722526986
0.47710139798265794,0.00023004777915413202,0.00026543974517784463,0.00033622367722526986
0.4773668377278358,0.00023004777915413202,0.00026543974517784463,0.00033622367722526986
0.4776322774730136,0.00023004777915413202,0.00026543974517784463,0.00033622367722526986
0.47789771721819146,0.00023004777915413202,0.00026543974517784463,0.00033622367722526986
0.4781631569633693,0.00023004777915413202,0.00026543974517784463,0.00033622367722526986
0.47842859670854715,0.00023004777915413202,0.00026543974517784463,0.00033622367722526986
0.478694036453725,0.00023004777915413202,0.00026543974517784463,0.00033622367722526986
0.47895947619890283,0.00023004777915413202,0.00026543974517784463,0.00033622367722526986
0.4792249159440807,0.00023004777915413202,0.00026543974517784463,0.00033622367722526986
0.4794903556892585,0.00023004777915413202,0.00026543974517784463,0.00033622367722526986
0.47975579543443636,0.00023004777915413202,0.00026543974517784463,0.00033622367722526986
0.4800212351796142,0.00023004777915413202,0.00026543974517784463,0.00033622367722526986
0.48028667492479205,0.00023004777915413202,0.00026543974517784463,0.00033622367722526986
0.48055211466996994,0.00023004777915413202,0.00026543974517784463,0.00033622367722526986
0.4808175544151478,0.00023004777915413202,0.00026543974517784463,0.00033622367722526986
0.4810829941603256,0.00023004777915413202,0.00026543974517784463,0.00033622367722526986
0.48134843390550347,0.00023004777915413202,0.00026543974517784463,0.00033622367722526986
0.4816138736506813,0.00023004777915413202,0.00026543974517784463,0.0003499380640594586
0.48187931339585915,0.00023004777915413202,0.00026543974517784463,0.0003499380640594586
0.482144753141037,0.00023004777915413202,0.00026543974517784463,0.0003499380640594586
0.48241019288621484,0.00023004777915413202,0.00026543974517784463,0.0003499380640594586
0.4826756326313927,0.00023004777915413202,0.00026543974517784463,0.0003499380640594586
0.4829410723765705,0.00023004777915413202,0.00026543974517784463,0.0003499380640594586
0.48320651212174837,0.00023004777915413202,0.00026543974517784463,0.0003499380640594586
0.4834719518669262,0.00023004777915413202,0.00026543974517784463,0.0003499380640594586
0.48373739161210405,0.00023004777915413202,0.00026543974517784463,0.0003499380640594586
0.4840028313572819,0.00023004777915413202,0.00026543974517784463,0.0003499380640594586
0.48426827110245974,0.00023004777915413202,0.00026543974517784463,0.0003499380640594586
0.4845337108476376,0.00023004777915413202,0.00026543974517784463,0.0003499380640594586
0.4847991505928154,0.00023004777915413202,0.00026543974517784463,0.0003499380640594586
0.48506459033799326,0.00023004777915413202,0.00026543974517784463,0.0003499380640594586
0.4853300300831711,0.00023004777915413202,0.00026543974517784463,0.0003499380640594586
0.48559546982834895,0.00023004777915413202,0.00026543974517784463,0.0003499380640594586
0.4858609095735268,0.00023004777915413202,0.00026543974517784463,0.0003499380640594586
0.48612634931870463,0.00023004777915413202,0.00026543974517784463,0.0003499380640594586
0.4863917890638825,0.00023004777915413202,0.00026543974517784463,0.0003499380640594586
0.4866572288090603,0.00023004777915413202,0.00026543974517784463,0.00035391966023712616
0.4869226685542382,0.00023004777915413202,0.00026543974517784463,0.00035391966023712616
0.48718810829941606,0.00023004777915413202,0.00026543974517784463,0.00035391966023712616
0.4874535480445939,0.00023004777915413202,0.00026543974517784463,0.00035391966023712616
0.48771898778977174,0.00023004777915413202,0.00026543974517784463,0.00035391966023712616
0.4879844275349496,0.00023004777915413202,0.00026543974517784463,0.00035391966023712616
0.4882498672801274,0.00023004777915413202,0.00026543974517784463,0.00036763404707131493
0.48851530702530527,0.00023004777915413202,0.00026543974517784463,0.00036763404707131493
0.4887807467704831,0.00023004777915413202,0.0002742877366837728,0.00036763404707131493
0.48904618651566095,0.00023004777915413202,0.0002742877366837728,0.00036763404707131493
0.4893116262608388,0.00023004777915413202,0.0002831357281897009,0.00036763404707131493
0.48957706600601664,0.00023004777915413202,0.0002831357281897009,0.00036763404707131493
0.4898425057511945,0.00023004777915413202,0.0002831357281897009,0.00036763404707131493
0.4901079454963723,0.00023004777915413202,0.0002831357281897009,0.00036763404707131493
0.49037338524155016,0.00023004777915413202,0.0002831357281897009,0.00036763404707131493
0.490638824986728,0.00023004777915413202,0.0002831357281897009,0.00036763404707131493
0.49090426473190585,0.00023004777915413202,0.0002831357281897009,0.00036763404707131493
0.4911697044770837,0.00023004777915413202,0.0002831357281897009,0.00036763404707131493
0.49143514422226153,0.00023004777915413202,0.0002831357281897009,0.00036763404707131493
0.4917005839674394,0.00023004777915413202,0.0002831357281897009,0.00036763404707131493
0.4919660237126172,0.00023004777915413202,0.0002831357281897009,0.00036763404707131493
0.49223146345779506,0.00023004777915413202,0.0002831357281897009,0.00036763404707131493
0.4924969032029729,0.00023004777915413202,0.0002831357281897009,0.00036763404707131493
0.49276234294815074,0.00023004777915413202,0.0002831357281897009,0.00036763404707131493
0.4930277826933286,0.00023004777915413202,0.0002831357281897009,0.00036763404707131493
0.4932932224385065,0.00023004777915413202,0.0002831357281897009,0.0003716156432489825
0.4935586621836843,0.00023004777915413202,0.0002831357281897009,0.0003716156432489825
0.49382410192886217,0.00023004777915413202,0.0002831357281897009,0.0003716156432489825
0.49408954167404,0.00023004777915413202,0.0002831357281897009,0.0003716156432489825
0.49435498141921785,0.00023004777915413202,0.0002831357281897009,0.0003716156432489825
0.4946204211643957,0.00023004777915413202,0.0002831357281897009,0.0003716156432489825
0.49488586090957354,0.00023004777915413202,0.0002831357281897009,0.0003716156432489825
0.4951513006547514,0.00023004777915413202,0.0002831357281897009,0.0003716156432489825
0.4954167403999292,0.00023004777915413202,0.0002831357281897009,0.0003716156432489825
0.49568218014510707,0.00023004777915413202,0.0002831357281897009,0.0003716156432489825
0.4959476198902849,0.00023004777915413202,0.0002831357281897009,0.0003716156432489825
0.49621305963546275,0.00023004777915413202,0.0002831357281897009,0.0003716156432489825
0.4964784993806406,0.00023004777915413202,0.0002831357281897009,0.0003716156432489825
0.49674393912581843,0.00023004777915413202,0.0002831357281897009,0.0003716156432489825
0.4970093788709963,0.00023004777915413202,0.0002831357281897009,0.0003716156432489825
0.4972748186161741,0.00023004777915413202,0.0002831357281897009,0.0003716156432489825
0.49754025836135196,0.00023004777915413202,0.0002831357281897009,0.0003716156432489825
0.4978056981065298,0.00023004777915413202,0.0002831357281897009,0.0003716156432489825
0.49807113785170765,0.00023004777915413202,0.0002831357281897009,0.0003716156432489825
0.4983365775968855,0.00023004777915413202,0.0002831357281897009,0.0003716156432489825
0.49860201734206333,0.00023004777915413202,0.0002831357281897009,0.0003716156432489825
0.4988674570872412,0.00023004777915413202,0.0002831357281897009,0.0003716156432489825
0.499132896832419,0.00023004777915413202,0.0002831357281897009,0.0003716156432489825
0.4993983365775969,0.00023004777915413202,0.0002831357281897009,0.0003716156432489825
0.49966377632277476,0.00023004777915413202,0.0002831357281897009,0.0003716156432489825
0.4999292160679526,0.00023004777915413202,0.0002831357281897009,0.0003716156432489825
0.5001946558131304,0.00023004777915413202,0.0002831357281897009,0.0003716156432489825
0.5004600955583083,0.00023004777915413202,0.0002831357281897009,0.0003716156432489825
0.5007255353034861,0.00023004777915413202,0.0002831357281897009,0.0003716156432489825
0.500990975048664,0.00023004777915413202,0.0002831357281897009,0.0003716156432489825
0.5012564147938418,0.00023004777915413202,0.0002831357281897009,0.0003716156432489825
0.5015218545390197,0.00023004777915413202,0.0002831357281897009,0.0003716156432489825
0.5017872942841974,0.00023004777915413202,0.0002831357281897009,0.0003716156432489825
0.5020527340293753,0.00023004777915413202,0.0002831357281897009,0.0003716156432489825
0.5023181737745531,0.00023004777915413202,0.0002831357281897009,0.0003716156432489825
0.502583613519731,0.00023004777915413202,0.0002831357281897009,0.0003716156432489825
0.5028490532649089,0.00023004777915413202,0.0002831357281897009,0.0003716156432489825
0.5031144930100867,0.00023004777915413202,0.0002831357281897009,0.0003716156432489825
0.5033799327552646,0.00023004777915413202,0.0002831357281897009,0.0003716156432489825
0.5036453725004424,0.00023004777915413202,0.0002831357281897009,0.0003716156432489825
0.5039108122456203,0.00023004777915413202,0.0002831357281897009,0.0003716156432489825
0.5041762519907981,0.00023004777915413202,0.0002831357281897009,0.0003716156432489825
0.504441691735976,0.00023004777915413202,0.0002831357281897009,0.0003716156432489825
0.5047071314811538,0.00023004777915413202,0.0002831357281897009,0.0003716156432489825
0.5049548752433197,0.00023004777915413202,0.0002831357281897009,0.0003716156432489825
0.5052026190054858,0.00023004777915413202,0.0002831357281897009,0.0003716156432489825
0.5054503627676518,0.00023004777915413202,0.0002831357281897009,0.0003716156432489825
0.5056981065298177,0.00023004777915413202,0.0002831357281897009,0.0003716156432489825
0.5059458502919837,0.00023004777915413202,0.0002831357281897009,0.0003716156432489825
0.5061935940541497,0.00023004777915413202,0.0002831357281897009,0.0003716156432489825
0.5064413378163157,0.00023004777915413202,0.0002831357281897009,0.0003716156432489825
0.5066890815784817,0.00023004777915413202,0.0002831357281897009,0.0003716156432489825
0.5069368253406477,0.0002340293753317997,0.0002831357281897009,0.0003716156432489825
0.5071845691028136,0.0002340293753317997,0.0002831357281897009,0.0003716156432489825
0.5074323128649797,0.0002340293753317997,0.0002831357281897009,0.0003716156432489825
0.5076800566271457,0.0002340293753317997,0.0002831357281897009,0.0003716156432489825
0.5079278003893116,0.0002340293753317997,0.0002831357281897009,0.0003716156432489825
0.5081755441514776,0.0002340293753317997,0.0002831357281897009,0.0003716156432489825
0.5084232879136436,0.0002340293753317997,0.0002831357281897009,0.0003716156432489825
0.5086710316758096,0.00024774376216598834,0.0002831357281897009,0.0003716156432489825
0.5089187754379756,0.00024774376216598834,0.0002831357281897009,0.0003716156432489825
0.5091665192001416,0.00024774376216598834,0.0002831357281897009,0.0003716156432489825
0.5094142629623075,0.00024774376216598834,0.0002831357281897009,0.0003716156432489825
0.5096620067244736,0.00024774376216598834,0.0002831357281897009,0.0003716156432489825
0.5099097504866396,0.00024774376216598834,0.0002831357281897009,0.0003716156432489825
0.5101574942488055,0.00024774376216598834,0.0002831357281897009,0.0003716156432489825
0.5104052380109715,0.00024774376216598834,0.0002831357281897009,0.0003716156432489825
0.5106529817731374,0.00024774376216598834,0.0002831357281897009,0.0003716156432489825
0.5109007255353035,0.00024774376216598834,0.0002831357281897009,0.0003716156432489825
0.5111484692974695,0.00024774376216598834,0.0002831357281897009,0.0003716156432489825
0.5113962130596355,0.00024774376216598834,0.0002831357281897009,0.0003716156432489825
0.5116439568218014,0.00024774376216598834,0.0002831357281897009,0.0003716156432489825
0.5118917005839675,0.00024774376216598834,0.0002831357281897009,0.0003716156432489825
0.5121394443461335,0.00024774376216598834,0.0002831357281897009,0.0003716156432489825
0.5123871881082994,0.00024774376216598834,0.0002831357281897009,0.0003716156432489825
0.5126349318704654,0.00024774376216598834,0.0002831357281897009,0.0003716156432489825
0.5128826756326313,0.00024774376216598834,0.0002831357281897009,0.0003716156432489825
0.5131304193947974,0.00024774376216598834,0.0002831357281897009,0.0003716156432489825
0.5133781631569634,0.00024774376216598834,0.0002831357281897009,0.0003716156432489825
0.5136259069191293,0.00024774376216598834,0.0002831357281897009,0.0003716156432489825
0.5138736506812953,0.00024774376216598834,0.0002831357281897009,0.0003716156432489825
0.5141213944434614,0.00024774376216598834,0.0002831357281897009,0.0003716156432489825
0.5143691382056274,0.00024774376216598834,0.0002831357281897009,0.0003716156432489825
0.5146168819677933,0.00024774376216598834,0.0002831357281897009,0.0003716156432489825
0.5148646257299593,0.00024774376216598834,0.0002831357281897009,0.0003716156432489825
0.5151123694921252,0.00024774376216598834,0.0002831357281897009,0.0003716156432489825
0.5153601132542913,0.00024774376216598834,0.0002831357281897009,0.0003853300300831712
0.5156078570164573,0.00024774376216598834,0.00029198371969562905,0.0003853300300831712
0.5158556007786232,0.00024774376216598834,0.00029198371969562905,0.0003853300300831712
0.5161033445407892,0.00024774376216598834,0.00029198371969562905,0.0003853300300831712
0.5163510883029552,0.00024774376216598834,0.0003008317112015572,0.0003853300300831712
0.5165988320651212,0.00024774376216598834,0.0003008317112015572,0.0003853300300831712
0.5168465758272872,0.00024774376216598834,0.0003008317112015572,0.0003853300300831712
0.5170943195894532,0.00024774376216598834,0.0003008317112015572,0.0003853300300831712
0.5173420633516191,0.00024774376216598834,0.0003008317112015572,0.0003853300300831712
0.5175898071137852,0.00024774376216598834,0.0003008317112015572,0.0003853300300831712
0.5178375508759512,0.00024774376216598834,0.0003008317112015572,0.0003893116262608388
0.5180852946381171,0.00024774376216598834,0.0003008317112015572,0.0003893116262608388
0.5183330384002831,0.00024774376216598834,0.0003008317112015572,0.0003893116262608388
0.5185807821624491,0.00024774376216598834,0.0003008317112015572,0.0003893116262608388
0.5188285259246151,0.00024774376216598834,0.0003008317112015572,0.0003893116262608388
0.5190762696867811,0.00024774376216598834,0.0003008317112015572,0.0003893116262608388
0.5193240134489471,0.00024774376216598834,0.0003008317112015572,0.0003893116262608388
0.519571757211113,0.00024774376216598834,0.0003008317112015572,0.0003893116262608388
0.5198195009732791,0.00024774376216598834,0.0003008317112015572,0.0003893116262608388
0.5200672447354451,0.00024774376216598834,0.0003008317112015572,0.0003893116262608388
0.520314988497611,0.00024774376216598834,0.0003008317112015572,0.0003893116262608388
0.520562732259777,0.00024774376216598834,0.0003008317112015572,0.0003893116262608388
0.520810476021943,0.00024774376216598834,0.0003008317112015572,0.0003893116262608388
0.521058219784109,0.00024774376216598834,0.0003008317112015572,0.0003893116262608388
0.521305963546275,0.00024774376216598834,0.0003008317112015572,0.0003893116262608388
0.521553707308441,0.00024774376216598834,0.0003008317112015572,0.0003893116262608388
0.5218014510706069,0.00024774376216598834,0.0003008317112015572,0.0003893116262608388
0.522049194832773,0.00024774376216598834,0.0003008317112015572,0.0003893116262608388
0.522296938594939,0.00024774376216598834,0.0003008317112015572,0.0003893116262608388
0.5225446823571049,0.00024774376216598834,0.0003008317112015572,0.0003893116262608388
0.5227924261192709,0.00024774376216598834,0.0003008317112015572,0.0003893116262608388
0.5230401698814369,0.00024774376216598834,0.0003008317112015572,0.0003893116262608388
0.5232879136436029,0.00024774376216598834,0.0003008317112015572,0.0003893116262608388
0.5235356574057689,0.00024774376216598834,0.0003008317112015572,0.0003893116262608388
0.5237834011679349,0.00024774376216598834,0.0003008317112015572,0.0003893116262608388
0.5240311449301008,0.00024774376216598834,0.0003008317112015572,0.0003893116262608388
0.5242788886922669,0.00024774376216598834,0.0003008317112015572,0.0003893116262608388
0.5245266324544329,0.00024774376216598834,0.0003008317112015572,0.0003893116262608388
0.5247743762165988,0.00024774376216598834,0.0003008317112015572,0.0003893116262608388
0.5250221199787648,0.00024774376216598834,0.0003008317112015572,0.0003893116262608388
0.5252698637409308,0.00024774376216598834,0.0003008317112015572,0.0003893116262608388
0.5255176075030968,0.00024774376216598834,0.0003008317112015572,0.0004030260130950275
0.5257653512652628,0.00024774376216598834,0.0003008317112015572,0.0004030260130950275
0.5260130950274288,0.00024774376216598834,0.0003008317112015572,0.0004030260130950275
0.5262608387895947,0.00024774376216598834,0.0003008317112015572,0.0004070076092726951
0.5265085825517607,0.00024774376216598834,0.0003008317112015572,0.0004070076092726951
0.5267563263139268,0.00024774376216598834,0.0003008317112015572,0.0004070076092726951
0.5270040700760927,0.00024774376216598834,0.0003008317112015572,0.0004070076092726951
0.5272518138382587,0.00024774376216598834,0.0003008317112015572,0.0004070076092726951
0.5274995576004247,0.00024774376216598834,0.0003008317112015572,0.0004070076092726951
0.5277473013625907,0.00024774376216598834,0.0003008317112015572,0.0004070076092726951
0.5279950451247567,0.00024774376216598834,0.0003008317112015572,0.0004070076092726951
0.5282427888869227,0.00024774376216598834,0.0003008317112015572,0.0004070076092726951
0.5284905326490886,0.00024774376216598834,0.0003008317112015572,0.0004070076092726951
0.5287382764112546,0.00024774376216598834,0.0003008317112015572,0.0004070076092726951
0.5289860201734207,0.00024774376216598834,0.0003008317112015572,0.0004070076092726951
0.5292337639355866,0.00024774376216598834,0.0003008317112015572,0.0004207219961068838
0.5294815076977526,0.00024774376216598834,0.0003008317112015572,0.0004207219961068838
0.5297292514599186,0.00024774376216598834,0.0003008317112015572,0.0004247035922845514
0.5299769952220846,0.00024774376216598834,0.0003008317112015572,0.0004247035922845514
0.5302247389842506,0.00024774376216598834,0.0003008317112015572,0.0004247035922845514
0.5304724827464166,0.00024774376216598834,0.0003008317112015572,0.0004247035922845514
0.5307202265085825,0.00024774376216598834,0.0003008317112015572,0.0004247035922845514
0.5309679702707485,0.00024774376216598834,0.0003008317112015572,0.0004247035922845514
0.5312157140329146,0.000251725358343656,0.0003008317112015572,0.0004247035922845514
0.5314634577950805,0.000251725358343656,0.0003008317112015572,0.0004247035922845514
0.5317112015572465,0.000251725358343656,0.0003008317112015572,0.0004247035922845514
0.5319589453194125,0.000251725358343656,0.0003008317112015572,0.0004247035922845514
0.5322066890815785,0.000251725358343656,0.0003008317112015572,0.0004247035922845514
0.5324544328437445,0.000251725358343656,0.0003008317112015572,0.0004247035922845514
0.5327021766059105,0.000251725358343656,0.0003008317112015572,0.0004247035922845514
0.5329499203680764,0.000251725358343656,0.0003008317112015572,0.0004247035922845514
0.5331976641302424,0.00026543974517784463,0.0003008317112015572,0.00043841797911874016
0.5334454078924085,0.00026543974517784463,0.0003008317112015572,0.00043841797911874016
0.5336931516545744,0.00026543974517784463,0.0003008317112015572,0.00043841797911874016
0.5339408954167404,0.00026543974517784463,0.0003008317112015572,0.00043841797911874016
0.5341886391789064,0.00026543974517784463,0.0003008317112015572,0.00043841797911874016
0.5344363829410724,0.00026543974517784463,0.0003008317112015572,0.00043841797911874016
0.5346841267032384,0.00026543974517784463,0.0003008317112015572,0.00043841797911874016
0.5349318704654044,0.00026543974517784463,0.0003008317112015572,0.00043841797911874016
0.5351796142275703,0.00026543974517784463,0.0003008317112015572,0.00043841797911874016
0.5354273579897363,0.00026543974517784463,0.0003008317112015572,0.00043841797911874016
0.5356751017519024,0.00026543974517784463,0.0003008317112015572,0.00043841797911874016
0.5359228455140683,0.00026543974517784463,0.0003008317112015572,0.00043841797911874016
0.5361705892762343,0.00026543974517784463,0.0003008317112015572,0.00043841797911874016
0.5364183330384003,0.00026543974517784463,0.0003008317112015572,0.00043841797911874016
0.5366660768005662,0.00026543974517784463,0.0003008317112015572,0.00043841797911874016
0.5369138205627323,0.00026543974517784463,0.0003008317112015572,0.00043841797911874016
0.5371615643248983,0.00026543974517784463,0.0003008317112015572,0.00043841797911874016
0.5374093080870642,0.00026543974517784463,0.0003008317112015572,0.00043841797911874016
0.5376570518492302,0.00026543974517784463,0.0003008317112015572,0.00043841797911874016
0.5379047956113963,0.00026543974517784463,0.0003008317112015572,0.00043841797911874016
0.5381525393735622,0.00026543974517784463,0.0003008317112015572,0.00043841797911874016
0.5384002831357282,0.00026543974517784463,0.0003008317112015572,0.00043841797911874016
0.5386480268978941,0.00026543974517784463,0.0003008317112015572,0.00043841797911874016
0.5388957706600601,0.00026543974517784463,0.0003008317112015572,0.00043841797911874016
0.5391435144222262,0.00026543974517784463,0.0003008317112015572,0.00043841797911874016
0.5393912581843922,0.00026543974517784463,0.0003008317112015572,0.00043841797911874016
0.5396390019465581,0.00026543974517784463,0.0003008317112015572,0.00043841797911874016
0.5398867457087241,0.00026543974517784463,0.0003008317112015572,0.00043841797911874016
0.5401344894708902,0.00026543974517784463,0.0003008317112015572,0.00043841797911874016
0.5403645372500442,0.00026543974517784463,0.0003008317112015572,0.00043841797911874016
0.5405945850291983,0.00026543974517784463,0.0003008317112015572,0.00043841797911874016
0.5408246328083525,0.00026543974517784463,0.0003008317112015572,0.00043841797911874016
0.5410546805875066,0.00026543974517784463,0.0003096797027074854,0.00043841797911874016
0.5412847283666608,0.00026543974517784463,0.0003096797027074854,0.00043841797911874016
0.5415147761458149,0.00026543974517784463,0.0003096797027074854,0.00043841797911874016
0.541744823924969,0.00026543974517784463,0.0003096797027074854,0.00043841797911874016
0.5419748717041232,0.00026543974517784463,0.0003096797027074854,0.00043841797911874016
0.5422049194832773,0.00026543974517784463,0.0003096797027074854,0.00043841797911874016
0.5424349672624315,0.00026543974517784463,0.00031852769421341357,0.00043841797911874016
0.5426650150415856,0.00026543974517784463,0.00031852769421341357,0.00043841797911874016
0.5428950628207397,0.00026543974517784463,0.00031852769421341357,0.00043841797911874016
0.5431251105998939,0.00026543974517784463,0.00031852769421341357,0.00043841797911874016
0.5433551583790479,0.00026543974517784463,0.00031852769421341357,0.00043841797911874016
0.543585206158202,0.00026543974517784463,0.00031852769421341357,0.00043841797911874016
0.5438152539373562,0.00026543974517784463,0.00031852769421341357,0.00043841797911874016
0.5440453017165103,0.00026543974517784463,0.00031852769421341357,0.00043841797911874016
0.5442753494956645,0.00026543974517784463,0.00031852769421341357,0.00043841797911874016
0.5445053972748186,0.00026543974517784463,0.00031852769421341357,0.00043841797911874016
0.5447354450539728,0.00026543974517784463,0.00031852769421341357,0.00043841797911874016
0.5449654928331269,0.00026543974517784463,0.00031852769421341357,0.00043841797911874016
0.545195540612281,0.00026543974517784463,0.00031852769421341357,0.00043841797911874016
0.5454255883914352,0.00026543974517784463,0.00031852769421341357,0.00043841797911874016
0.5456556361705893,0.00026543974517784463,0.00031852769421341357,0.00043841797911874016
0.5458856839497435,0.00026543974517784463,0.00031852769421341357,0.00043841797911874016
0.5461157317288975,0.00026543974517784463,0.00031852769421341357,0.00043841797911874016
0.5463457795080516,0.00026543974517784463,0.00031852769421341357,0.00043841797911874016
0.5465758272872058,0.00026543974517784463,0.00031852769421341357,0.00043841797911874016
0.5468058750663599,0.00026543974517784463,0.00031852769421341357,0.00043841797911874016
0.547035922845514,0.00026543974517784463,0.00031852769421341357,0.00043841797911874016
0.5472659706246682,0.00026543974517784463,0.00031852769421341357,0.00043841797911874016
0.5474960184038223,0.00026543974517784463,0.00031852769421341357,0.00043841797911874016
0.5477260661829765,0.00026543974517784463,0.00031852769421341357,0.00043841797911874016
0.5479561139621306,0.00026543974517784463,0.00031852769421341357,0.00043841797911874016
0.5481861617412848,0.00026543974517784463,0.00031852769421341357,0.00043841797911874016
0.5484162095204389,0.00026543974517784463,0.00031852769421341357,0.00043841797911874016
0.548646257299593,0.00026543974517784463,0.00031852769421341357,0.00043841797911874016
0.5488763050787471,0.00026543974517784463,0.00031852769421341357,0.00043841797911874016
0.5491063528579012,0.00026543974517784463,0.00031852769421341357,0.00043841797911874016
0.5493364006370554,0.00026543974517784463,0.00031852769421341357,0.00043841797911874016
0.5495664484162095,0.00026543974517784463,0.00031852769421341357,0.00043841797911874016
0.5497964961953636,0.00026543974517784463,0.00031852769421341357,0.00043841797911874016
0.5500265439745178,0.00026543974517784463,0.00031852769421341357,0.00043841797911874016
0.5502565917536719,0.00026543974517784463,0.00031852769421341357,0.00043841797911874016
0.5504866395328261,0.00026543974517784463,0.00031852769421341357,0.00043841797911874016
0.5507166873119802,0.00026543974517784463,0.00031852769421341357,0.00043841797911874016
0.5509467350911343,0.00026543974517784463,0.00031852769421341357,0.00043841797911874016
0.5511767828702885,0.00026543974517784463,0.00031852769421341357,0.00043841797911874016
0.5514068306494426,0.00026543974517784463,0.00031852769421341357,0.00043841797911874016
0.5516368784285967,0.00026543974517784463,0.00031852769421341357,0.00043841797911874016
0.5518669262077508,0.00026543974517784463,0.00031852769421341357,0.00043841797911874016
0.5520969739869049,0.00026543974517784463,0.00031852769421341357,0.00043841797911874016
0.5523270217660591,0.00026543974517784463,0.00031852769421341357,0.00043841797911874016
0.5525570695452132,0.00026543974517784463,0.00031852769421341357,0.00043841797911874016
0.5527871173243674,0.00026543974517784463,0.00031852769421341357,0.00043841797911874016
0.5530171651035215,0.00026543974517784463,0.00031852769421341357,0.00043841797911874016
0.5532472128826756,0.00026543974517784463,0.00031852769421341357,0.00043841797911874016
0.5534772606618298,0.00026543974517784463,0.00031852769421341357,0.00043841797911874016
0.5537073084409839,0.00026543974517784463,0.00031852769421341357,0.00043841797911874016
0.5539373562201381,0.00026543974517784463,0.00031852769421341357,0.00043841797911874016
0.5541674039992922,0.00026543974517784463,0.00031852769421341357,0.00043841797911874016
0.5543974517784462,0.00026543974517784463,0.00031852769421341357,0.00043841797911874016
0.5546274995576004,0.00026543974517784463,0.00031852769421341357,0.00043841797911874016
0.5548575473367545,0.0002694213413555123,0.00031852769421341357,0.00043841797911874016
0.5550875951159087,0.0002694213413555123,0.00031852769421341357,0.00043841797911874016
0.5553176428950628,0.0002831357281897009,0.00031852769421341357,0.00043841797911874016
0.5555476906742169,0.0002831357281897009,0.00031852769421341357,0.00043841797911874016
0.5557777384533711,0.0002831357281897009,0.00031852769421341357,0.00044239957529640774
0.5560077862325252,0.0002831357281897009,0.00031852769421341357,0.00044239957529640774
0.5562378340116794,0.0002831357281897009,0.00031852769421341357,0.00044239957529640774
0.5564678817908335,0.0002831357281897009,0.00031852769421341357,0.00044239957529640774
0.5566979295699876,0.0002831357281897009,0.00031852769421341357,0.00044239957529640774
0.5569279773491418,0.0002831357281897009,0.00031852769421341357,0.00044239957529640774
0.5571580251282959,0.0002831357281897009,0.00033622367722526986,0.00044239957529640774
0.55738807290745,0.0002831357281897009,0.00033622367722526986,0.00044239957529640774
0.5576181206866041,0.0002831357281897009,0.00033622367722526986,0.00044239957529640774
0.5578481684657582,0.0002831357281897009,0.00033622367722526986,0.00044239957529640774
0.5580782162449124,0.0002831357281897009,0.00033622367722526986,0.00044239957529640774
0.5583082640240665,0.0002831357281897009,0.00033622367722526986,0.00044239957529640774
0.5585383118032207,0.0002831357281897009,0.00033622367722526986,0.00044239957529640774
0.5587683595823748,0.0002831357281897009,0.00033622367722526986,0.00044239957529640774
0.558998407361529,0.0002831357281897009,0.00033622367722526986,0.00044239957529640774
0.5592284551406831,0.0002831357281897009,0.00033622367722526986,0.00044239957529640774
0.5594585029198372,0.0002831357281897009,0.00033622367722526986,0.00044239957529640774
0.5596885506989914,0.0002831357281897009,0.00033622367722526986,0.00044239957529640774
0.5599185984781455,0.0002831357281897009,0.00033622367722526986,0.00044239957529640774
0.5601486462572995,0.0002831357281897009,0.00033622367722526986,0.00044239957529640774
0.5603786940364537,0.0002831357281897009,0.00033622367722526986,0.00044239957529640774
0.5606087418156078,0.0002831357281897009,0.00033622367722526986,0.00044239957529640774
0.560838789594762,0.0002831357281897009,0.00033622367722526986,0.00044239957529640774
0.5610688373739161,0.0002831357281897009,0.00033622367722526986,0.00044239957529640774
0.5612988851530702,0.0002831357281897009,0.00033622367722526986,0.00044239957529640774
0.5615289329322244,0.0002831357281897009,0.00033622367722526986,0.00044239957529640774
0.5617589807113785,0.0002831357281897009,0.00033622367722526986,0.00044239957529640774
0.5619890284905327,0.0002831357281897009,0.00033622367722526986,0.00044239957529640774
0.5622190762696868,0.0002831357281897009,0.00033622367722526986,0.00044239957529640774
0.562449124048841,0.0002831357281897009,0.00033622367722526986,0.00044239957529640774
0.5626791718279951,0.0002831357281897009,0.00033622367722526986,0.00044239957529640774
0.5629092196071491,0.0002831357281897009,0.00033622367722526986,0.00044239957529640774
0.5631392673863033,0.0002831357281897009,0.00033622367722526986,0.00044239957529640774
0.5633693151654574,0.0002831357281897009,0.00033622367722526986,0.00044239957529640774
0.5635993629446115,0.0002831357281897009,0.00033622367722526986,0.00044239957529640774
0.5638294107237657,0.0002831357281897009,0.00033622367722526986,0.00044239957529640774
0.5640594585029198,0.0002831357281897009,0.00033622367722526986,0.00044239957529640774
0.564289506282074,0.0002831357281897009,0.00033622367722526986,0.00044239957529640774
0.5645195540612281,0.0002831357281897009,0.00033622367722526986,0.00044239957529640774
0.5647496018403823,0.0002831357281897009,0.00033622367722526986,0.00044239957529640774
0.5649796496195364,0.0002831357281897009,0.00033622367722526986,0.00044239957529640774
0.5652096973986905,0.0002831357281897009,0.00033622367722526986,0.00044239957529640774
0.5654397451778447,0.0002831357281897009,0.00033622367722526986,0.00044239957529640774
0.5656697929569987,0.0002831357281897009,0.00033622367722526986,0.00044239957529640774
0.5658998407361528,0.0002831357281897009,0.00033622367722526986,0.00044239957529640774
0.566129888515307,0.0002831357281897009,0.00033622367722526986,0.00044239957529640774
0.5663599362944611,0.0002831357281897009,0.00033622367722526986,0.00044239957529640774
0.5665899840736153,0.0002831357281897009,0.00033622367722526986,0.00044239957529640774
0.5668200318527694,0.0002831357281897009,0.00033622367722526986,0.00044239957529640774
0.5670500796319236,0.0002831357281897009,0.00033622367722526986,0.00044239957529640774
0.5672801274110777,0.0002831357281897009,0.00033622367722526986,0.00044239957529640774
0.5675101751902318,0.0002831357281897009,0.00033622367722526986,0.00044239957529640774
0.567740222969386,0.0002831357281897009,0.00033622367722526986,0.00044239957529640774
0.5679702707485401,0.0002831357281897009,0.00033622367722526986,0.00044239957529640774
0.5682003185276943,0.0002831357281897009,0.00033622367722526986,0.00044239957529640774
0.5684303663068484,0.0002831357281897009,0.00033622367722526986,0.00044239957529640774
0.5686604140860024,0.0002831357281897009,0.00033622367722526986,0.00044239957529640774
0.5688904618651566,0.0002831357281897009,0.00033622367722526986,0.00044239957529640774
0.5691205096443107,0.0002831357281897009,0.00033622367722526986,0.00044239957529640774
0.5693505574234649,0.0002831357281897009,0.00033622367722526986,0.00044239957529640774
0.569580605202619,0.0002831357281897009,0.00033622367722526986,0.00044239957529640774
0.5698106529817731,0.0002831357281897009,0.00033622367722526986,0.00044239957529640774
0.5700407007609273,0.0002831357281897009,0.00033622367722526986,0.00044239957529640774
0.5702707485400814,0.0002831357281897009,0.00033622367722526986,0.00044239957529640774
0.5705007963192356,0.0002831357281897009,0.00033622367722526986,0.00044239957529640774
0.5707308440983897,0.0002831357281897009,0.00033622367722526986,0.00044239957529640774
0.5709608918775438,0.0002831357281897009,0.00033622367722526986,0.00044239957529640774
0.571190939656698,0.0002831357281897009,0.00033622367722526986,0.00044239957529640774
0.571420987435852,0.0002831357281897009,0.00033622367722526986,0.00044239957529640774
0.5716510352150062,0.0002831357281897009,0.00033622367722526986,0.00044239957529640774
0.5718810829941603,0.0002831357281897009,0.00033622367722526986,0.00044239957529640774
0.5721111307733144,0.0002831357281897009,0.00033622367722526986,0.00044239957529640774
0.5723411785524686,0.0002831357281897009,0.00033622367722526986,0.00044239957529640774
0.5725712263316227,0.0002831357281897009,0.00033622367722526986,0.00044239957529640774
0.5728012741107769,0.0002831357281897009,0.00033622367722526986,0.00044239957529640774
0.573031321889931,0.0002831357281897009,0.00033622367722526986,0.00044239957529640774
0.5732613696690851,0.0002831357281897009,0.00033622367722526986,0.00044239957529640774
0.5734914174482393,0.0002831357281897009,0.00033622367722526986,0.00044239957529640774
0.5737214652273934,0.0002831357281897009,0.00033622367722526986,0.00044239957529640774
0.5739515130065476,0.0002831357281897009,0.00033622367722526986,0.00044239957529640774
0.5741815607857016,0.0002831357281897009,0.00033622367722526986,0.00044239957529640774
0.5744116085648557,0.0002831357281897009,0.00033622367722526986,0.00045611396213059645
0.5746416563440099,0.0002831357281897009,0.00033622367722526986,0.00045611396213059645
0.574871704123164,0.0002831357281897009,0.00033622367722526986,0.00045611396213059645
0.5751017519023182,0.0002831357281897009,0.00033622367722526986,0.00045611396213059645
0.5753317996814723,0.0002871173243673686,0.00033622367722526986,0.00045611396213059645
0.5755441514776146,0.0002871173243673686,0.00033622367722526986,0.00045611396213059645
0.5757565032737568,0.0002871173243673686,0.00033622367722526986,0.00045611396213059645
0.5759688550698991,0.0002871173243673686,0.00033622367722526986,0.00046009555830826403
0.5761812068660415,0.0002871173243673686,0.00033622367722526986,0.00046009555830826403
0.5763935586621837,0.0002871173243673686,0.00033622367722526986,0.00046009555830826403
0.576605910458326,0.0002871173243673686,0.00033622367722526986,0.00046009555830826403
0.5768182622544682,0.0002871173243673686,0.00033622367722526986,0.00046009555830826403
0.5770306140506105,0.0003008317112015572,0.00033622367722526986,0.00046009555830826403
0.5772429658467528,0.0003008317112015572,0.00033622367722526986,0.00046009555830826403
0.577455317642895,0.0003008317112015572,0.00033622367722526986,0.00046009555830826403
0.5776676694390374,0.0003008317112015572,0.00033622367722526986,0.00046009555830826403
0.5778800212351796,0.0003008317112015572,0.00033622367722526986,0.00046009555830826403
0.5780923730313219,0.0003008317112015572,0.00033622367722526986,0.00046009555830826403
0.5783047248274642,0.0003008317112015572,0.00033622367722526986,0.00046009555830826403
0.5785170766236064,0.0003008317112015572,0.00033622367722526986,0.00046009555830826403
0.5787294284197487,0.0003008317112015572,0.000345071668731198,0.00046009555830826403
0.578941780215891,0.0003008317112015572,0.00035391966023712616,0.00046009555830826403
0.5791541320120333,0.0003008317112015572,0.00035391966023712616,0.00046009555830826403
0.5793664838081756,0.0003008317112015572,0.00035391966023712616,0.00046009555830826403
0.5795788356043178,0.0003008317112015572,0.00035391966023712616,0.00046009555830826403
0.5797911874004601,0.0003008317112015572,0.00035391966023712616,0.00046009555830826403
0.5800035391966024,0.0003008317112015572,0.00035391966023712616,0.00046009555830826403
0.5802158909927446,0.0003008317112015572,0.00035391966023712616,0.00046009555830826403
0.5804282427888869,0.0003008317112015572,0.00035391966023712616,0.00046009555830826403
0.5806405945850291,0.0003008317112015572,0.00035391966023712616,0.00046009555830826403
0.5808529463811715,0.0003008317112015572,0.00035391966023712616,0.00046009555830826403
0.5810652981773138,0.0003008317112015572,0.00035391966023712616,0.00046009555830826403
0.581277649973456,0.0003008317112015572,0.00035391966023712616,0.00046009555830826403
0.5814900017695983,0.0003008317112015572,0.00035391966023712616,0.00046009555830826403
0.5817023535657406,0.0003008317112015572,0.00035391966023712616,0.00046009555830826403
0.5819147053618828,0.0003008317112015572,0.00035391966023712616,0.00046009555830826403
0.5821270571580252,0.0003008317112015572,0.00035391966023712616,0.00046009555830826403
0.5823394089541674,0.0003008317112015572,0.00035391966023712616,0.00046009555830826403
0.5825517607503097,0.0003008317112015572,0.00035391966023712616,0.00046009555830826403
0.582764112546452,0.0003008317112015572,0.00035391966023712616,0.00046009555830826403
0.5829764643425942,0.0003008317112015572,0.00035391966023712616,0.00046009555830826403
0.5831888161387365,0.0003008317112015572,0.00035391966023712616,0.00046009555830826403
0.5834011679348787,0.0003008317112015572,0.00035391966023712616,0.00046009555830826403
0.583613519731021,0.0003008317112015572,0.00035391966023712616,0.00046009555830826403
0.5838258715271634,0.0003008317112015572,0.00035391966023712616,0.00046009555830826403
0.5840382233233056,0.0003008317112015572,0.00035391966023712616,0.00046009555830826403
0.5842505751194479,0.0003008317112015572,0.00035391966023712616,0.00047779154132012033
0.5844629269155902,0.0003008317112015572,0.00035391966023712616,0.00047779154132012033
0.5846752787117324,0.0003008317112015572,0.00035391966023712616,0.00047779154132012033
0.5848876305078747,0.0003008317112015572,0.00035391966023712616,0.00047779154132012033
0.5850999823040169,0.0003008317112015572,0.00035391966023712616,0.00047779154132012033
0.5853123341001593,0.0003008317112015572,0.00035391966023712616,0.00047779154132012033
0.5855246858963016,0.0003008317112015572,0.00035391966023712616,0.00047779154132012033
0.5857370376924438,0.0003008317112015572,0.00035391966023712616,0.00047779154132012033
0.5859493894885861,0.0003008317112015572,0.00035391966023712616,0.00047779154132012033
0.5861617412847284,0.0003008317112015572,0.00035391966023712616,0.00047779154132012033
0.5863740930808706,0.0003008317112015572,0.00035391966023712616,0.00047779154132012033
0.586586444877013,0.0003008317112015572,0.00035391966023712616,0.00047779154132012033
0.5867987966731552,0.0003008317112015572,0.00035391966023712616,0.00047779154132012033
0.5870111484692975,0.0003008317112015572,0.00035391966023712616,0.00047779154132012033
0.5872235002654398,0.0003008317112015572,0.00035391966023712616,0.00047779154132012033
0.587435852061582,0.0003008317112015572,0.00035391966023712616,0.00047779154132012033
0.5876482038577243,0.0003008317112015572,0.00035391966023712616,0.00047779154132012033
0.5878605556538665,0.0003008317112015572,0.00035391966023712616,0.00047779154132012033
0.5880729074500088,0.0003008317112015572,0.00035391966023712616,0.00047779154132012033
0.5882852592461512,0.0003008317112015572,0.00035391966023712616,0.00047779154132012033
0.5884976110422934,0.0003008317112015572,0.00035391966023712616,0.00047779154132012033
0.5887099628384357,0.0003008317112015572,0.00035391966023712616,0.00047779154132012033
0.588922314634578,0.0003008317112015572,0.00035391966023712616,0.00047779154132012033
0.5891346664307202,0.0003008317112015572,0.00035391966023712616,0.00047779154132012033
0.5893470182268625,0.0003008317112015572,0.00035391966023712616,0.00047779154132012033
0.5895593700230047,0.0003008317112015572,0.00035391966023712616,0.00047779154132012033
0.589771721819147,0.0003008317112015572,0.00035391966023712616,0.00047779154132012033
0.5899840736152894,0.0003008317112015572,0.00035391966023712616,0.00047779154132012033
0.5901964254114316,0.0003008317112015572,0.00035391966023712616,0.00047779154132012033
0.5904087772075739,0.0003008317112015572,0.00035391966023712616,0.00047779154132012033
0.5906211290037161,0.0003008317112015572,0.00035391966023712616,0.00047779154132012033
0.5908334807998584,0.0003008317112015572,0.00035391966023712616,0.00047779154132012033
0.5910458325960007,0.0003008317112015572,0.00035391966023712616,0.00047779154132012033
0.591258184392143,0.0003008317112015572,0.00035391966023712616,0.00047779154132012033
0.5914705361882853,0.0003008317112015572,0.00035391966023712616,0.00047779154132012033
0.5916828879844276,0.0003008317112015572,0.00035391966023712616,0.00047779154132012033
0.5918952397805698,0.0003008317112015572,0.00035391966023712616,0.00047779154132012033
0.5921075915767121,0.0003008317112015572,0.00035391966023712616,0.00047779154132012033
0.5923199433728543,0.0003048133073792249,0.00035391966023712616,0.00047779154132012033
0.5925322951689966,0.0003048133073792249,0.00035391966023712616,0.00047779154132012033
0.592744646965139,0.00031852769421341357,0.00035391966023712616,0.00047779154132012033
0.5929569987612812,0.00031852769421341357,0.00035391966023712616,0.00047779154132012033
0.5931693505574235,0.00031852769421341357,0.0003716156432489825,0.00047779154132012033
0.5933817023535657,0.00031852769421341357,0.0003716156432489825,0.00047779154132012033
0.593594054149708,0.00031852769421341357,0.0003716156432489825,0.00047779154132012033
0.5938064059458503,0.00031852769421341357,0.0003716156432489825,0.00047779154132012033
0.5940187577419925,0.00031852769421341357,0.0003716156432489825,0.00047779154132012033
0.5942311095381348,0.00031852769421341357,0.0003716156432489825,0.00047779154132012033
0.5944434613342772,0.00031852769421341357,0.0003716156432489825,0.00047779154132012033
0.5946558131304194,0.00031852769421341357,0.0003716156432489825,0.00047779154132012033
0.5948681649265617,0.00031852769421341357,0.0003716156432489825,0.00047779154132012033
0.5950805167227039,0.00031852769421341357,0.0003716156432489825,0.00047779154132012033
0.5952928685188462,0.00031852769421341357,0.0003716156432489825,0.00047779154132012033
0.5955052203149885,0.00031852769421341357,0.0003716156432489825,0.00047779154132012033
0.5957175721111307,0.00031852769421341357,0.0003716156432489825,0.00047779154132012033
0.5959299239072731,0.00031852769421341357,0.0003716156432489825,0.00047779154132012033
0.5961422757034153,0.00031852769421341357,0.0003716156432489825,0.00047779154132012033
0.5963546274995576,0.00031852769421341357,0.0003716156432489825,0.00047779154132012033
0.5965669792956999,0.00031852769421341357,0.0003716156432489825,0.00047779154132012033
0.5967793310918421,0.00031852769421341357,0.0003716156432489825,0.00047779154132012033
0.5969916828879844,0.00031852769421341357,0.0003716156432489825,0.00047779154132012033
0.5972040346841267,0.00031852769421341357,0.0003716156432489825,0.00047779154132012033
0.597416386480269,0.00031852769421341357,0.0003716156432489825,0.00047779154132012033
0.5976287382764113,0.00031852769421341357,0.0003716156432489825,0.00047779154132012033
0.5978410900725535,0.00031852769421341357,0.0003716156432489825,0.00047779154132012033
0.5980534418686958,0.00031852769421341357,0.0003716156432489825,0.00047779154132012033
0.5982657936648381,0.00031852769421341357,0.0003716156432489825,0.00047779154132012033
0.5984781454609803,0.00031852769421341357,0.0003716156432489825,0.00047779154132012033
0.5986904972571226,0.00031852769421341357,0.0003716156432489825,0.00047779154132012033
0.598902849053265,0.00031852769421341357,0.0003716156432489825,0.00047779154132012033
0.5991152008494072,0.00031852769421341357,0.0003716156432489825,0.00047779154132012033
0.5993275526455495,0.00031852769421341357,0.0003716156432489825,0.00047779154132012033
0.5995399044416917,0.00031852769421341357,0.0003716156432489825,0.00047779154132012033
0.599752256237834,0.00031852769421341357,0.0003716156432489825,0.00047779154132012033
0.5999646080339763,0.00031852769421341357,0.0003716156432489825,0.00047779154132012033
0.6001769598301185,0.00031852769421341357,0.0003716156432489825,0.00047779154132012033
0.6003893116262609,0.00031852769421341357,0.0003716156432489825,0.00047779154132012033
0.6006016634224031,0.00031852769421341357,0.0003716156432489825,0.00047779154132012033
0.6008140152185454,0.00031852769421341357,0.0003716156432489825,0.00047779154132012033
0.6010263670146877,0.00031852769421341357,0.0003716156432489825,0.00047779154132012033
0.6012387188108299,0.00031852769421341357,0.0003716156432489825,0.00047779154132012033
0.6014510706069722,0.00031852769421341357,0.0003716156432489825,0.00047779154132012033
0.6016634224031145,0.00031852769421341357,0.0003716156432489825,0.00047779154132012033
0.6018757741992568,0.00031852769421341357,0.0003716156432489825,0.00047779154132012033
0.6020881259953991,0.00031852769421341357,0.0003716156432489825,0.00047779154132012033
0.6023004777915413,0.00031852769421341357,0.0003716156432489825,0.00047779154132012033
0.6025128295876836,0.00031852769421341357,0.0003716156432489825,0.00047779154132012033
0.6027251813838259,0.00031852769421341357,0.0003716156432489825,0.00047779154132012033
0.6029375331799681,0.00031852769421341357,0.0003716156432489825,0.00047779154132012033
0.6031498849761104,0.00031852769421341357,0.0003716156432489825,0.00047779154132012033
0.6033622367722526,0.00031852769421341357,0.0003716156432489825,0.00047779154132012033
0.603574588568395,0.00031852769421341357,0.0003716156432489825,0.00047779154132012033
0.6037869403645373,0.00031852769421341357,0.0003716156432489825,0.00047779154132012033
0.6039992921606795,0.00031852769421341357,0.0003716156432489825,0.00047779154132012033
0.6042116439568218,0.00031852769421341357,0.0003804636347549107,0.00047779154132012033
0.6044239957529641,0.00031852769421341357,0.0003804636347549107,0.00047779154132012033
0.6046363475491063,0.00031852769421341357,0.0003804636347549107,0.00047779154132012033
0.6048486993452487,0.00031852769421341357,0.0003893116262608388,0.00047779154132012033
0.6050610511413909,0.00031852769421341357,0.0003893116262608388,0.00047779154132012033
0.6052734029375332,0.00031852769421341357,0.0003893116262608388,0.00047779154132012033
0.6054857547336755,0.00031852769421341357,0.0003893116262608388,0.00047779154132012033
0.6056981065298177,0.00031852769421341357,0.0003893116262608388,0.00047779154132012033
0.60591045832596,0.00031852769421341357,0.0003893116262608388,0.00047779154132012033
0.6061228101221022,0.00031852769421341357,0.0003893116262608388,0.00047779154132012033
0.6063351619182445,0.00031852769421341357,0.0003893116262608388,0.00047779154132012033
0.6065475137143869,0.00031852769421341357,0.0003893116262608388,0.00047779154132012033
0.6067598655105291,0.00031852769421341357,0.0003893116262608388,0.0004915059281543091
0.6069722173066714,0.00031852769421341357,0.0003893116262608388,0.0004915059281543091
0.6071845691028137,0.00031852769421341357,0.0003893116262608388,0.0004915059281543091
0.6073969208989559,0.00031852769421341357,0.0003893116262608388,0.0004915059281543091
0.6076092726950982,0.00031852769421341357,0.0003893116262608388,0.0004915059281543091
0.6078216244912404,0.00031852769421341357,0.0003893116262608388,0.0004915059281543091
0.6080339762873828,0.00031852769421341357,0.0003893116262608388,0.0004915059281543091
0.6082463280835251,0.00031852769421341357,0.0003893116262608388,0.0004915059281543091
0.6084586798796673,0.00031852769421341357,0.0003893116262608388,0.0004915059281543091
0.6086710316758096,0.00031852769421341357,0.0003893116262608388,0.0004915059281543091
0.6088833834719519,0.00031852769421341357,0.0003893116262608388,0.0004915059281543091
0.6090957352680941,0.00031852769421341357,0.0003893116262608388,0.0004915059281543091
0.6093080870642364,0.00031852769421341357,0.0003893116262608388,0.0004915059281543091
0.6095204388603787,0.00031852769421341357,0.0003893116262608388,0.0004915059281543091
0.609732790656521,0.00031852769421341357,0.0003893116262608388,0.0004915059281543091
0.6099451424526633,0.00031852769421341357,0.0003893116262608388,0.0004915059281543091
0.6101574942488055,0.00031852769421341357,0.0003893116262608388,0.0004954875243319767
0.6103698460449478,0.00031852769421341357,0.0003893116262608388,0.0004954875243319767
0.61058219784109,0.00031852769421341357,0.0003893116262608388,0.0004954875243319767
0.6107945496372323,0.00031852769421341357,0.0003893116262608388,0.0004954875243319767
0.6109892054503627,0.00031852769421341357,0.0003893116262608388,0.0004954875243319767
0.6111838612634932,0.00031852769421341357,0.0003893116262608388,0.0004954875243319767
0.6113785170766236,0.00031852769421341357,0.0003893116262608388,0.0004954875243319767
0.611573172889754,0.00031852769421341357,0.0003893116262608388,0.0004954875243319767
0.6117678287028845,0.00031852769421341357,0.0003893116262608388,0.0004954875243319767
0.6119624845160149,0.00031852769421341357,0.0003893116262608388,0.0004954875243319767
0.6121571403291453,0.00031852769421341357,0.0003893116262608388,0.0004954875243319767
0.6123517961422758,0.00031852769421341357,0.0003893116262608388,0.0004954875243319767
0.6125464519554061,0.00031852769421341357,0.0003893116262608388,0.0004954875243319767
0.6127411077685365,0.00031852769421341357,0.0003893116262608388,0.0004954875243319767
0.612935763581667,0.00031852769421341357,0.0003893116262608388,0.0004954875243319767
0.6131304193947974,0.00031852769421341357,0.0003893116262608388,0.0005092019111661653
0.6133250752079278,0.00031852769421341357,0.0003893116262608388,0.0005092019111661653
0.6135197310210582,0.00031852769421341357,0.0003893116262608388,0.0005092019111661653
0.6137143868341887,0.00031852769421341357,0.0003893116262608388,0.0005092019111661653
0.613909042647319,0.00031852769421341357,0.0003893116262608388,0.0005092019111661653
0.6141036984604494,0.00031852769421341357,0.0003893116262608388,0.0005092019111661653
0.6142983542735799,0.00031852769421341357,0.0003893116262608388,0.0005092019111661653
0.6144930100867103,0.00031852769421341357,0.0003893116262608388,0.0005092019111661653
0.6146876658998407,0.00031852769421341357,0.0003893116262608388,0.0005092019111661653
0.6148823217129712,0.00032250929039108126,0.0003893116262608388,0.0005092019111661653
0.6150769775261016,0.00033622367722526986,0.0003893116262608388,0.0005092019111661653
0.615271633339232,0.00033622367722526986,0.0003893116262608388,0.0005092019111661653
0.6154662891523625,0.00033622367722526986,0.0003893116262608388,0.0005092019111661653
0.6156609449654928,0.00033622367722526986,0.0003893116262608388,0.0005092019111661653
0.6158556007786232,0.00033622367722526986,0.0003893116262608388,0.0005092019111661653
0.6160502565917537,0.00033622367722526986,0.0003893116262608388,0.0005092019111661653
0.6162449124048841,0.00033622367722526986,0.0003893116262608388,0.0005092019111661653
0.6164395682180145,0.00033622367722526986,0.0003893116262608388,0.0005092019111661653
0.616634224031145,0.00033622367722526986,0.0003893116262608388,0.0005092019111661653
0.6168288798442754,0.00033622367722526986,0.0003893116262608388,0.0005092019111661653
0.6170235356574058,0.00033622367722526986,0.0003893116262608388,0.0005092019111661653
0.6172181914705361,0.00033622367722526986,0.0003893116262608388,0.0005092019111661653
0.6174128472836666,0.00033622367722526986,0.0003893116262608388,0.0005092019111661653
0.617607503096797,0.00033622367722526986,0.0003893116262608388,0.0005092019111661653
0.6178021589099274,0.00033622367722526986,0.0003893116262608388,0.0005092019111661653
0.6179968147230579,0.00033622367722526986,0.0003893116262608388,0.0005092019111661653
0.6181914705361883,0.00033622367722526986,0.0003893116262608388,0.0005092019111661653
0.6183861263493187,0.00033622367722526986,0.0003893116262608388,0.0005092019111661653
0.6185807821624492,0.00033622367722526986,0.0003893116262608388,0.0005092019111661653
0.6187754379755795,0.00033622367722526986,0.0003893116262608388,0.0005092019111661653
0.6189700937887099,0.00033622367722526986,0.0003893116262608388,0.0005092019111661653
0.6191647496018404,0.00033622367722526986,0.0003893116262608388,0.0005092019111661653
0.6193594054149708,0.00033622367722526986,0.0003893116262608388,0.0005092019111661653
0.6195540612281012,0.00033622367722526986,0.0003893116262608388,0.0005092019111661653
0.6197487170412317,0.00033622367722526986,0.0003893116262608388,0.0005092019111661653
0.6199433728543621,0.00033622367722526986,0.0003893116262608388,0.0005092019111661653
0.6201380286674925,0.00033622367722526986,0.0003893116262608388,0.0005092019111661653
0.620332684480623,0.00033622367722526986,0.0003893116262608388,0.0005092019111661653
0.6205273402937533,0.00033622367722526986,0.0003893116262608388,0.0005092019111661653
0.6207219961068837,0.00033622367722526986,0.0003893116262608388,0.0005092019111661653
0.6209166519200141,0.00033622367722526986,0.0003893116262608388,0.0005092019111661653
0.6211113077331446,0.00033622367722526986,0.0003893116262608388,0.0005092019111661653
0.621305963546275,0.00033622367722526986,0.0003893116262608388,0.0005092019111661653
0.6215006193594054,0.00033622367722526986,0.0003893116262608388,0.0005092019111661653
0.6216952751725359,0.00033622367722526986,0.0003893116262608388,0.0005092019111661653
0.6218899309856663,0.00033622367722526986,0.0003893116262608388,0.0005092019111661653
0.6220845867987966,0.00033622367722526986,0.0003893116262608388,0.0005092019111661653
0.6222792426119271,0.00033622367722526986,0.0003893116262608388,0.0005092019111661653
0.6224738984250575,0.00033622367722526986,0.0003893116262608388,0.0005092019111661653
0.6226685542381879,0.00033622367722526986,0.0004070076092726951,0.0005092019111661653
0.6228632100513184,0.00033622367722526986,0.0004070076092726951,0.0005092019111661653
0.6230578658644488,0.00033622367722526986,0.0004070076092726951,0.0005092019111661653
0.6232525216775792,0.00033622367722526986,0.0004070076092726951,0.0005092019111661653
0.6234471774907097,0.00033622367722526986,0.0004070076092726951,0.0005092019111661653
0.62364183330384,0.00033622367722526986,0.0004070076092726951,0.0005092019111661653
0.6238364891169704,0.00033622367722526986,0.0004070076092726951,0.0005092019111661653
0.6240311449301008,0.00033622367722526986,0.0004070076092726951,0.0005092019111661653
0.6242258007432313,0.00033622367722526986,0.0004070076092726951,0.0005092019111661653
0.6244204565563617,0.00033622367722526986,0.0004070076092726951,0.0005092019111661653
0.6246151123694921,0.00033622367722526986,0.0004070076092726951,0.0005092019111661653
0.6248097681826226,0.00033622367722526986,0.0004070076092726951,0.0005092019111661653
0.625004423995753,0.00033622367722526986,0.0004070076092726951,0.0005092019111661653
0.6251990798088833,0.00033622367722526986,0.0004070076092726951,0.0005092019111661653
0.6253937356220138,0.00033622367722526986,0.0004070076092726951,0.0005092019111661653
0.6255883914351442,0.00033622367722526986,0.0004070076092726951,0.0005131835073438329
0.6257830472482746,0.00033622367722526986,0.0004070076092726951,0.0005131835073438329
0.6259777030614051,0.00033622367722526986,0.0004070076092726951,0.0005131835073438329
0.6261723588745355,0.00033622367722526986,0.0004070076092726951,0.0005131835073438329
0.6263670146876659,0.00033622367722526986,0.0004070076092726951,0.0005131835073438329
0.6265616705007964,0.00033622367722526986,0.0004070076092726951,0.0005131835073438329
0.6267563263139267,0.00033622367722526986,0.0004070076092726951,0.0005131835073438329
0.6269509821270571,0.00033622367722526986,0.0004070076092726951,0.0005131835073438329
0.6271456379401876,0.00033622367722526986,0.0004070076092726951,0.0005131835073438329
0.627340293753318,0.00033622367722526986,0.0004070076092726951,0.0005131835073438329
0.6275349495664484,0.00033622367722526986,0.0004070076092726951,0.0005131835073438329
0.6277296053795788,0.00033622367722526986,0.0004070076092726951,0.0005131835073438329
0.6279242611927093,0.00033622367722526986,0.0004070076092726951,0.0005131835073438329
0.6281189170058397,0.00033622367722526986,0.0004070076092726951,0.0005131835073438329
0.62831357281897,0.00033622367722526986,0.0004070076092726951,0.0005131835073438329
0.6285082286321005,0.00033622367722526986,0.0004070076092726951,0.0005131835073438329
0.6287028844452309,0.00033622367722526986,0.0004070076092726951,0.0005131835073438329
0.6288975402583613,0.00033622367722526986,0.0004070076092726951,0.0005131835073438329
0.6290921960714918,0.00034020527340293755,0.0004070076092726951,0.0005131835073438329
0.6292868518846222,0.00035391966023712616,0.0004070076092726951,0.0005131835073438329
0.6294815076977526,0.00035391966023712616,0.0004070076092726951,0.0005131835073438329
0.6296761635108831,0.00035391966023712616,0.0004070076092726951,0.0005131835073438329
0.6298708193240135,0.00035391966023712616,0.0004070076092726951,0.0005131835073438329
0.6300654751371438,0.00035391966023712616,0.0004070076092726951,0.0005131835073438329
0.6302601309502743,0.00035391966023712616,0.0004070076092726951,0.0005131835073438329
0.6304547867634047,0.00035391966023712616,0.0004070076092726951,0.0005131835073438329
0.6306494425765351,0.00035391966023712616,0.0004070076092726951,0.0005131835073438329
0.6308440983896656,0.00035391966023712616,0.0004070076092726951,0.0005131835073438329
0.631038754202796,0.00035391966023712616,0.0004070076092726951,0.0005131835073438329
0.6312334100159264,0.00035391966023712616,0.0004070076092726951,0.0005131835073438329
0.6314280658290568,0.00035391966023712616,0.0004070076092726951,0.0005131835073438329
0.6316227216421872,0.00035391966023712616,0.0004070076092726951,0.0005131835073438329
0.6318173774553176,0.00035391966023712616,0.0004070076092726951,0.0005131835073438329
0.632012033268448,0.00035391966023712616,0.0004070076092726951,0.0005131835073438329
0.6322066890815785,0.00035391966023712616,0.0004070076092726951,0.0005131835073438329
0.6324013448947089,0.00035391966023712616,0.0004070076092726951,0.0005131835073438329
0.6325960007078393,0.00035391966023712616,0.0004070076092726951,0.0005131835073438329
0.6327906565209698,0.00035391966023712616,0.0004070076092726951,0.0005268978941780217
0.6329853123341002,0.00035391966023712616,0.0004070076092726951,0.0005268978941780217
0.6331799681472305,0.00035391966023712616,0.0004070076092726951,0.0005268978941780217
0.633374623960361,0.00035391966023712616,0.0004070076092726951,0.0005268978941780217
0.6335692797734914,0.00035391966023712616,0.0004070076092726951,0.0005268978941780217
0.6337639355866218,0.00035391966023712616,0.0004070076092726951,0.0005268978941780217
0.6339585913997523,0.00035391966023712616,0.0004070076092726951,0.0005268978941780217
0.6341532472128827,0.00035391966023712616,0.0004070076092726951,0.0005268978941780217
0.6343479030260131,0.00035391966023712616,0.0004070076092726951,0.0005268978941780217
0.6345425588391436,0.00035391966023712616,0.0004070076092726951,0.0005268978941780217
0.634737214652274,0.00035391966023712616,0.0004070076092726951,0.0005268978941780217
0.6349318704654043,0.00035391966023712616,0.0004070076092726951,0.0005268978941780217
0.6351265262785347,0.00035391966023712616,0.0004070076092726951,0.0005268978941780217
0.6353211820916652,0.00035391966023712616,0.0004070076092726951,0.0005268978941780217
0.6355158379047956,0.00035391966023712616,0.0004070076092726951,0.0005268978941780217
0.635710493717926,0.00035391966023712616,0.0004070076092726951,0.0005268978941780217
0.6359051495310565,0.00035391966023712616,0.0004070076092726951,0.0005268978941780217
0.6360998053441869,0.00035391966023712616,0.0004070076092726951,0.0005268978941780217
0.6362944611573172,0.00035391966023712616,0.0004070076092726951,0.0005268978941780217
0.6364891169704477,0.00035391966023712616,0.0004070076092726951,0.0005268978941780217
0.6366837727835781,0.00035391966023712616,0.0004070076092726951,0.0005268978941780217
0.6368784285967085,0.00035391966023712616,0.00041585560077862327,0.0005268978941780217
0.637073084409839,0.00035391966023712616,0.00041585560077862327,0.0005268978941780217
0.6372677402229694,0.00035391966023712616,0.0004247035922845514,0.0005268978941780217
0.6374623960360998,0.00035391966023712616,0.0004247035922845514,0.0005268978941780217
0.6376570518492303,0.00035391966023712616,0.0004247035922845514,0.0005268978941780217
0.6378517076623607,0.00035391966023712616,0.0004247035922845514,0.0005308794903556893
0.638046363475491,0.00035391966023712616,0.0004247035922845514,0.0005308794903556893
0.6382410192886215,0.00035391966023712616,0.0004247035922845514,0.0005308794903556893
0.6384356751017519,0.00035391966023712616,0.0004247035922845514,0.0005308794903556893
0.6386303309148823,0.00035391966023712616,0.0004247035922845514,0.0005308794903556893
0.6388249867280127,0.00035391966023712616,0.0004247035922845514,0.0005308794903556893
0.6390196425411432,0.00035391966023712616,0.0004247035922845514,0.0005308794903556893
0.6392142983542736,0.00035391966023712616,0.0004247035922845514,0.0005308794903556893
0.639408954167404,0.00035391966023712616,0.0004247035922845514,0.0005308794903556893
0.6396036099805344,0.00035391966023712616,0.0004247035922845514,0.0005308794903556893
0.6397982657936648,0.00035391966023712616,0.0004247035922845514,0.0005308794903556893
0.6399929216067952,0.00035391966023712616,0.0004247035922845514,0.0005308794903556893
0.6401875774199257,0.00035391966023712616,0.0004247035922845514,0.0005308794903556893
0.6403822332330561,0.00035391966023712616,0.0004247035922845514,0.0005308794903556893
0.6405768890461865,0.00035391966023712616,0.0004247035922845514,0.0005308794903556893
0.640771544859317,0.00035391966023712616,0.0004247035922845514,0.0005308794903556893
0.6409662006724474,0.00035391966023712616,0.0004247035922845514,0.0005308794903556893
0.6411608564855777,0.00035391966023712616,0.0004247035922845514,0.0005308794903556893
0.6413555122987082,0.00035391966023712616,0.0004247035922845514,0.0005308794903556893
0.6415501681118386,0.00035391966023712616,0.0004247035922845514,0.0005308794903556893
0.641744823924969,0.00035391966023712616,0.0004247035922845514,0.0005308794903556893
0.6419394797380995,0.00035391966023712616,0.0004247035922845514,0.0005308794903556893
0.6421341355512299,0.00035391966023712616,0.0004247035922845514,0.0005308794903556893
0.6423287913643603,0.00035391966023712616,0.0004247035922845514,0.0005308794903556893
0.6425234471774907,0.0003716156432489825,0.0004247035922845514,0.0005308794903556893
0.6427181029906212,0.0003716156432489825,0.0004247035922845514,0.0005308794903556893
0.6429127588037515,0.0003716156432489825,0.0004247035922845514,0.0005308794903556893
0.6431074146168819,0.0003716156432489825,0.0004247035922845514,0.0005308794903556893
0.6433020704300124,0.0003716156432489825,0.0004247035922845514,0.0005308794903556893
0.6434967262431428,0.0003716156432489825,0.0004247035922845514,0.0005308794903556893
0.6436913820562732,0.0003716156432489825,0.0004247035922845514,0.0005308794903556893
0.6438860378694037,0.0003716156432489825,0.0004247035922845514,0.0005308794903556893
0.6440806936825341,0.0003716156432489825,0.0004247035922845514,0.0005308794903556893
0.6442753494956645,0.0003716156432489825,0.0004247035922845514,0.0005308794903556893
0.644470005308795,0.0003716156432489825,0.0004247035922845514,0.0005308794903556893
0.6446646611219253,0.0003716156432489825,0.0004247035922845514,0.0005308794903556893
0.6448593169350557,0.0003716156432489825,0.0004247035922845514,0.0005308794903556893
0.6450539727481862,0.0003716156432489825,0.0004247035922845514,0.0005308794903556893
0.6452486285613166,0.0003716156432489825,0.0004247035922845514,0.0005308794903556893
0.645443284374447,0.0003716156432489825,0.0004247035922845514,0.0005308794903556893
0.6456379401875775,0.0003716156432489825,0.0004247035922845514,0.0005308794903556893
0.6458325960007079,0.0003716156432489825,0.0004247035922845514,0.0005308794903556893
0.6460272518138382,0.0003716156432489825,0.0004247035922845514,0.0005308794903556893
0.6462219076269686,0.0003716156432489825,0.0004247035922845514,0.0005308794903556893
0.6463988674570872,0.0003716156432489825,0.0004247035922845514,0.0005308794903556893
0.6465758272872058,0.0003716156432489825,0.0004247035922845514,0.0005308794903556893
0.6467527871173243,0.0003716156432489825,0.0004247035922845514,0.0005308794903556893
0.646929746947443,0.0003716156432489825,0.0004247035922845514,0.0005308794903556893
0.6471067067775615,0.0003716156432489825,0.0004247035922845514,0.0005308794903556893
0.6472836666076801,0.0003716156432489825,0.0004247035922845514,0.000544593877189878
0.6474606264377987,0.0003716156432489825,0.0004247035922845514,0.000544593877189878
0.6476375862679172,0.0003716156432489825,0.0004247035922845514,0.000544593877189878
0.6477968501150239,0.0003716156432489825,0.0004247035922845514,0.000544593877189878
0.6478145460980358,0.0003716156432489825,0.0004247035922845514,0.000544593877189878
